-- phpMyAdmin SQL Dump
-- version 5.2.3
-- https://www.phpmyadmin.net/
--
-- Host: localhost
-- Generation Time: Nov 06, 2025 at 10:11 AM
-- Server version: 10.6.22-MariaDB-0ubuntu0.22.04.1
-- PHP Version: 8.2.28

SET SQL_MODE = "NO_AUTO_VALUE_ON_ZERO";
START TRANSACTION;
SET time_zone = "+00:00";


/*!40101 SET @OLD_CHARACTER_SET_CLIENT=@@CHARACTER_SET_CLIENT */;
/*!40101 SET @OLD_CHARACTER_SET_RESULTS=@@CHARACTER_SET_RESULTS */;
/*!40101 SET @OLD_COLLATION_CONNECTION=@@COLLATION_CONNECTION */;
/*!40101 SET NAMES utf8mb4 */;

--
-- Database: `bhaviclients`
--

-- --------------------------------------------------------

--
-- Table structure for table `ci_sessions`
--

CREATE TABLE `ci_sessions` (
  `id` varchar(128) NOT NULL,
  `ip_address` varchar(45) NOT NULL,
  `timestamp` timestamp NOT NULL DEFAULT current_timestamp(),
  `data` blob NOT NULL
) ENGINE=InnoDB DEFAULT CHARSET=utf8mb4 COLLATE=utf8mb4_general_ci;

--
-- Dumping data for table `ci_sessions`
--

INSERT INTO `ci_sessions` (`id`, `ip_address`, `timestamp`, `data`) VALUES
('ci_session:cf6ca892dc5a11d99a26a6ecc1ae7d98', '::1', '2025-10-31 05:00:05', 0x5f5f63695f6c6173745f726567656e65726174657c693a313736313838363830353b5f63695f70726576696f75735f75726c7c733a35353a22687474703a2f2f6c6f63616c686f73742f6268617669636c69656e74732f696e6465782e7068702f7461736b2d6d616e6167656d656e74223b757365725f69647c733a323a223436223b66697273745f6e616d657c733a353a2261646d696e223b6c6173745f6e616d657c733a373a226d616e61676572223b656d61696c7c733a32323a2261646d696e6d616e6167657240676d61696c2e636f6d223b726f6c655f69647c733a313a2235223b726f6c655f6e616d657c733a31333a2241646d696e204d616e61676572223b636c69656e745f69647c4e3b656d706c6f7965655f69647c4e3b69734c6f67676564496e7c623a313b5f5f63695f766172737c613a303a7b7d),
('ci_session:cd4a5a1815459f6d6969f97d72dd73d0', '::1', '2025-10-31 05:06:04', 0x5f5f63695f6c6173745f726567656e65726174657c693a313736313838373136343b5f63695f70726576696f75735f75726c7c733a35383a22687474703a2f2f6c6f63616c686f73742f6268617669636c69656e74732f696e6465782e7068702f656d706c6f7965652d64617368626f617264223b757365725f69647c733a323a223435223b66697273745f6e616d657c733a363a2272616d657368223b6c6173745f6e616d657c733a353a2270696c6c69223b656d61696c7c733a31363a2272616d65736840676d61696c2e636f6d223b726f6c655f69647c733a313a2232223b726f6c655f6e616d657c733a383a22456d706c6f796565223b636c69656e745f69647c4e3b656d706c6f7965655f69647c733a323a223233223b69734c6f67676564496e7c623a313b),
('ci_session:e3327feb16c26d5f998c903dd9651862', '::1', '2025-10-31 05:46:49', 0x5f5f63695f6c6173745f726567656e65726174657c693a313736313838393630393b5f63695f70726576696f75735f75726c7c733a36313a22687474703a2f2f6c6f63616c686f73742f6268617669636c69656e74732f696e6465782e7068702f6d61696e74656e616e63652f636c69656e742f3139223b757365725f69647c733a313a2231223b66697273745f6e616d657c733a393a22626861766920707674223b6c6173745f6e616d657c733a393a226372656174696f6e73223b656d61696c7c733a313a2220223b726f6c655f69647c733a313a2231223b726f6c655f6e616d657c733a353a2241646d696e223b636c69656e745f69647c4e3b656d706c6f7965655f69647c4e3b69734c6f67676564496e7c623a313b737563636573737c733a33373a2250726f6a6563742064657461696c732075706461746564207375636365737366756c6c7921223b5f5f63695f766172737c613a313a7b733a373a2273756363657373223b733a333a226f6c64223b7d),
('ci_session:6643d88efdeae4051a3222fe7c5ab87f', '::1', '2025-10-31 05:09:26', 0x5f5f63695f6c6173745f726567656e65726174657c693a313736313838373336363b5f63695f70726576696f75735f75726c7c733a35353a22687474703a2f2f6c6f63616c686f73742f6268617669636c69656e74732f696e6465782e7068702f7461736b2d6d616e6167656d656e74223b757365725f69647c733a323a223436223b66697273745f6e616d657c733a353a2261646d696e223b6c6173745f6e616d657c733a373a226d616e61676572223b656d61696c7c733a32323a2261646d696e6d616e6167657240676d61696c2e636f6d223b726f6c655f69647c733a313a2235223b726f6c655f6e616d657c733a31333a2241646d696e204d616e61676572223b636c69656e745f69647c4e3b656d706c6f7965655f69647c4e3b69734c6f67676564496e7c623a313b5f5f63695f766172737c613a303a7b7d),
('ci_session:664ff2c763e7eb4953c8b3c25765aab9', '::1', '2025-10-31 05:05:38', 0x5f5f63695f6c6173745f726567656e65726174657c693a313736313838373133383b5f63695f70726576696f75735f75726c7c733a35363a22687474703a2f2f6c6f63616c686f73742f6268617669636c69656e74732f696e6465782e7068702f636c69656e742d64617368626f617264223b757365725f69647c733a323a223430223b66697273745f6e616d657c733a343a2252616a75223b6c6173745f6e616d657c733a353a226b6972616e223b656d61696c7c733a31393a227372696e697661736140676d61696c2e636f6d223b726f6c655f69647c733a313a2233223b726f6c655f6e616d657c733a373a22436c69656e7473223b636c69656e745f69647c733a323a223139223b656d706c6f7965655f69647c4e3b69734c6f67676564496e7c623a313b),
('ci_session:e65490cf7125b5f521a0cec1bd4e6cc3', '::1', '2025-10-31 05:10:40', 0x5f5f63695f6c6173745f726567656e65726174657c693a313736313838373434303b5f63695f70726576696f75735f75726c7c733a35323a22687474703a2f2f6c6f63616c686f73742f6268617669636c69656e74732f696e6465782e7068702f75706c6f61642d66696c6573223b757365725f69647c733a323a223430223b66697273745f6e616d657c733a343a2252616a75223b6c6173745f6e616d657c733a353a226b6972616e223b656d61696c7c733a31393a227372696e697661736140676d61696c2e636f6d223b726f6c655f69647c733a313a2233223b726f6c655f6e616d657c733a373a22436c69656e7473223b636c69656e745f69647c733a323a223139223b656d706c6f7965655f69647c4e3b69734c6f67676564496e7c623a313b5f5f63695f766172737c613a303a7b7d),
('ci_session:8359a71d76eeaacffd4704181b63a65c', '::1', '2025-10-31 05:25:03', 0x5f5f63695f6c6173745f726567656e65726174657c693a313736313838383330333b5f63695f70726576696f75735f75726c7c733a35353a22687474703a2f2f6c6f63616c686f73742f6268617669636c69656e74732f696e6465782e7068702f6d792d7461736b732f766965772f38223b757365725f69647c733a323a223435223b66697273745f6e616d657c733a363a2272616d657368223b6c6173745f6e616d657c733a353a2270696c6c69223b656d61696c7c733a31363a2272616d65736840676d61696c2e636f6d223b726f6c655f69647c733a313a2232223b726f6c655f6e616d657c733a383a22456d706c6f796565223b636c69656e745f69647c4e3b656d706c6f7965655f69647c733a323a223233223b69734c6f67676564496e7c623a313b5f5f63695f766172737c613a303a7b7d),
('ci_session:92c063eea9182ff018c379d32fe3f205', '::1', '2025-10-31 05:16:52', 0x5f5f63695f6c6173745f726567656e65726174657c693a313736313838373831323b5f63695f70726576696f75735f75726c7c733a35353a22687474703a2f2f6c6f63616c686f73742f6268617669636c69656e74732f696e6465782e7068702f7461736b2d6d616e6167656d656e74223b757365725f69647c733a323a223436223b66697273745f6e616d657c733a353a2261646d696e223b6c6173745f6e616d657c733a373a226d616e61676572223b656d61696c7c733a32323a2261646d696e6d616e6167657240676d61696c2e636f6d223b726f6c655f69647c733a313a2235223b726f6c655f6e616d657c733a31333a2241646d696e204d616e61676572223b636c69656e745f69647c4e3b656d706c6f7965655f69647c4e3b69734c6f67676564496e7c623a313b5f5f63695f766172737c613a303a7b7d),
('ci_session:cef8d759f7993cb6eeb33752c2dea143', '::1', '2025-10-31 05:16:52', 0x5f5f63695f6c6173745f726567656e65726174657c693a313736313838373831323b5f63695f70726576696f75735f75726c7c733a35323a22687474703a2f2f6c6f63616c686f73742f6268617669636c69656e74732f696e6465782e7068702f776f726b2d75706461746573223b757365725f69647c733a323a223430223b66697273745f6e616d657c733a343a2252616a75223b6c6173745f6e616d657c733a353a226b6972616e223b656d61696c7c733a31393a227372696e697661736140676d61696c2e636f6d223b726f6c655f69647c733a313a2233223b726f6c655f6e616d657c733a373a22436c69656e7473223b636c69656e745f69647c733a323a223139223b656d706c6f7965655f69647c4e3b69734c6f67676564496e7c623a313b),
('ci_session:b68324d7e91d26372315822a6012c61f', '::1', '2025-10-31 05:24:46', 0x5f5f63695f6c6173745f726567656e65726174657c693a313736313838383238363b5f63695f70726576696f75735f75726c7c733a35313a22687474703a2f2f6c6f63616c686f73742f6268617669636c69656e74732f696e6465782e7068702f766965772d776f726b2f38223b757365725f69647c733a323a223430223b66697273745f6e616d657c733a343a2252616a75223b6c6173745f6e616d657c733a353a226b6972616e223b656d61696c7c733a31393a227372696e697661736140676d61696c2e636f6d223b726f6c655f69647c733a313a2233223b726f6c655f6e616d657c733a373a22436c69656e7473223b636c69656e745f69647c733a323a223139223b656d706c6f7965655f69647c4e3b69734c6f67676564496e7c623a313b),
('ci_session:630f2e53faa1af206d756c68fb122160', '::1', '2025-10-31 05:22:00', 0x5f5f63695f6c6173745f726567656e65726174657c693a313736313838383132303b5f63695f70726576696f75735f75726c7c733a35353a22687474703a2f2f6c6f63616c686f73742f6268617669636c69656e74732f696e6465782e7068702f7461736b2d6d616e6167656d656e74223b757365725f69647c733a323a223436223b66697273745f6e616d657c733a353a2261646d696e223b6c6173745f6e616d657c733a373a226d616e61676572223b656d61696c7c733a32323a2261646d696e6d616e6167657240676d61696c2e636f6d223b726f6c655f69647c733a313a2235223b726f6c655f6e616d657c733a31333a2241646d696e204d616e61676572223b636c69656e745f69647c4e3b656d706c6f7965655f69647c4e3b69734c6f67676564496e7c623a313b5f5f63695f766172737c613a303a7b7d),
('ci_session:ffd7d388f00ec30bd1f0578e5c2af7ae', '::1', '2025-10-31 05:30:19', 0x5f5f63695f6c6173745f726567656e65726174657c693a313736313838383631393b5f63695f70726576696f75735f75726c7c733a35353a22687474703a2f2f6c6f63616c686f73742f6268617669636c69656e74732f696e6465782e7068702f7461736b2d6d616e6167656d656e74223b757365725f69647c733a323a223436223b66697273745f6e616d657c733a353a2261646d696e223b6c6173745f6e616d657c733a373a226d616e61676572223b656d61696c7c733a32323a2261646d696e6d616e6167657240676d61696c2e636f6d223b726f6c655f69647c733a313a2235223b726f6c655f6e616d657c733a31333a2241646d696e204d616e61676572223b636c69656e745f69647c4e3b656d706c6f7965655f69647c4e3b69734c6f67676564496e7c623a313b5f5f63695f766172737c613a303a7b7d),
('ci_session:56ea8858178d05d71b27e937c4b9cad7', '::1', '2025-10-31 05:39:38', 0x5f5f63695f6c6173745f726567656e65726174657c693a313736313838393137383b5f63695f70726576696f75735f75726c7c733a35363a22687474703a2f2f6c6f63616c686f73742f6268617669636c69656e74732f696e6465782e7068702f636c69656e742d64617368626f617264223b757365725f69647c733a323a223430223b66697273745f6e616d657c733a343a2252616a75223b6c6173745f6e616d657c733a353a226b6972616e223b656d61696c7c733a31393a227372696e697661736140676d61696c2e636f6d223b726f6c655f69647c733a313a2233223b726f6c655f6e616d657c733a373a22436c69656e7473223b636c69656e745f69647c733a323a223139223b656d706c6f7965655f69647c4e3b69734c6f67676564496e7c623a313b6572726f727c733a33393a224e6f20636c69656e74206173736f636961746564207769746820796f7572206163636f756e742e223b5f5f63695f766172737c613a313a7b733a353a226572726f72223b733a333a226f6c64223b7d),
('ci_session:97048ed2ba3af18d6d2e99e2582f7856', '::1', '2025-10-31 07:20:53', 0x5f5f63695f6c6173745f726567656e65726174657c693a313736313839353235333b5f63695f70726576696f75735f75726c7c733a34383a22687474703a2f2f6c6f63616c686f73742f6268617669636c69656e74732f696e6465782e7068702f6d792d7461736b73223b757365725f69647c733a323a223435223b66697273745f6e616d657c733a363a2272616d657368223b6c6173745f6e616d657c733a353a2270696c6c69223b656d61696c7c733a31363a2272616d65736840676d61696c2e636f6d223b726f6c655f69647c733a313a2232223b726f6c655f6e616d657c733a383a22456d706c6f796565223b636c69656e745f69647c4e3b656d706c6f7965655f69647c733a323a223233223b69734c6f67676564496e7c623a313b5f5f63695f766172737c613a303a7b7d),
('ci_session:04fbfdddc2ab7eb22f1efb9295c33535', '::1', '2025-10-31 05:35:24', 0x5f5f63695f6c6173745f726567656e65726174657c693a313736313838383932343b5f63695f70726576696f75735f75726c7c733a36323a22687474703a2f2f6c6f63616c686f73742f6268617669636c69656e74732f696e6465782e7068702f7765656b6c792d7363686564756c652f766965772f31223b757365725f69647c733a323a223436223b66697273745f6e616d657c733a353a2261646d696e223b6c6173745f6e616d657c733a373a226d616e61676572223b656d61696c7c733a32323a2261646d696e6d616e6167657240676d61696c2e636f6d223b726f6c655f69647c733a313a2235223b726f6c655f6e616d657c733a31333a2241646d696e204d616e61676572223b636c69656e745f69647c4e3b656d706c6f7965655f69647c4e3b69734c6f67676564496e7c623a313b5f5f63695f766172737c613a303a7b7d),
('ci_session:8a79654a58b481d3f11574ded402b85d', '::1', '2025-10-31 05:41:58', 0x5f5f63695f6c6173745f726567656e65726174657c693a313736313838393331383b5f63695f70726576696f75735f75726c7c733a36323a22687474703a2f2f6c6f63616c686f73742f6268617669636c69656e74732f696e6465782e7068702f7765656b6c792d7363686564756c652f766965772f31223b757365725f69647c733a323a223436223b66697273745f6e616d657c733a353a2261646d696e223b6c6173745f6e616d657c733a373a226d616e61676572223b656d61696c7c733a32323a2261646d696e6d616e6167657240676d61696c2e636f6d223b726f6c655f69647c733a313a2235223b726f6c655f6e616d657c733a31333a2241646d696e204d616e61676572223b636c69656e745f69647c4e3b656d706c6f7965655f69647c4e3b69734c6f67676564496e7c623a313b5f5f63695f766172737c613a303a7b7d),
('ci_session:c27ee1fadca6eaf65323e3288c4204ac', '::1', '2025-10-31 05:44:53', 0x5f5f63695f6c6173745f726567656e65726174657c693a313736313838393439333b5f63695f70726576696f75735f75726c7c733a35323a22687474703a2f2f6c6f63616c686f73742f6268617669636c69656e74732f696e6465782e7068702f73656c662d75706c6f616473223b757365725f69647c733a323a223430223b66697273745f6e616d657c733a343a2252616a75223b6c6173745f6e616d657c733a353a226b6972616e223b656d61696c7c733a31393a227372696e697661736140676d61696c2e636f6d223b726f6c655f69647c733a313a2233223b726f6c655f6e616d657c733a373a22436c69656e7473223b636c69656e745f69647c733a323a223139223b656d706c6f7965655f69647c4e3b69734c6f67676564496e7c623a313b),
('ci_session:bd1ac3199decec1335cd0a97a49b8e21', '::1', '2025-10-31 05:47:27', 0x5f5f63695f6c6173745f726567656e65726174657c693a313736313838393634373b5f63695f70726576696f75735f75726c7c733a34393a22687474703a2f2f6c6f63616c686f73742f6268617669636c69656e74732f696e6465782e7068702f64617368626f617264223b757365725f69647c733a323a223436223b66697273745f6e616d657c733a353a2261646d696e223b6c6173745f6e616d657c733a373a226d616e61676572223b656d61696c7c733a32323a2261646d696e6d616e6167657240676d61696c2e636f6d223b726f6c655f69647c733a313a2235223b726f6c655f6e616d657c733a31333a2241646d696e204d616e61676572223b636c69656e745f69647c4e3b656d706c6f7965655f69647c4e3b69734c6f67676564496e7c623a313b6572726f727c733a36323a224163636573732064656e6965642e20596f7520646f206e6f742068617665207065726d697373696f6e20746f20616363657373207468697320706167652e223b5f5f63695f766172737c613a313a7b733a353a226572726f72223b733a333a226f6c64223b7d),
('ci_session:1ea6bf15f7c44e8fd549168f203b8cce', '::1', '2025-10-31 05:55:46', 0x5f5f63695f6c6173745f726567656e65726174657c693a313736313839303134363b5f63695f70726576696f75735f75726c7c733a35383a22687474703a2f2f6c6f63616c686f73742f6268617669636c69656e74732f696e6465782e7068702f636c69656e742d6d61696e74656e616e6365223b757365725f69647c733a323a223430223b66697273745f6e616d657c733a343a2252616a75223b6c6173745f6e616d657c733a353a226b6972616e223b656d61696c7c733a31393a227372696e697661736140676d61696c2e636f6d223b726f6c655f69647c733a313a2233223b726f6c655f6e616d657c733a373a22436c69656e7473223b636c69656e745f69647c733a323a223139223b656d706c6f7965655f69647c4e3b69734c6f67676564496e7c623a313b),
('ci_session:82d504b199e84dbd5f93d3c6213b5dbf', '::1', '2025-10-31 05:51:52', 0x5f5f63695f6c6173745f726567656e65726174657c693a313736313838393931323b5f63695f70726576696f75735f75726c7c733a36313a22687474703a2f2f6c6f63616c686f73742f6268617669636c69656e74732f696e6465782e7068702f6d61696e74656e616e63652f636c69656e742f3139223b757365725f69647c733a313a2231223b66697273745f6e616d657c733a393a22626861766920707674223b6c6173745f6e616d657c733a393a226372656174696f6e73223b656d61696c7c733a313a2220223b726f6c655f69647c733a313a2231223b726f6c655f6e616d657c733a353a2241646d696e223b636c69656e745f69647c4e3b656d706c6f7965655f69647c4e3b69734c6f67676564496e7c623a313b5f5f63695f766172737c613a303a7b7d),
('ci_session:44fd25b976c1a6d6ab9d039c0dc72c62', '::1', '2025-10-31 05:54:08', 0x5f5f63695f6c6173745f726567656e65726174657c693a313736313839303034383b5f63695f70726576696f75735f75726c7c733a34393a22687474703a2f2f6c6f63616c686f73742f6268617669636c69656e74732f696e6465782e7068702f64617368626f617264223b757365725f69647c733a323a223436223b66697273745f6e616d657c733a353a2261646d696e223b6c6173745f6e616d657c733a373a226d616e61676572223b656d61696c7c733a32323a2261646d696e6d616e6167657240676d61696c2e636f6d223b726f6c655f69647c733a313a2235223b726f6c655f6e616d657c733a31333a2241646d696e204d616e61676572223b636c69656e745f69647c4e3b656d706c6f7965655f69647c4e3b69734c6f67676564496e7c623a313b),
('ci_session:d6a692daab3446b5900a769fe22e42c5', '::1', '2025-10-31 06:09:34', 0x5f5f63695f6c6173745f726567656e65726174657c693a313736313839303937343b5f63695f70726576696f75735f75726c7c733a36313a22687474703a2f2f6c6f63616c686f73742f6268617669636c69656e74732f696e6465782e7068702f6d61696e74656e616e63652f636c69656e742f3139223b757365725f69647c733a313a2231223b66697273745f6e616d657c733a393a22626861766920707674223b6c6173745f6e616d657c733a393a226372656174696f6e73223b656d61696c7c733a313a2220223b726f6c655f69647c733a313a2231223b726f6c655f6e616d657c733a353a2241646d696e223b636c69656e745f69647c4e3b656d706c6f7965655f69647c4e3b69734c6f67676564496e7c623a313b5f5f63695f766172737c613a303a7b7d),
('ci_session:9ddf3d4be79b98a5cc5662b31b318907', '::1', '2025-10-31 06:01:24', 0x5f5f63695f6c6173745f726567656e65726174657c693a313736313839303438343b5f63695f70726576696f75735f75726c7c733a34393a22687474703a2f2f6c6f63616c686f73742f6268617669636c69656e74732f696e6465782e7068702f64617368626f617264223b757365725f69647c733a323a223436223b66697273745f6e616d657c733a353a2261646d696e223b6c6173745f6e616d657c733a373a226d616e61676572223b656d61696c7c733a32323a2261646d696e6d616e6167657240676d61696c2e636f6d223b726f6c655f69647c733a313a2235223b726f6c655f6e616d657c733a31333a2241646d696e204d616e61676572223b636c69656e745f69647c4e3b656d706c6f7965655f69647c4e3b69734c6f67676564496e7c623a313b),
('ci_session:55faf4826cc4c89fbe654a6e662e5ceb', '::1', '2025-10-31 06:00:48', 0x5f5f63695f6c6173745f726567656e65726174657c693a313736313839303434383b5f63695f70726576696f75735f75726c7c733a35323a22687474703a2f2f6c6f63616c686f73742f6268617669636c69656e74732f696e6465782e7068702f73656c662d75706c6f616473223b757365725f69647c733a323a223430223b66697273745f6e616d657c733a343a2252616a75223b6c6173745f6e616d657c733a353a226b6972616e223b656d61696c7c733a31393a227372696e697661736140676d61696c2e636f6d223b726f6c655f69647c733a313a2233223b726f6c655f6e616d657c733a373a22436c69656e7473223b636c69656e745f69647c733a323a223139223b656d706c6f7965655f69647c4e3b69734c6f67676564496e7c623a313b5f5f63695f766172737c613a303a7b7d),
('ci_session:0a202f1001c8c5d7a2558959a3cfa1fe', '::1', '2025-10-31 06:05:51', 0x5f5f63695f6c6173745f726567656e65726174657c693a313736313839303735313b5f63695f70726576696f75735f75726c7c733a35363a22687474703a2f2f6c6f63616c686f73742f6268617669636c69656e74732f696e6465782e7068702f636c69656e742d64617368626f617264223b757365725f69647c733a323a223430223b66697273745f6e616d657c733a343a2252616a75223b6c6173745f6e616d657c733a353a226b6972616e223b656d61696c7c733a31393a227372696e697661736140676d61696c2e636f6d223b726f6c655f69647c733a313a2233223b726f6c655f6e616d657c733a373a22436c69656e7473223b636c69656e745f69647c733a323a223139223b656d706c6f7965655f69647c4e3b69734c6f67676564496e7c623a313b),
('ci_session:551519f0a61acfb965c844f5e976197b', '::1', '2025-10-31 06:07:46', 0x5f5f63695f6c6173745f726567656e65726174657c693a313736313839303836363b5f63695f70726576696f75735f75726c7c733a34393a22687474703a2f2f6c6f63616c686f73742f6268617669636c69656e74732f696e6465782e7068702f64617368626f617264223b757365725f69647c733a323a223436223b66697273745f6e616d657c733a353a2261646d696e223b6c6173745f6e616d657c733a373a226d616e61676572223b656d61696c7c733a32323a2261646d696e6d616e6167657240676d61696c2e636f6d223b726f6c655f69647c733a313a2235223b726f6c655f6e616d657c733a31333a2241646d696e204d616e61676572223b636c69656e745f69647c4e3b656d706c6f7965655f69647c4e3b69734c6f67676564496e7c623a313b),
('ci_session:87b71368f3445eeff9984d2c766f722b', '::1', '2025-10-31 06:11:00', 0x5f5f63695f6c6173745f726567656e65726174657c693a313736313839313036303b5f63695f70726576696f75735f75726c7c733a35343a22687474703a2f2f6c6f63616c686f73742f6268617669636c69656e74732f696e6465782e7068702f646f776e6c6f61642d66696c6573223b757365725f69647c733a323a223430223b66697273745f6e616d657c733a343a2252616a75223b6c6173745f6e616d657c733a353a226b6972616e223b656d61696c7c733a31393a227372696e697661736140676d61696c2e636f6d223b726f6c655f69647c733a313a2233223b726f6c655f6e616d657c733a373a22436c69656e7473223b636c69656e745f69647c733a323a223139223b656d706c6f7965655f69647c4e3b69734c6f67676564496e7c623a313b),
('ci_session:48324b70491bfde31ccebbb4b42d0e92', '::1', '2025-10-31 06:15:13', 0x5f5f63695f6c6173745f726567656e65726174657c693a313736313839313331333b5f63695f70726576696f75735f75726c7c733a34393a22687474703a2f2f6c6f63616c686f73742f6268617669636c69656e74732f696e6465782e7068702f64617368626f617264223b757365725f69647c733a323a223436223b66697273745f6e616d657c733a353a2261646d696e223b6c6173745f6e616d657c733a373a226d616e61676572223b656d61696c7c733a32323a2261646d696e6d616e6167657240676d61696c2e636f6d223b726f6c655f69647c733a313a2235223b726f6c655f6e616d657c733a31333a2241646d696e204d616e61676572223b636c69656e745f69647c4e3b656d706c6f7965655f69647c4e3b69734c6f67676564496e7c623a313b),
('ci_session:da206fac7cd6fe2ea370db886f5154f2', '::1', '2025-10-31 07:40:48', 0x5f5f63695f6c6173745f726567656e65726174657c693a313736313839363434383b5f63695f70726576696f75735f75726c7c733a35353a22687474703a2f2f6c6f63616c686f73742f6268617669636c69656e74732f696e6465782e7068702f757365722d6d616e6167656d656e74223b757365725f69647c733a313a2231223b66697273745f6e616d657c733a393a22626861766920707674223b6c6173745f6e616d657c733a393a226372656174696f6e73223b656d61696c7c733a313a2220223b726f6c655f69647c733a313a2231223b726f6c655f6e616d657c733a353a2241646d696e223b636c69656e745f69647c4e3b656d706c6f7965655f69647c4e3b69734c6f67676564496e7c623a313b5f5f63695f766172737c613a303a7b7d),
('ci_session:ac1a0cf5b67f9da32a9dfdaf90c7e473', '::1', '2025-10-31 06:32:54', 0x5f5f63695f6c6173745f726567656e65726174657c693a313736313839323337343b5f63695f70726576696f75735f75726c7c733a35383a22687474703a2f2f6c6f63616c686f73742f6268617669636c69656e74732f696e6465782e7068702f636c69656e742d6d61696e74656e616e6365223b757365725f69647c733a323a223430223b66697273745f6e616d657c733a343a2252616a75223b6c6173745f6e616d657c733a353a226b6972616e223b656d61696c7c733a31393a227372696e697661736140676d61696c2e636f6d223b726f6c655f69647c733a313a2233223b726f6c655f6e616d657c733a373a22436c69656e7473223b636c69656e745f69647c733a323a223139223b656d706c6f7965655f69647c4e3b69734c6f67676564496e7c623a313b5f5f63695f766172737c613a303a7b7d),
('ci_session:757608973a5d911794e865a229af4c25', '::1', '2025-10-31 06:22:09', 0x5f5f63695f6c6173745f726567656e65726174657c693a313736313839313732393b5f63695f70726576696f75735f75726c7c733a34353a22687474703a2f2f6c6f63616c686f73742f6268617669636c69656e74732f696e6465782e7068702f6c6f67696e223b757365725f69647c733a323a223437223b66697273745f6e616d657c733a343a2272616a61223b6c6173745f6e616d657c733a333a2272616d223b656d61696c7c733a32353a22636c69656e747372696e697661736140676d61696c2e636f6d223b726f6c655f69647c733a313a2234223b726f6c655f6e616d657c733a31343a22436c69656e74204d616e61676572223b636c69656e745f69647c4e3b656d706c6f7965655f69647c4e3b69734c6f67676564496e7c623a313b6572726f727c733a32393a22436c69656e7420696e666f726d6174696f6e206e6f7420666f756e642e223b5f5f63695f766172737c613a313a7b733a353a226572726f72223b733a333a226f6c64223b7d),
('ci_session:20c7909df2cd872396378acf2a87c2b5', '::1', '2025-10-31 06:30:15', 0x5f5f63695f6c6173745f726567656e65726174657c693a313736313839323231353b5f63695f70726576696f75735f75726c7c733a34393a22687474703a2f2f6c6f63616c686f73742f6268617669636c69656e74732f696e6465782e7068702f64617368626f617264223b757365725f69647c733a323a223436223b66697273745f6e616d657c733a353a2261646d696e223b6c6173745f6e616d657c733a373a226d616e61676572223b656d61696c7c733a32323a2261646d696e6d616e6167657240676d61696c2e636f6d223b726f6c655f69647c733a313a2235223b726f6c655f6e616d657c733a31333a2241646d696e204d616e61676572223b636c69656e745f69647c4e3b656d706c6f7965655f69647c4e3b69734c6f67676564496e7c623a313b),
('ci_session:f15b87f97f12c0abed2ec93b6e176ca7', '::1', '2025-10-31 06:31:33', 0x5f5f63695f6c6173745f726567656e65726174657c693a313736313839323239333b5f63695f70726576696f75735f75726c7c733a34353a22687474703a2f2f6c6f63616c686f73742f6268617669636c69656e74732f696e6465782e7068702f6c6f67696e223b757365725f69647c733a323a223437223b66697273745f6e616d657c733a343a2272616a61223b6c6173745f6e616d657c733a333a2272616d223b656d61696c7c733a32353a22636c69656e747372696e697661736140676d61696c2e636f6d223b726f6c655f69647c733a313a2234223b726f6c655f6e616d657c733a31343a22436c69656e74204d616e61676572223b636c69656e745f69647c4e3b656d706c6f7965655f69647c4e3b69734c6f67676564496e7c623a313b6572726f727c733a32393a22436c69656e7420696e666f726d6174696f6e206e6f7420666f756e642e223b5f5f63695f766172737c613a313a7b733a353a226572726f72223b733a333a226e6577223b7d),
('ci_session:f205408bccd6ee283867405ba5601131', '::1', '2025-10-31 06:41:03', 0x5f5f63695f6c6173745f726567656e65726174657c693a313736313839323836333b5f63695f70726576696f75735f75726c7c733a34393a22687474703a2f2f6c6f63616c686f73742f6268617669636c69656e74732f696e6465782e7068702f64617368626f617264223b757365725f69647c733a323a223436223b66697273745f6e616d657c733a353a2261646d696e223b6c6173745f6e616d657c733a373a226d616e61676572223b656d61696c7c733a32323a2261646d696e6d616e6167657240676d61696c2e636f6d223b726f6c655f69647c733a313a2235223b726f6c655f6e616d657c733a31333a2241646d696e204d616e61676572223b636c69656e745f69647c4e3b656d706c6f7965655f69647c4e3b69734c6f67676564496e7c623a313b),
('ci_session:d7e99593bba1d07f3601fa62c1b63568', '::1', '2025-10-31 06:38:22', 0x5f5f63695f6c6173745f726567656e65726174657c693a313736313839323730323b5f63695f70726576696f75735f75726c7c733a34353a22687474703a2f2f6c6f63616c686f73742f6268617669636c69656e74732f696e6465782e7068702f6c6f67696e223b757365725f69647c733a323a223437223b66697273745f6e616d657c733a343a2272616a61223b6c6173745f6e616d657c733a333a2272616d223b656d61696c7c733a32353a22636c69656e747372696e697661736140676d61696c2e636f6d223b726f6c655f69647c733a313a2234223b726f6c655f6e616d657c733a31343a22436c69656e74204d616e61676572223b636c69656e745f69647c4e3b656d706c6f7965655f69647c4e3b69734c6f67676564496e7c623a313b6572726f727c733a32393a22436c69656e7420696e666f726d6174696f6e206e6f7420666f756e642e223b5f5f63695f766172737c613a313a7b733a353a226572726f72223b733a333a226f6c64223b7d),
('ci_session:f82ab3ea8c945c71a6336f50e551a528', '::1', '2025-10-31 06:41:48', 0x5f5f63695f6c6173745f726567656e65726174657c693a313736313839323930383b5f63695f70726576696f75735f75726c7c733a35363a22687474703a2f2f6c6f63616c686f73742f6268617669636c69656e74732f696e6465782e7068702f636c69656e742d64617368626f617264223b757365725f69647c733a323a223430223b66697273745f6e616d657c733a343a2252616a75223b6c6173745f6e616d657c733a353a226b6972616e223b656d61696c7c733a31393a227372696e697661736140676d61696c2e636f6d223b726f6c655f69647c733a313a2233223b726f6c655f6e616d657c733a373a22436c69656e7473223b636c69656e745f69647c733a323a223139223b656d706c6f7965655f69647c4e3b69734c6f67676564496e7c623a313b),
('ci_session:9fed7e0bf8a8e965b9eb22b49836a33c', '::1', '2025-10-31 06:44:15', 0x5f5f63695f6c6173745f726567656e65726174657c693a313736313839333035353b5f63695f70726576696f75735f75726c7c733a34353a22687474703a2f2f6c6f63616c686f73742f6268617669636c69656e74732f696e6465782e7068702f6c6f67696e223b757365725f69647c733a323a223437223b66697273745f6e616d657c733a343a2272616a61223b6c6173745f6e616d657c733a333a2272616d223b656d61696c7c733a32353a22636c69656e747372696e697661736140676d61696c2e636f6d223b726f6c655f69647c733a313a2234223b726f6c655f6e616d657c733a31343a22436c69656e74204d616e61676572223b636c69656e745f69647c4e3b656d706c6f7965655f69647c4e3b69734c6f67676564496e7c623a313b6572726f727c733a32393a22436c69656e7420696e666f726d6174696f6e206e6f7420666f756e642e223b5f5f63695f766172737c613a313a7b733a353a226572726f72223b733a333a226e6577223b7d),
('ci_session:7977aec4609a434970ced2d0b7c91afe', '::1', '2025-10-31 06:55:17', 0x5f5f63695f6c6173745f726567656e65726174657c693a313736313839333731373b5f63695f70726576696f75735f75726c7c733a34393a22687474703a2f2f6c6f63616c686f73742f6268617669636c69656e74732f696e6465782e7068702f64617368626f617264223b757365725f69647c733a323a223436223b66697273745f6e616d657c733a353a2261646d696e223b6c6173745f6e616d657c733a373a226d616e61676572223b656d61696c7c733a32323a2261646d696e6d616e6167657240676d61696c2e636f6d223b726f6c655f69647c733a313a2235223b726f6c655f6e616d657c733a31333a2241646d696e204d616e61676572223b636c69656e745f69647c4e3b656d706c6f7965655f69647c4e3b69734c6f67676564496e7c623a313b),
('ci_session:51c5c83a0ed3b58c2635487bcb232f11', '::1', '2025-10-31 06:55:37', 0x5f5f63695f6c6173745f726567656e65726174657c693a313736313839333733373b5f63695f70726576696f75735f75726c7c733a35363a22687474703a2f2f6c6f63616c686f73742f6268617669636c69656e74732f696e6465782e7068702f636c69656e742d64617368626f617264223b757365725f69647c733a323a223430223b66697273745f6e616d657c733a343a2252616a75223b6c6173745f6e616d657c733a353a226b6972616e223b656d61696c7c733a31393a227372696e697661736140676d61696c2e636f6d223b726f6c655f69647c733a313a2233223b726f6c655f6e616d657c733a373a22436c69656e7473223b636c69656e745f69647c733a323a223139223b656d706c6f7965655f69647c4e3b69734c6f67676564496e7c623a313b),
('ci_session:08d6b38902f7d8e234f52b74e4413ea4', '::1', '2025-10-31 06:44:17', 0x5f5f63695f6c6173745f726567656e65726174657c693a313736313839333035353b5f63695f70726576696f75735f75726c7c733a34353a22687474703a2f2f6c6f63616c686f73742f6268617669636c69656e74732f696e6465782e7068702f6c6f67696e223b757365725f69647c733a323a223437223b66697273745f6e616d657c733a343a2272616a61223b6c6173745f6e616d657c733a333a2272616d223b656d61696c7c733a32353a22636c69656e747372696e697661736140676d61696c2e636f6d223b726f6c655f69647c733a313a2234223b726f6c655f6e616d657c733a31343a22436c69656e74204d616e61676572223b636c69656e745f69647c4e3b656d706c6f7965655f69647c4e3b69734c6f67676564496e7c623a313b6572726f727c733a32393a22436c69656e7420696e666f726d6174696f6e206e6f7420666f756e642e223b5f5f63695f766172737c613a313a7b733a353a226572726f72223b733a333a226f6c64223b7d),
('ci_session:e191b7a3174021c7e3407de2967e11df', '::1', '2025-10-31 06:50:53', 0x5f5f63695f6c6173745f726567656e65726174657c693a313736313839333435333b5f63695f70726576696f75735f75726c7c733a34353a22687474703a2f2f6c6f63616c686f73742f6268617669636c69656e74732f696e6465782e7068702f6c6f67696e223b757365725f69647c733a323a223437223b66697273745f6e616d657c733a343a2272616a61223b6c6173745f6e616d657c733a333a2272616d223b656d61696c7c733a32353a22636c69656e747372696e697661736140676d61696c2e636f6d223b726f6c655f69647c733a313a2234223b726f6c655f6e616d657c733a31343a22436c69656e74204d616e61676572223b636c69656e745f69647c4e3b656d706c6f7965655f69647c4e3b69734c6f67676564496e7c623a313b6572726f727c733a32393a22436c69656e7420696e666f726d6174696f6e206e6f7420666f756e642e223b5f5f63695f766172737c613a313a7b733a353a226572726f72223b733a333a226e6577223b7d),
('ci_session:ef203e63cc2ce0d98d000da8db63821c', '::1', '2025-10-31 06:55:54', 0x5f5f63695f6c6173745f726567656e65726174657c693a313736313839333735343b5f63695f70726576696f75735f75726c7c733a35363a22687474703a2f2f6c6f63616c686f73742f6268617669636c69656e74732f696e6465782e7068702f636c69656e742d64617368626f617264223b757365725f69647c733a323a223437223b66697273745f6e616d657c733a343a2272616a61223b6c6173745f6e616d657c733a333a2272616d223b656d61696c7c733a32353a22636c69656e747372696e697661736140676d61696c2e636f6d223b726f6c655f69647c733a313a2234223b726f6c655f6e616d657c733a31343a22436c69656e74204d616e61676572223b636c69656e745f69647c4e3b656d706c6f7965655f69647c4e3b69734c6f67676564496e7c623a313b6572726f727c733a32393a22436c69656e7420696e666f726d6174696f6e206e6f7420666f756e642e223b5f5f63695f766172737c613a313a7b733a353a226572726f72223b733a333a226e6577223b7d),
('ci_session:cdbca761163523597f4e2fa39a807775', '::1', '2025-10-31 07:07:04', 0x5f5f63695f6c6173745f726567656e65726174657c693a313736313839343432343b5f63695f70726576696f75735f75726c7c733a34393a22687474703a2f2f6c6f63616c686f73742f6268617669636c69656e74732f696e6465782e7068702f64617368626f617264223b757365725f69647c733a323a223436223b66697273745f6e616d657c733a353a2261646d696e223b6c6173745f6e616d657c733a373a226d616e61676572223b656d61696c7c733a32323a2261646d696e6d616e6167657240676d61696c2e636f6d223b726f6c655f69647c733a313a2235223b726f6c655f6e616d657c733a31333a2241646d696e204d616e61676572223b636c69656e745f69647c4e3b656d706c6f7965655f69647c4e3b69734c6f67676564496e7c623a313b),
('ci_session:bd5f7ee282e5bd4fb9d35f2b6ced7b24', '::1', '2025-10-31 07:07:15', 0x5f5f63695f6c6173745f726567656e65726174657c693a313736313839343433353b5f63695f70726576696f75735f75726c7c733a35363a22687474703a2f2f6c6f63616c686f73742f6268617669636c69656e74732f696e6465782e7068702f636c69656e742d64617368626f617264223b757365725f69647c733a323a223430223b66697273745f6e616d657c733a343a2252616a75223b6c6173745f6e616d657c733a353a226b6972616e223b656d61696c7c733a31393a227372696e697661736140676d61696c2e636f6d223b726f6c655f69647c733a313a2233223b726f6c655f6e616d657c733a373a22436c69656e7473223b636c69656e745f69647c733a323a223139223b656d706c6f7965655f69647c4e3b69734c6f67676564496e7c623a313b),
('ci_session:fafa38f6f17d91d40da42878bd0d290a', '::1', '2025-10-31 07:01:54', 0x5f5f63695f6c6173745f726567656e65726174657c693a313736313839343131343b5f63695f70726576696f75735f75726c7c733a35323a22687474703a2f2f6c6f63616c686f73742f6268617669636c69656e74732f696e6465782e7068702f73656c662d75706c6f616473223b757365725f69647c733a323a223437223b66697273745f6e616d657c733a343a2272616a61223b6c6173745f6e616d657c733a333a2272616d223b656d61696c7c733a32353a22636c69656e747372696e697661736140676d61696c2e636f6d223b726f6c655f69647c733a313a2234223b726f6c655f6e616d657c733a31343a22436c69656e74204d616e61676572223b636c69656e745f69647c4e3b656d706c6f7965655f69647c4e3b69734c6f67676564496e7c623a313b5f5f63695f766172737c613a303a7b7d),
('ci_session:8703c34971fe62c9f4851783c2011d7c', '::1', '2025-10-31 07:07:09', 0x5f5f63695f6c6173745f726567656e65726174657c693a313736313839343432393b5f63695f70726576696f75735f75726c7c733a35383a22687474703a2f2f6c6f63616c686f73742f6268617669636c69656e74732f696e6465782e7068702f636c69656e742d6d61696e74656e616e6365223b757365725f69647c733a323a223437223b66697273745f6e616d657c733a343a2272616a61223b6c6173745f6e616d657c733a333a2272616d223b656d61696c7c733a32353a22636c69656e747372696e697661736140676d61696c2e636f6d223b726f6c655f69647c733a313a2234223b726f6c655f6e616d657c733a31343a22436c69656e74204d616e61676572223b636c69656e745f69647c4e3b656d706c6f7965655f69647c4e3b69734c6f67676564496e7c623a313b5f5f63695f766172737c613a303a7b7d),
('ci_session:bad358a6af34b46ec8dd53350d750745', '::1', '2025-10-31 07:21:54', 0x5f5f63695f6c6173745f726567656e65726174657c693a313736313839353331343b5f63695f70726576696f75735f75726c7c733a34393a22687474703a2f2f6c6f63616c686f73742f6268617669636c69656e74732f696e6465782e7068702f64617368626f617264223b757365725f69647c733a323a223436223b66697273745f6e616d657c733a353a2261646d696e223b6c6173745f6e616d657c733a373a226d616e61676572223b656d61696c7c733a32323a2261646d696e6d616e6167657240676d61696c2e636f6d223b726f6c655f69647c733a313a2235223b726f6c655f6e616d657c733a31333a2241646d696e204d616e61676572223b636c69656e745f69647c4e3b656d706c6f7965655f69647c4e3b69734c6f67676564496e7c623a313b),
('ci_session:51beee9efd8a012707fabc9bc2ec384a', '::1', '2025-10-31 07:20:40', 0x5f5f63695f6c6173745f726567656e65726174657c693a313736313839353234303b5f63695f70726576696f75735f75726c7c733a35383a22687474703a2f2f6c6f63616c686f73742f6268617669636c69656e74732f696e6465782e7068702f636c69656e742d6d61696e74656e616e6365223b757365725f69647c733a323a223437223b66697273745f6e616d657c733a343a2272616a61223b6c6173745f6e616d657c733a333a2272616d223b656d61696c7c733a32353a22636c69656e747372696e697661736140676d61696c2e636f6d223b726f6c655f69647c733a313a2234223b726f6c655f6e616d657c733a31343a22436c69656e74204d616e61676572223b636c69656e745f69647c4e3b656d706c6f7965655f69647c4e3b69734c6f67676564496e7c623a313b5f5f63695f766172737c613a303a7b7d),
('ci_session:e352b16cc57ea38f78fda41efe5959a7', '::1', '2025-10-31 07:20:45', 0x5f5f63695f6c6173745f726567656e65726174657c693a313736313839353234353b5f63695f70726576696f75735f75726c7c733a35363a22687474703a2f2f6c6f63616c686f73742f6268617669636c69656e74732f696e6465782e7068702f636c69656e742d64617368626f617264223b757365725f69647c733a323a223430223b66697273745f6e616d657c733a343a2252616a75223b6c6173745f6e616d657c733a353a226b6972616e223b656d61696c7c733a31393a227372696e697661736140676d61696c2e636f6d223b726f6c655f69647c733a313a2233223b726f6c655f6e616d657c733a373a22436c69656e7473223b636c69656e745f69647c733a323a223139223b656d706c6f7965655f69647c4e3b69734c6f67676564496e7c623a313b),
('ci_session:7ddc19953b3bc0e99ae9da83ad7bd801', '::1', '2025-10-31 07:21:50', 0x5f5f63695f6c6173745f726567656e65726174657c693a313736313839353234303b5f63695f70726576696f75735f75726c7c733a34373a22687474703a2f2f6c6f63616c686f73742f6268617669636c69656e74732f696e6465782e7068702f70726f66696c65223b757365725f69647c733a323a223437223b66697273745f6e616d657c733a343a2272616a61223b6c6173745f6e616d657c733a333a2272616d223b656d61696c7c733a32353a22636c69656e747372696e697661736140676d61696c2e636f6d223b726f6c655f69647c733a313a2234223b726f6c655f6e616d657c733a31343a22436c69656e74204d616e61676572223b636c69656e745f69647c4e3b656d706c6f7965655f69647c4e3b69734c6f67676564496e7c623a313b5f5f63695f766172737c613a303a7b7d),
('ci_session:097fd36379c4ac07c20b6b3765c2cfa2', '::1', '2025-10-31 09:05:05', 0x5f5f63695f6c6173745f726567656e65726174657c693a313736313930313530353b5f63695f70726576696f75735f75726c7c733a35383a22687474703a2f2f6c6f63616c686f73742f6268617669636c69656e74732f696e6465782e7068702f636c69656e742d6d61696e74656e616e6365223b757365725f69647c733a323a223430223b66697273745f6e616d657c733a343a2252616a75223b6c6173745f6e616d657c733a353a226b6972616e223b656d61696c7c733a31393a227372696e697661736140676d61696c2e636f6d223b726f6c655f69647c733a313a2233223b726f6c655f6e616d657c733a373a22436c69656e7473223b636c69656e745f69647c733a323a223139223b656d706c6f7965655f69647c4e3b69734c6f67676564496e7c623a313b5f5f63695f766172737c613a303a7b7d),
('ci_session:429556ab3747b3e6d293262e68fd9a8c', '::1', '2025-10-31 07:53:38', 0x5f5f63695f6c6173745f726567656e65726174657c693a313736313839373231383b5f63695f70726576696f75735f75726c7c733a35383a22687474703a2f2f6c6f63616c686f73742f6268617669636c69656e74732f696e6465782e7068702f656d706c6f7965652d64617368626f617264223b757365725f69647c733a323a223435223b66697273745f6e616d657c733a363a2272616d657368223b6c6173745f6e616d657c733a353a2270696c6c69223b656d61696c7c733a31363a2272616d65736840676d61696c2e636f6d223b726f6c655f69647c733a313a2232223b726f6c655f6e616d657c733a383a22456d706c6f796565223b636c69656e745f69647c4e3b656d706c6f7965655f69647c733a323a223233223b69734c6f67676564496e7c623a313b),
('ci_session:3837b70b5310ccdb643482dca34d6290', '::1', '2025-10-31 07:31:49', 0x5f5f63695f6c6173745f726567656e65726174657c693a313736313839353930393b5f63695f70726576696f75735f75726c7c733a34383a22687474703a2f2f6c6f63616c686f73742f6268617669636c69656e74732f696e6465782e7068702f656d706c6f796565223b757365725f69647c733a323a223436223b66697273745f6e616d657c733a353a2261646d696e223b6c6173745f6e616d657c733a373a226d616e61676572223b656d61696c7c733a32323a2261646d696e6d616e6167657240676d61696c2e636f6d223b726f6c655f69647c733a313a2235223b726f6c655f6e616d657c733a31333a2241646d696e204d616e61676572223b636c69656e745f69647c4e3b656d706c6f7965655f69647c4e3b69734c6f67676564496e7c623a313b5f5f63695f766172737c613a303a7b7d),
('ci_session:1ad69ec08afa8ca6d49df2a02528445e', '::1', '2025-10-31 07:37:39', 0x5f5f63695f6c6173745f726567656e65726174657c693a313736313839363235393b5f63695f70726576696f75735f75726c7c733a34383a22687474703a2f2f6c6f63616c686f73742f6268617669636c69656e74732f696e6465782e7068702f656d706c6f796565223b757365725f69647c733a323a223436223b66697273745f6e616d657c733a353a2261646d696e223b6c6173745f6e616d657c733a373a226d616e61676572223b656d61696c7c733a32323a2261646d696e6d616e6167657240676d61696c2e636f6d223b726f6c655f69647c733a313a2235223b726f6c655f6e616d657c733a31333a2241646d696e204d616e61676572223b636c69656e745f69647c4e3b656d706c6f7965655f69647c4e3b69734c6f67676564496e7c623a313b5f5f63695f766172737c613a303a7b7d),
('ci_session:2875acf58d48a0c69db3b88b6dd24c68', '::1', '2025-10-31 07:43:38', 0x5f5f63695f6c6173745f726567656e65726174657c693a313736313839363631383b5f63695f70726576696f75735f75726c7c733a34383a22687474703a2f2f6c6f63616c686f73742f6268617669636c69656e74732f696e6465782e7068702f656d706c6f796565223b757365725f69647c733a323a223436223b66697273745f6e616d657c733a353a2261646d696e223b6c6173745f6e616d657c733a373a226d616e61676572223b656d61696c7c733a32323a2261646d696e6d616e6167657240676d61696c2e636f6d223b726f6c655f69647c733a313a2235223b726f6c655f6e616d657c733a31333a2241646d696e204d616e61676572223b636c69656e745f69647c4e3b656d706c6f7965655f69647c4e3b69734c6f67676564496e7c623a313b5f5f63695f766172737c613a303a7b7d),
('ci_session:fbad98b9643f32c49122f233cac3e743', '::1', '2025-10-31 07:45:50', 0x5f5f63695f6c6173745f726567656e65726174657c693a313736313839363735303b5f63695f70726576696f75735f75726c7c733a35333a22687474703a2f2f6c6f63616c686f73742f6268617669636c69656e74732f696e6465782e7068702f636c69656e742d7265706f7274223b757365725f69647c733a313a2231223b66697273745f6e616d657c733a393a22626861766920707674223b6c6173745f6e616d657c733a393a226372656174696f6e73223b656d61696c7c733a313a2220223b726f6c655f69647c733a313a2231223b726f6c655f6e616d657c733a353a2241646d696e223b636c69656e745f69647c4e3b656d706c6f7965655f69647c4e3b69734c6f67676564496e7c623a313b5f5f63695f766172737c613a303a7b7d),
('ci_session:2d2f095f520202d72eacbf9a327b4b38', '::1', '2025-10-31 07:49:12', 0x5f5f63695f6c6173745f726567656e65726174657c693a313736313839363935323b5f63695f70726576696f75735f75726c7c733a35343a22687474703a2f2f6c6f63616c686f73742f6268617669636c69656e74732f696e6465782e7068702f636c69656e742d75706c6f616473223b757365725f69647c733a323a223436223b66697273745f6e616d657c733a353a2261646d696e223b6c6173745f6e616d657c733a373a226d616e61676572223b656d61696c7c733a32323a2261646d696e6d616e6167657240676d61696c2e636f6d223b726f6c655f69647c733a313a2235223b726f6c655f6e616d657c733a31333a2241646d696e204d616e61676572223b636c69656e745f69647c4e3b656d706c6f7965655f69647c4e3b69734c6f67676564496e7c623a313b5f5f63695f766172737c613a303a7b7d),
('ci_session:5a6d28a5d99cbbcfb3efa741770738c0', '::1', '2025-10-31 07:53:00', 0x5f5f63695f6c6173745f726567656e65726174657c693a313736313839373138303b5f63695f70726576696f75735f75726c7c733a35333a22687474703a2f2f6c6f63616c686f73742f6268617669636c69656e74732f696e6465782e7068702f636c69656e742d7265706f7274223b757365725f69647c733a313a2231223b66697273745f6e616d657c733a393a22626861766920707674223b6c6173745f6e616d657c733a393a226372656174696f6e73223b656d61696c7c733a313a2220223b726f6c655f69647c733a313a2231223b726f6c655f6e616d657c733a353a2241646d696e223b636c69656e745f69647c4e3b656d706c6f7965655f69647c4e3b69734c6f67676564496e7c623a313b5f5f63695f766172737c613a303a7b7d),
('ci_session:24d4fb360ebc3a58f1ba92e1f3c78f8c', '::1', '2025-10-31 07:54:36', 0x5f5f63695f6c6173745f726567656e65726174657c693a313736313839373237363b5f63695f70726576696f75735f75726c7c733a34373a22687474703a2f2f6c6f63616c686f73742f6268617669636c69656e74732f696e6465782e7068702f70726f66696c65223b757365725f69647c733a323a223436223b66697273745f6e616d657c733a353a2261646d696e223b6c6173745f6e616d657c733a373a226d616e61676572223b656d61696c7c733a32323a2261646d696e6d616e6167657240676d61696c2e636f6d223b726f6c655f69647c733a313a2235223b726f6c655f6e616d657c733a31333a2241646d696e204d616e61676572223b636c69656e745f69647c4e3b656d706c6f7965655f69647c4e3b69734c6f67676564496e7c623a313b5f5f63695f766172737c613a303a7b7d),
('ci_session:5196e4f4031a9ab92e29c9391fb2b2e5', '::1', '2025-10-31 08:01:35', 0x5f5f63695f6c6173745f726567656e65726174657c693a313736313839373639353b5f63695f70726576696f75735f75726c7c733a34383a22687474703a2f2f6c6f63616c686f73742f6268617669636c69656e74732f696e6465782e7068702f656d706c6f796565223b757365725f69647c733a313a2231223b66697273745f6e616d657c733a393a22626861766920707674223b6c6173745f6e616d657c733a393a226372656174696f6e73223b656d61696c7c733a313a2220223b726f6c655f69647c733a313a2231223b726f6c655f6e616d657c733a353a2241646d696e223b636c69656e745f69647c4e3b656d706c6f7965655f69647c4e3b69734c6f67676564496e7c623a313b5f5f63695f766172737c613a303a7b7d),
('ci_session:f3d991d7ef426516fa47a4ac1078f776', '::1', '2025-10-31 08:02:09', 0x5f5f63695f6c6173745f726567656e65726174657c693a313736313839373732393b5f63695f70726576696f75735f75726c7c733a35303a22687474703a2f2f6c6f63616c686f73742f6268617669636c69656e74732f696e6465782e7068702f6d792d64657461696c73223b757365725f69647c733a323a223435223b66697273745f6e616d657c733a363a2272616d657368223b6c6173745f6e616d657c733a353a2270696c6c69223b656d61696c7c733a31363a2272616d65736840676d61696c2e636f6d223b726f6c655f69647c733a313a2232223b726f6c655f6e616d657c733a383a22456d706c6f796565223b636c69656e745f69647c4e3b656d706c6f7965655f69647c733a323a223233223b69734c6f67676564496e7c623a313b5f5f63695f766172737c613a303a7b7d),
('ci_session:c67acd6c38b0e67927f53d4c4814f6f8', '::1', '2025-10-31 08:01:31', 0x5f5f63695f6c6173745f726567656e65726174657c693a313736313839373639313b5f63695f70726576696f75735f75726c7c733a34373a22687474703a2f2f6c6f63616c686f73742f6268617669636c69656e74732f696e6465782e7068702f70726f66696c65223b757365725f69647c733a323a223436223b66697273745f6e616d657c733a353a2261646d696e223b6c6173745f6e616d657c733a373a226d616e61676572223b656d61696c7c733a32323a2261646d696e6d616e6167657240676d61696c2e636f6d223b726f6c655f69647c733a313a2235223b726f6c655f6e616d657c733a31333a2241646d696e204d616e61676572223b636c69656e745f69647c4e3b656d706c6f7965655f69647c4e3b69734c6f67676564496e7c623a313b5f5f63695f766172737c613a303a7b7d),
('ci_session:76a4541ce829cc540e83869fefcc6525', '::1', '2025-10-31 09:10:05', 0x5f5f63695f6c6173745f726567656e65726174657c693a313736313930313830353b5f63695f70726576696f75735f75726c7c733a34373a22687474703a2f2f6c6f63616c686f73742f6268617669636c69656e74732f696e6465782e7068702f70726f66696c65223b757365725f69647c733a323a223436223b66697273745f6e616d657c733a353a2261646d696e223b6c6173745f6e616d657c733a373a226d616e61676572223b656d61696c7c733a32323a2261646d696e6d616e6167657240676d61696c2e636f6d223b726f6c655f69647c733a313a2235223b726f6c655f6e616d657c733a31333a2241646d696e204d616e61676572223b636c69656e745f69647c4e3b656d706c6f7965655f69647c4e3b69734c6f67676564496e7c623a313b5f5f63695f766172737c613a303a7b7d),
('ci_session:7b5b93e89d4baca83de05af3eb42d2b5', '::1', '2025-10-31 09:10:06', 0x5f5f63695f6c6173745f726567656e65726174657c693a313736313930313830363b5f63695f70726576696f75735f75726c7c733a34383a22687474703a2f2f6c6f63616c686f73742f6268617669636c69656e74732f696e6465782e7068702f656d706c6f796565223b757365725f69647c733a313a2231223b66697273745f6e616d657c733a393a22626861766920707674223b6c6173745f6e616d657c733a393a226372656174696f6e73223b656d61696c7c733a313a2220223b726f6c655f69647c733a313a2231223b726f6c655f6e616d657c733a353a2241646d696e223b636c69656e745f69647c4e3b656d706c6f7965655f69647c4e3b69734c6f67676564496e7c623a313b737563636573737c733a33303a22456d706c6f7965652075706461746564207375636365737366756c6c792e223b5f5f63695f766172737c613a313a7b733a373a2273756363657373223b733a333a226f6c64223b7d),
('ci_session:05b7e502ee2e4d7c86697404f3dfca48', '::1', '2025-10-31 08:02:30', 0x5f5f63695f6c6173745f726567656e65726174657c693a313736313839373733313b5f63695f70726576696f75735f75726c7c733a35383a22687474703a2f2f6c6f63616c686f73742f6268617669636c69656e74732f696e6465782e7068702f656d706c6f7965652d64617368626f617264223b757365725f69647c733a323a223435223b66697273745f6e616d657c733a363a2272616d657368223b6c6173745f6e616d657c733a353a2270696c6c69223b656d61696c7c733a31363a2272616d65736840676d61696c2e636f6d223b726f6c655f69647c733a313a2232223b726f6c655f6e616d657c733a383a22456d706c6f796565223b636c69656e745f69647c4e3b656d706c6f7965655f69647c733a323a223233223b69734c6f67676564496e7c623a313b),
('ci_session:85041dc53e292676428f08b6bb158550', '::1', '2025-10-31 09:11:29', 0x5f5f63695f6c6173745f726567656e65726174657c693a313736313930313838393b5f63695f70726576696f75735f75726c7c733a35323a22687474703a2f2f6c6f63616c686f73742f6268617669636c69656e74732f696e6465782e7068702f776f726b2d75706461746573223b757365725f69647c733a323a223430223b66697273745f6e616d657c733a343a2252616a75223b6c6173745f6e616d657c733a353a226b6972616e223b656d61696c7c733a31393a227372696e697661736140676d61696c2e636f6d223b726f6c655f69647c733a313a2233223b726f6c655f6e616d657c733a373a22436c69656e7473223b636c69656e745f69647c733a323a223139223b656d706c6f7965655f69647c4e3b69734c6f67676564496e7c623a313b),
('ci_session:35d515e0a4980d909859813cb3579e7a', '::1', '2025-10-31 09:15:29', 0x5f5f63695f6c6173745f726567656e65726174657c693a313736313930323132393b5f63695f70726576696f75735f75726c7c733a34373a22687474703a2f2f6c6f63616c686f73742f6268617669636c69656e74732f696e6465782e7068702f70726f66696c65223b757365725f69647c733a323a223436223b66697273745f6e616d657c733a353a2261646d696e223b6c6173745f6e616d657c733a373a226d616e61676572223b656d61696c7c733a32323a2261646d696e6d616e6167657240676d61696c2e636f6d223b726f6c655f69647c733a313a2235223b726f6c655f6e616d657c733a31333a2241646d696e204d616e61676572223b636c69656e745f69647c4e3b656d706c6f7965655f69647c4e3b69734c6f67676564496e7c623a313b5f5f63695f766172737c613a303a7b7d),
('ci_session:6772d6582c746a7f9175cf262765b5b7', '::1', '2025-10-31 09:15:32', 0x5f5f63695f6c6173745f726567656e65726174657c693a313736313930323133323b5f63695f70726576696f75735f75726c7c733a35343a22687474703a2f2f6c6f63616c686f73742f6268617669636c69656e74732f696e6465782e7068702f636c69656e742d75706c6f616473223b757365725f69647c733a313a2231223b66697273745f6e616d657c733a393a22626861766920707674223b6c6173745f6e616d657c733a393a226372656174696f6e73223b656d61696c7c733a313a2220223b726f6c655f69647c733a313a2231223b726f6c655f6e616d657c733a353a2241646d696e223b636c69656e745f69647c4e3b656d706c6f7965655f69647c4e3b69734c6f67676564496e7c623a313b5f5f63695f766172737c613a303a7b7d),
('ci_session:934337872b2cadfbc0530041a3209c43', '::1', '2025-10-31 10:03:16', 0x5f5f63695f6c6173745f726567656e65726174657c693a313736313930343939363b5f63695f70726576696f75735f75726c7c733a35323a22687474703a2f2f6c6f63616c686f73742f6268617669636c69656e74732f696e6465782e7068702f75706c6f61642d66696c6573223b757365725f69647c733a323a223430223b66697273745f6e616d657c733a343a2252616a75223b6c6173745f6e616d657c733a353a226b6972616e223b656d61696c7c733a31393a227372696e697661736140676d61696c2e636f6d223b726f6c655f69647c733a313a2233223b726f6c655f6e616d657c733a373a22436c69656e7473223b636c69656e745f69647c733a323a223139223b656d706c6f7965655f69647c4e3b69734c6f67676564496e7c623a313b5f5f63695f766172737c613a303a7b7d),
('ci_session:5eab44e473e91ea18dabfa9508549162', '::1', '2025-10-31 09:33:56', 0x5f5f63695f6c6173745f726567656e65726174657c693a313736313930333233363b5f63695f70726576696f75735f75726c7c733a34373a22687474703a2f2f6c6f63616c686f73742f6268617669636c69656e74732f696e6465782e7068702f70726f66696c65223b757365725f69647c733a323a223436223b66697273745f6e616d657c733a353a2261646d696e223b6c6173745f6e616d657c733a373a226d616e61676572223b656d61696c7c733a32323a2261646d696e6d616e6167657240676d61696c2e636f6d223b726f6c655f69647c733a313a2235223b726f6c655f6e616d657c733a31333a2241646d696e204d616e61676572223b636c69656e745f69647c4e3b656d706c6f7965655f69647c4e3b69734c6f67676564496e7c623a313b5f5f63695f766172737c613a303a7b7d);
INSERT INTO `ci_sessions` (`id`, `ip_address`, `timestamp`, `data`) VALUES
('ci_session:a6eb8f2661823c8b8b38f61ea57905ad', '::1', '2025-10-31 09:29:01', 0x5f5f63695f6c6173745f726567656e65726174657c693a313736313930323934313b5f63695f70726576696f75735f75726c7c733a36323a22687474703a2f2f6c6f63616c686f73742f6268617669636c69656e74732f696e6465782e7068702f757365722d6d616e6167656d656e742f637265617465223b757365725f69647c733a313a2231223b66697273745f6e616d657c733a393a22626861766920707674223b6c6173745f6e616d657c733a393a226372656174696f6e73223b656d61696c7c733a313a2220223b726f6c655f69647c733a313a2231223b726f6c655f6e616d657c733a353a2241646d696e223b636c69656e745f69647c4e3b656d706c6f7965655f69647c4e3b69734c6f67676564496e7c623a313b5f5f63695f766172737c613a303a7b7d),
('ci_session:6fb9aa96d95ff5d1d91a48f9acb72a9a', '::1', '2025-10-31 09:35:17', 0x5f5f63695f6c6173745f726567656e65726174657c693a313736313930333331373b5f63695f70726576696f75735f75726c7c733a36323a22687474703a2f2f6c6f63616c686f73742f6268617669636c69656e74732f696e6465782e7068702f757365722d6d616e6167656d656e742f637265617465223b757365725f69647c733a313a2231223b66697273745f6e616d657c733a393a22626861766920707674223b6c6173745f6e616d657c733a393a226372656174696f6e73223b656d61696c7c733a313a2220223b726f6c655f69647c733a313a2231223b726f6c655f6e616d657c733a353a2241646d696e223b636c69656e745f69647c4e3b656d706c6f7965655f69647c4e3b69734c6f67676564496e7c623a313b5f5f63695f766172737c613a303a7b7d),
('ci_session:343a5e72f74f5b5aa7b55896c170225e', '::1', '2025-10-31 09:40:33', 0x5f5f63695f6c6173745f726567656e65726174657c693a313736313930333633333b5f63695f70726576696f75735f75726c7c733a34373a22687474703a2f2f6c6f63616c686f73742f6268617669636c69656e74732f696e6465782e7068702f70726f66696c65223b757365725f69647c733a323a223436223b66697273745f6e616d657c733a353a2261646d696e223b6c6173745f6e616d657c733a373a226d616e61676572223b656d61696c7c733a32323a2261646d696e6d616e6167657240676d61696c2e636f6d223b726f6c655f69647c733a313a2235223b726f6c655f6e616d657c733a31333a2241646d696e204d616e61676572223b636c69656e745f69647c4e3b656d706c6f7965655f69647c4e3b69734c6f67676564496e7c623a313b5f5f63695f766172737c613a303a7b7d),
('ci_session:ffed6c27ca2caf2d8b1b5388374a49d3', '::1', '2025-10-31 09:41:01', 0x5f5f63695f6c6173745f726567656e65726174657c693a313736313930333636313b5f63695f70726576696f75735f75726c7c733a36323a22687474703a2f2f6c6f63616c686f73742f6268617669636c69656e74732f696e6465782e7068702f757365722d6d616e6167656d656e742f637265617465223b757365725f69647c733a313a2231223b66697273745f6e616d657c733a393a22626861766920707674223b6c6173745f6e616d657c733a393a226372656174696f6e73223b656d61696c7c733a313a2220223b726f6c655f69647c733a313a2231223b726f6c655f6e616d657c733a353a2241646d696e223b636c69656e745f69647c4e3b656d706c6f7965655f69647c4e3b69734c6f67676564496e7c623a313b),
('ci_session:a0faf0ae8f404f5dbc337957e96ebb9b', '::1', '2025-10-31 09:51:55', 0x5f5f63695f6c6173745f726567656e65726174657c693a313736313930343331353b5f63695f70726576696f75735f75726c7c733a34373a22687474703a2f2f6c6f63616c686f73742f6268617669636c69656e74732f696e6465782e7068702f70726f66696c65223b757365725f69647c733a323a223436223b66697273745f6e616d657c733a353a2261646d696e223b6c6173745f6e616d657c733a373a226d616e61676572223b656d61696c7c733a32323a2261646d696e6d616e6167657240676d61696c2e636f6d223b726f6c655f69647c733a313a2235223b726f6c655f6e616d657c733a31333a2241646d696e204d616e61676572223b636c69656e745f69647c4e3b656d706c6f7965655f69647c4e3b69734c6f67676564496e7c623a313b5f5f63695f766172737c613a303a7b7d),
('ci_session:a3c68120ccfea8401530112e2c245d1d', '::1', '2025-10-31 09:52:09', 0x5f5f63695f6c6173745f726567656e65726174657c693a313736313930343332393b5f63695f70726576696f75735f75726c7c733a35343a22687474703a2f2f6c6f63616c686f73742f6268617669636c69656e74732f696e6465782e7068702f636c69656e742f766965772f3234223b757365725f69647c733a313a2231223b66697273745f6e616d657c733a393a22626861766920707674223b6c6173745f6e616d657c733a393a226372656174696f6e73223b656d61696c7c733a313a2220223b726f6c655f69647c733a313a2231223b726f6c655f6e616d657c733a353a2241646d696e223b636c69656e745f69647c4e3b656d706c6f7965655f69647c4e3b69734c6f67676564496e7c623a313b),
('ci_session:7795e1b92430043932bbbefae59d2901', '::1', '2025-10-31 09:53:52', 0x5f5f63695f6c6173745f726567656e65726174657c693a313736313930343433323b5f63695f70726576696f75735f75726c7c733a34353a22687474703a2f2f6c6f63616c686f73742f6268617669636c69656e74732f696e6465782e7068702f6c6f67696e223b6572726f727c733a32393a22496e76616c696420557365726e616d65206f722050617373776f72642e223b5f5f63695f766172737c613a323a7b733a353a226572726f72223b733a333a226f6c64223b733a31333a225f63695f6f6c645f696e707574223b733a333a226f6c64223b7d5f63695f6f6c645f696e7075747c613a323a7b733a333a22676574223b613a303a7b7d733a343a22706f7374223b613a323a7b733a383a22757365726e616d65223b733a33333a226d616e616765725f6131736b6f6e636f6c6f676973747340676d61696c2e636f6d223b733a383a2270617373776f7264223b733a31303a2234343333323231313030223b7d7d),
('ci_session:d7c1d3656a9f697db63ee60b64def556', '::1', '2025-10-31 09:57:08', 0x5f5f63695f6c6173745f726567656e65726174657c693a313736313930343632383b5f63695f70726576696f75735f75726c7c733a34373a22687474703a2f2f6c6f63616c686f73742f6268617669636c69656e74732f696e6465782e7068702f70726f66696c65223b757365725f69647c733a323a223436223b66697273745f6e616d657c733a353a2261646d696e223b6c6173745f6e616d657c733a373a226d616e61676572223b656d61696c7c733a32323a2261646d696e6d616e6167657240676d61696c2e636f6d223b726f6c655f69647c733a313a2235223b726f6c655f6e616d657c733a31333a2241646d696e204d616e61676572223b636c69656e745f69647c4e3b656d706c6f7965655f69647c4e3b69734c6f67676564496e7c623a313b5f5f63695f766172737c613a303a7b7d),
('ci_session:4a69af316659bc05ffb12e438efef0c7', '::1', '2025-10-31 09:58:29', 0x5f5f63695f6c6173745f726567656e65726174657c693a313736313930343730393b5f63695f70726576696f75735f75726c7c733a35343a22687474703a2f2f6c6f63616c686f73742f6268617669636c69656e74732f696e6465782e7068702f636c69656e742f766965772f3235223b757365725f69647c733a313a2231223b66697273745f6e616d657c733a393a22626861766920707674223b6c6173745f6e616d657c733a393a226372656174696f6e73223b656d61696c7c733a313a2220223b726f6c655f69647c733a313a2231223b726f6c655f6e616d657c733a353a2241646d696e223b636c69656e745f69647c4e3b656d706c6f7965655f69647c4e3b69734c6f67676564496e7c623a313b),
('ci_session:6c81bebaf0387f08f3d5c55afb0699b9', '::1', '2025-10-31 10:05:14', 0x5f5f63695f6c6173745f726567656e65726174657c693a313736313930353131343b5f5f63695f766172737c613a303a7b7d5f63695f70726576696f75735f75726c7c733a34353a22687474703a2f2f6c6f63616c686f73742f6268617669636c69656e74732f696e6465782e7068702f6c6f67696e223b),
('ci_session:15a6110485848359b47c9670e11a8f81', '::1', '2025-10-31 10:04:39', 0x5f5f63695f6c6173745f726567656e65726174657c693a313736313930353037393b5f63695f70726576696f75735f75726c7c733a34373a22687474703a2f2f6c6f63616c686f73742f6268617669636c69656e74732f696e6465782e7068702f70726f66696c65223b757365725f69647c733a323a223436223b66697273745f6e616d657c733a353a2261646d696e223b6c6173745f6e616d657c733a373a226d616e61676572223b656d61696c7c733a32323a2261646d696e6d616e6167657240676d61696c2e636f6d223b726f6c655f69647c733a313a2235223b726f6c655f6e616d657c733a31333a2241646d696e204d616e61676572223b636c69656e745f69647c4e3b656d706c6f7965655f69647c4e3b69734c6f67676564496e7c623a313b5f5f63695f766172737c613a303a7b7d),
('ci_session:d0971badf44451d165c0d0cf61defdd9', '::1', '2025-10-31 10:29:07', 0x5f5f63695f6c6173745f726567656e65726174657c693a313736313930363534373b5f63695f70726576696f75735f75726c7c733a34373a22687474703a2f2f6c6f63616c686f73742f6268617669636c69656e74732f696e6465782e7068702f70726f66696c65223b757365725f69647c733a313a2231223b66697273745f6e616d657c733a393a22626861766920707674223b6c6173745f6e616d657c733a393a226372656174696f6e73223b656d61696c7c733a313a2220223b726f6c655f69647c733a313a2231223b726f6c655f6e616d657c733a353a2241646d696e223b636c69656e745f69647c4e3b656d706c6f7965655f69647c4e3b69734c6f67676564496e7c623a313b5f5f63695f766172737c613a303a7b7d),
('ci_session:25c91e1e5c08d8a2c3e2e8a364679350', '::1', '2025-10-31 10:29:50', 0x5f5f63695f6c6173745f726567656e65726174657c693a313736313930363539303b5f63695f70726576696f75735f75726c7c733a34373a22687474703a2f2f6c6f63616c686f73742f6268617669636c69656e74732f696e6465782e7068702f70726f66696c65223b757365725f69647c733a323a223430223b66697273745f6e616d657c733a343a2252616a75223b6c6173745f6e616d657c733a353a226b6972616e223b656d61696c7c733a31393a227372696e697661736140676d61696c2e636f6d223b726f6c655f69647c733a313a2233223b726f6c655f6e616d657c733a373a22436c69656e7473223b636c69656e745f69647c733a323a223139223b656d706c6f7965655f69647c4e3b69734c6f67676564496e7c623a313b5f5f63695f766172737c613a303a7b7d),
('ci_session:7c9beb08aed89bb8ee1e09250954e6e9', '::1', '2025-10-31 10:03:46', 0x5f5f63695f6c6173745f726567656e65726174657c693a313736313930353032323b5f63695f70726576696f75735f75726c7c733a35303a22687474703a2f2f6c6f63616c686f73742f6268617669636c69656e74732f696e6465782e7068702f6d792d64657461696c73223b757365725f69647c733a323a223435223b66697273745f6e616d657c733a363a2272616d657368223b6c6173745f6e616d657c733a353a2270696c6c69223b656d61696c7c733a31363a2272616d65736840676d61696c2e636f6d223b726f6c655f69647c733a313a2232223b726f6c655f6e616d657c733a383a22456d706c6f796565223b636c69656e745f69647c4e3b656d706c6f7965655f69647c733a323a223233223b69734c6f67676564496e7c623a313b5f5f63695f766172737c613a303a7b7d),
('ci_session:379fc8bb4dfb4260112341657dd46537', '::1', '2025-10-31 10:10:25', 0x5f5f63695f6c6173745f726567656e65726174657c693a313736313930353432353b5f63695f70726576696f75735f75726c7c733a34373a22687474703a2f2f6c6f63616c686f73742f6268617669636c69656e74732f696e6465782e7068702f70726f66696c65223b757365725f69647c733a323a223436223b66697273745f6e616d657c733a353a2261646d696e223b6c6173745f6e616d657c733a373a226d616e61676572223b656d61696c7c733a32323a2261646d696e6d616e6167657240676d61696c2e636f6d223b726f6c655f69647c733a313a2235223b726f6c655f6e616d657c733a31333a2241646d696e204d616e61676572223b636c69656e745f69647c4e3b656d706c6f7965655f69647c4e3b69734c6f67676564496e7c623a313b5f5f63695f766172737c613a303a7b7d),
('ci_session:d4d22fe9749e01bfe2871dac7421790f', '::1', '2025-10-31 10:10:29', 0x5f5f63695f6c6173745f726567656e65726174657c693a313736313930353432393b5f63695f70726576696f75735f75726c7c733a35323a22687474703a2f2f6c6f63616c686f73742f6268617669636c69656e74732f696e6465782e7068702f70726f66696c652f65646974223b757365725f69647c733a323a223632223b66697273745f6e616d657c733a353a2276696b6173223b6c6173745f6e616d657c733a303a22223b656d61696c7c733a33323a226d616e616765722e61736b6f6e636f6c6f676973747340676d61696c2e636f6d223b726f6c655f69647c733a313a2234223b726f6c655f6e616d657c733a31343a22436c69656e74204d616e61676572223b636c69656e745f69647c733a323a223235223b656d706c6f7965655f69647c4e3b69734c6f67676564496e7c623a313b5f5f63695f766172737c613a303a7b7d),
('ci_session:b27e0a6ef7603241590574b024af5ffd', '::1', '2025-10-31 10:19:43', 0x5f5f63695f6c6173745f726567656e65726174657c693a313736313930353938333b5f63695f70726576696f75735f75726c7c733a34373a22687474703a2f2f6c6f63616c686f73742f6268617669636c69656e74732f696e6465782e7068702f70726f66696c65223b757365725f69647c733a323a223436223b66697273745f6e616d657c733a353a2261646d696e223b6c6173745f6e616d657c733a373a226d616e61676572223b656d61696c7c733a32323a2261646d696e6d616e6167657240676d61696c2e636f6d223b726f6c655f69647c733a313a2235223b726f6c655f6e616d657c733a31333a2241646d696e204d616e61676572223b636c69656e745f69647c4e3b656d706c6f7965655f69647c4e3b69734c6f67676564496e7c623a313b5f5f63695f766172737c613a303a7b7d),
('ci_session:257f093e00f3d4ba9d5806a7986a73cf', '::1', '2025-10-31 10:24:46', 0x5f5f63695f6c6173745f726567656e65726174657c693a313736313930363238363b5f63695f70726576696f75735f75726c7c733a34373a22687474703a2f2f6c6f63616c686f73742f6268617669636c69656e74732f696e6465782e7068702f70726f66696c65223b757365725f69647c733a323a223436223b66697273745f6e616d657c733a353a2261646d696e223b6c6173745f6e616d657c733a373a226d616e61676572223b656d61696c7c733a32323a2261646d696e6d616e6167657240676d61696c2e636f6d223b726f6c655f69647c733a313a2235223b726f6c655f6e616d657c733a31333a2241646d696e204d616e61676572223b636c69656e745f69647c4e3b656d706c6f7965655f69647c4e3b69734c6f67676564496e7c623a313b5f5f63695f766172737c613a303a7b7d),
('ci_session:b3ab2badf187c2305bfd0baf37eeb11c', '::1', '2025-10-31 10:26:35', 0x5f5f63695f6c6173745f726567656e65726174657c693a313736313930363339353b5f63695f70726576696f75735f75726c7c733a34373a22687474703a2f2f6c6f63616c686f73742f6268617669636c69656e74732f696e6465782e7068702f70726f66696c65223b757365725f69647c733a323a223632223b66697273745f6e616d657c733a353a2276696b6173223b6c6173745f6e616d657c733a303a22223b656d61696c7c733a33323a226d616e616765722e61736b6f6e636f6c6f676973747340676d61696c2e636f6d223b726f6c655f69647c733a313a2234223b726f6c655f6e616d657c733a31343a22436c69656e74204d616e61676572223b636c69656e745f69647c733a323a223235223b656d706c6f7965655f69647c4e3b69734c6f67676564496e7c623a313b5f5f63695f766172737c613a303a7b7d),
('ci_session:c6568125f53a43355d8027c4e73a1dcc', '::1', '2025-10-31 10:32:58', 0x5f5f63695f6c6173745f726567656e65726174657c693a313736313930363737383b5f63695f70726576696f75735f75726c7c733a34373a22687474703a2f2f6c6f63616c686f73742f6268617669636c69656e74732f696e6465782e7068702f70726f66696c65223b757365725f69647c733a323a223436223b66697273745f6e616d657c733a353a2261646d696e223b6c6173745f6e616d657c733a373a226d616e61676572223b656d61696c7c733a32323a2261646d696e6d616e6167657240676d61696c2e636f6d223b726f6c655f69647c733a313a2235223b726f6c655f6e616d657c733a31333a2241646d696e204d616e61676572223b636c69656e745f69647c4e3b656d706c6f7965655f69647c4e3b69734c6f67676564496e7c623a313b5f5f63695f766172737c613a303a7b7d),
('ci_session:d9aba99241a1691bc2b5975dcd1582da', '::1', '2025-10-31 10:26:35', 0x5f5f63695f6c6173745f726567656e65726174657c693a313736313930363339353b5f63695f70726576696f75735f75726c7c733a34373a22687474703a2f2f6c6f63616c686f73742f6268617669636c69656e74732f696e6465782e7068702f70726f66696c65223b757365725f69647c733a323a223632223b66697273745f6e616d657c733a353a2276696b6173223b6c6173745f6e616d657c733a303a22223b656d61696c7c733a33323a226d616e616765722e61736b6f6e636f6c6f676973747340676d61696c2e636f6d223b726f6c655f69647c733a313a2234223b726f6c655f6e616d657c733a31343a22436c69656e74204d616e61676572223b636c69656e745f69647c733a323a223235223b656d706c6f7965655f69647c4e3b69734c6f67676564496e7c623a313b5f5f63695f766172737c613a303a7b7d),
('ci_session:194566d595d8bae07e0012325f07bf49', '::1', '2025-10-31 10:38:05', 0x5f5f63695f6c6173745f726567656e65726174657c693a313736313930373038353b5f63695f70726576696f75735f75726c7c733a34363a22687474703a2f2f6c6f63616c686f73742f6268617669636c69656e74732f696e6465782e7068702f636c69656e74223b757365725f69647c733a313a2231223b66697273745f6e616d657c733a393a22626861766920707674223b6c6173745f6e616d657c733a393a226372656174696f6e73223b656d61696c7c733a313a2220223b726f6c655f69647c733a313a2231223b726f6c655f6e616d657c733a353a2241646d696e223b636c69656e745f69647c4e3b656d706c6f7965655f69647c4e3b69734c6f67676564496e7c623a313b5f5f63695f766172737c613a303a7b7d),
('ci_session:92f7800f99623c31fbb77d0b52f2abbe', '::1', '2025-10-31 10:44:50', 0x5f5f63695f6c6173745f726567656e65726174657c693a313736313930373439303b5f63695f70726576696f75735f75726c7c733a34373a22687474703a2f2f6c6f63616c686f73742f6268617669636c69656e74732f696e6465782e7068702f70726f66696c65223b757365725f69647c733a323a223430223b66697273745f6e616d657c733a343a2252616a75223b6c6173745f6e616d657c733a353a226b6972616e223b656d61696c7c733a31393a227372696e697661736140676d61696c2e636f6d223b726f6c655f69647c733a313a2233223b726f6c655f6e616d657c733a373a22436c69656e7473223b636c69656e745f69647c733a323a223139223b656d706c6f7965655f69647c4e3b69734c6f67676564496e7c623a313b5f5f63695f766172737c613a303a7b7d),
('ci_session:b942e239764c5587f7ba7a347363257b', '::1', '2025-10-31 10:38:57', 0x5f5f63695f6c6173745f726567656e65726174657c693a313736313930373133373b5f63695f70726576696f75735f75726c7c733a34373a22687474703a2f2f6c6f63616c686f73742f6268617669636c69656e74732f696e6465782e7068702f70726f66696c65223b757365725f69647c733a323a223436223b66697273745f6e616d657c733a353a2261646d696e223b6c6173745f6e616d657c733a373a226d616e61676572223b656d61696c7c733a32323a2261646d696e6d616e6167657240676d61696c2e636f6d223b726f6c655f69647c733a313a2235223b726f6c655f6e616d657c733a31333a2241646d696e204d616e61676572223b636c69656e745f69647c4e3b656d706c6f7965655f69647c4e3b69734c6f67676564496e7c623a313b5f5f63695f766172737c613a303a7b7d),
('ci_session:b466a2c8f2229e7a557aba87a935894b', '::1', '2025-10-31 10:44:26', 0x5f5f63695f6c6173745f726567656e65726174657c693a313736313930373436363b5f63695f70726576696f75735f75726c7c733a34363a22687474703a2f2f6c6f63616c686f73742f6268617669636c69656e74732f696e6465782e7068702f636c69656e74223b757365725f69647c733a313a2231223b66697273745f6e616d657c733a393a22626861766920707674223b6c6173745f6e616d657c733a393a226372656174696f6e73223b656d61696c7c733a313a2220223b726f6c655f69647c733a313a2231223b726f6c655f6e616d657c733a353a2241646d696e223b636c69656e745f69647c4e3b656d706c6f7965655f69647c4e3b69734c6f67676564496e7c623a313b5f5f63695f766172737c613a303a7b7d),
('ci_session:e3e5bc5ce2684aa9d2c679e0443fd459', '::1', '2025-10-31 10:44:22', 0x5f5f63695f6c6173745f726567656e65726174657c693a313736313930373436323b5f63695f70726576696f75735f75726c7c733a34373a22687474703a2f2f6c6f63616c686f73742f6268617669636c69656e74732f696e6465782e7068702f70726f66696c65223b757365725f69647c733a323a223436223b66697273745f6e616d657c733a353a2261646d696e223b6c6173745f6e616d657c733a373a226d616e61676572223b656d61696c7c733a32323a2261646d696e6d616e6167657240676d61696c2e636f6d223b726f6c655f69647c733a313a2235223b726f6c655f6e616d657c733a31333a2241646d696e204d616e61676572223b636c69656e745f69647c4e3b656d706c6f7965655f69647c4e3b69734c6f67676564496e7c623a313b5f5f63695f766172737c613a303a7b7d),
('ci_session:1f98ebb41aa1d6d3ebed777278ca7b01', '::1', '2025-10-31 11:19:56', 0x5f5f63695f6c6173745f726567656e65726174657c693a313736313930393539363b5f63695f70726576696f75735f75726c7c733a34373a22687474703a2f2f6c6f63616c686f73742f6268617669636c69656e74732f696e6465782e7068702f70726f66696c65223b757365725f69647c733a323a223436223b66697273745f6e616d657c733a353a2261646d696e223b6c6173745f6e616d657c733a373a226d616e61676572223b656d61696c7c733a32323a2261646d696e6d616e6167657240676d61696c2e636f6d223b726f6c655f69647c733a313a2235223b726f6c655f6e616d657c733a31333a2241646d696e204d616e61676572223b636c69656e745f69647c4e3b656d706c6f7965655f69647c4e3b69734c6f67676564496e7c623a313b5f5f63695f766172737c613a303a7b7d),
('ci_session:b52cf44196fb33eda94b232c70ce7151', '::1', '2025-10-31 11:09:57', 0x5f5f63695f6c6173745f726567656e65726174657c693a313736313930383939373b5f63695f70726576696f75735f75726c7c733a34363a22687474703a2f2f6c6f63616c686f73742f6268617669636c69656e74732f696e6465782e7068702f636c69656e74223b757365725f69647c733a313a2231223b66697273745f6e616d657c733a393a22626861766920707674223b6c6173745f6e616d657c733a393a226372656174696f6e73223b656d61696c7c733a313a2220223b726f6c655f69647c733a313a2231223b726f6c655f6e616d657c733a353a2241646d696e223b636c69656e745f69647c4e3b656d706c6f7965655f69647c4e3b69734c6f67676564496e7c623a313b5f5f63695f766172737c613a303a7b7d),
('ci_session:ae4250d058f963bbdc7eca48b6b5cd6a', '::1', '2025-10-31 11:20:06', 0x5f5f63695f6c6173745f726567656e65726174657c693a313736313930393630363b5f63695f70726576696f75735f75726c7c733a34373a22687474703a2f2f6c6f63616c686f73742f6268617669636c69656e74732f696e6465782e7068702f70726f66696c65223b757365725f69647c733a323a223430223b66697273745f6e616d657c733a343a2252616a75223b6c6173745f6e616d657c733a353a226b6972616e223b656d61696c7c733a31393a227372696e697661736140676d61696c2e636f6d223b726f6c655f69647c733a313a2233223b726f6c655f6e616d657c733a373a22436c69656e7473223b636c69656e745f69647c733a323a223139223b656d706c6f7965655f69647c4e3b69734c6f67676564496e7c623a313b5f5f63695f766172737c613a303a7b7d),
('ci_session:4788f793d92b7cb622333e73033b3ef9', '::1', '2025-10-31 11:28:11', 0x5f5f63695f6c6173745f726567656e65726174657c693a313736313931303039313b5f63695f70726576696f75735f75726c7c733a35333a22687474703a2f2f6c6f63616c686f73742f6268617669636c69656e74732f696e6465782e7068702f636c69656e742f637265617465223b757365725f69647c733a313a2231223b66697273745f6e616d657c733a393a22626861766920707674223b6c6173745f6e616d657c733a393a226372656174696f6e73223b656d61696c7c733a313a2220223b726f6c655f69647c733a313a2231223b726f6c655f6e616d657c733a353a2241646d696e223b636c69656e745f69647c4e3b656d706c6f7965655f69647c4e3b69734c6f67676564496e7c623a313b5f5f63695f766172737c613a303a7b7d),
('ci_session:b86c53022b5a1530a9a9f51afdee5ee6', '::1', '2025-10-31 11:24:04', 0x5f5f63695f6c6173745f726567656e65726174657c693a313736313930393539363b5f63695f70726576696f75735f75726c7c733a34373a22687474703a2f2f6c6f63616c686f73742f6268617669636c69656e74732f696e6465782e7068702f70726f66696c65223b757365725f69647c733a323a223436223b66697273745f6e616d657c733a353a2261646d696e223b6c6173745f6e616d657c733a373a226d616e61676572223b656d61696c7c733a32323a2261646d696e6d616e6167657240676d61696c2e636f6d223b726f6c655f69647c733a313a2235223b726f6c655f6e616d657c733a31333a2241646d696e204d616e61676572223b636c69656e745f69647c4e3b656d706c6f7965655f69647c4e3b69734c6f67676564496e7c623a313b5f5f63695f766172737c613a303a7b7d),
('ci_session:b6a33e6904b5c4a4101124169cc589d2', '::1', '2025-10-31 11:22:40', 0x5f5f63695f6c6173745f726567656e65726174657c693a313736313930393630363b5f63695f70726576696f75735f75726c7c733a36333a22687474703a2f2f6c6f63616c686f73742f6268617669636c69656e74732f696e6465782e7068702f70726f66696c652f6368616e67652d70617373776f7264223b757365725f69647c733a323a223430223b66697273745f6e616d657c733a343a2252616a75223b6c6173745f6e616d657c733a353a226b6972616e223b656d61696c7c733a31393a227372696e697661736140676d61696c2e636f6d223b726f6c655f69647c733a313a2233223b726f6c655f6e616d657c733a373a22436c69656e7473223b636c69656e745f69647c733a323a223139223b656d706c6f7965655f69647c4e3b69734c6f67676564496e7c623a313b5f5f63695f766172737c613a303a7b7d),
('ci_session:7ff9240b40c3b0ef128a08c8dfc27959', '::1', '2025-10-31 11:24:14', 0x5f5f63695f6c6173745f726567656e65726174657c693a313736313930393738313b5f63695f70726576696f75735f75726c7c733a36323a22687474703a2f2f6c6f63616c686f73742f6268617669636c69656e74732f696e6465782e7068702f656d706c6f7965652d636c69656e742d617373657473223b757365725f69647c733a323a223435223b66697273745f6e616d657c733a363a2272616d657368223b6c6173745f6e616d657c733a353a2270696c6c69223b656d61696c7c733a31363a2272616d65736840676d61696c2e636f6d223b726f6c655f69647c733a313a2232223b726f6c655f6e616d657c733a383a22456d706c6f796565223b636c69656e745f69647c4e3b656d706c6f7965655f69647c733a323a223233223b69734c6f67676564496e7c623a313b5f5f63695f766172737c613a303a7b7d),
('ci_session:6fadfdc9a16f14353beabaccbe10448d', '::1', '2025-10-31 11:28:21', 0x5f5f63695f6c6173745f726567656e65726174657c693a313736313931303039313b5f63695f70726576696f75735f75726c7c733a34393a22687474703a2f2f6c6f63616c686f73742f6268617669636c69656e74732f696e6465782e7068702f64617368626f617264223b757365725f69647c733a313a2231223b66697273745f6e616d657c733a393a22626861766920707674223b6c6173745f6e616d657c733a393a226372656174696f6e73223b656d61696c7c733a313a2220223b726f6c655f69647c733a313a2231223b726f6c655f6e616d657c733a353a2241646d696e223b636c69656e745f69647c4e3b656d706c6f7965655f69647c4e3b69734c6f67676564496e7c623a313b),
('ci_session:79540875277a9730d634f57b094ed8cf', '49.43.201.59', '2025-10-31 12:34:09', 0x5f5f63695f6c6173745f726567656e65726174657c693a313736313931333933333b5f63695f70726576696f75735f75726c7c733a35363a2268747470733a2f2f6268617669636c69656e74732e62686176696372656174696f6e732e636f6d2f696e6465782e7068702f636c69656e74223b757365725f69647c733a313a2231223b66697273745f6e616d657c733a393a22626861766920707674223b6c6173745f6e616d657c733a393a226372656174696f6e73223b656d61696c7c733a313a2220223b726f6c655f69647c733a313a2231223b726f6c655f6e616d657c733a353a2241646d696e223b636c69656e745f69647c4e3b656d706c6f7965655f69647c4e3b69734c6f67676564496e7c623a313b5f5f63695f766172737c613a303a7b7d),
('ci_session:8f7ebae8cb7838387af1fd6f844b7bf0', '167.94.138.161', '2025-10-31 13:52:04', 0x5f5f63695f6c6173745f726567656e65726174657c693a313736313931383732343b5f5f63695f766172737c613a303a7b7d5f63695f70726576696f75735f75726c7c733a35303a2268747470733a2f2f6268617669636c69656e74732e62686176696372656174696f6e732e636f6d2f696e6465782e7068702f223b),
('ci_session:3358bb2e6200828e87131479ffe21246', '23.27.145.237', '2025-10-31 16:36:45', 0x5f5f63695f6c6173745f726567656e65726174657c693a313736313932383630353b5f5f63695f766172737c613a303a7b7d5f63695f70726576696f75735f75726c7c733a35303a2268747470733a2f2f6268617669636c69656e74732e62686176696372656174696f6e732e636f6d2f696e6465782e7068702f223b),
('ci_session:1277c708c0c7cd5037965f11a4473ea2', '23.27.145.89', '2025-10-31 18:18:59', 0x5f5f63695f6c6173745f726567656e65726174657c693a313736313933343733393b5f5f63695f766172737c613a303a7b7d5f63695f70726576696f75735f75726c7c733a35303a2268747470733a2f2f6268617669636c69656e74732e62686176696372656174696f6e732e636f6d2f696e6465782e7068702f223b),
('ci_session:08ffaa4e6877001e846d996dec8950de', '23.27.145.36', '2025-10-31 18:20:47', 0x5f5f63695f6c6173745f726567656e65726174657c693a313736313933343834373b5f5f63695f766172737c613a303a7b7d5f63695f70726576696f75735f75726c7c733a35303a2268747470733a2f2f6268617669636c69656e74732e62686176696372656174696f6e732e636f6d2f696e6465782e7068702f223b),
('ci_session:5dbc950c75c5c563c89b3c85361bd34f', '3.27.25.28', '2025-10-31 18:37:29', 0x5f5f63695f6c6173745f726567656e65726174657c693a313736313933353834393b5f5f63695f766172737c613a303a7b7d5f63695f70726576696f75735f75726c7c733a35303a2268747470733a2f2f6268617669636c69656e74732e62686176696372656174696f6e732e636f6d2f696e6465782e7068702f223b),
('ci_session:65df66a9fbf70503580f8b2f7d51213c', '149.57.180.149', '2025-10-31 19:25:50', 0x5f5f63695f6c6173745f726567656e65726174657c693a313736313933383735303b5f5f63695f766172737c613a303a7b7d5f63695f70726576696f75735f75726c7c733a35303a2268747470733a2f2f6268617669636c69656e74732e62686176696372656174696f6e732e636f6d2f696e6465782e7068702f223b),
('ci_session:9f94370ab185d724408e37d89ce76faf', '149.57.180.115', '2025-10-31 19:26:05', 0x5f5f63695f6c6173745f726567656e65726174657c693a313736313933383736353b5f5f63695f766172737c613a303a7b7d5f63695f70726576696f75735f75726c7c733a35303a2268747470733a2f2f6268617669636c69656e74732e62686176696372656174696f6e732e636f6d2f696e6465782e7068702f223b),
('ci_session:4833311b03cb14f3f967f38162084e77', '49.43.201.59', '2025-11-01 10:51:00', 0x5f5f63695f6c6173745f726567656e65726174657c693a313736313939343236303b5f63695f70726576696f75735f75726c7c733a36363a2268747470733a2f2f6268617669636c69656e74732e62686176696372656174696f6e732e636f6d2f696e6465782e7068702f636c69656e742d64617368626f617264223b757365725f69647c733a323a223430223b66697273745f6e616d657c733a343a2252616a75223b6c6173745f6e616d657c733a353a226b6972616e223b656d61696c7c733a31393a227372696e697661736140676d61696c2e636f6d223b726f6c655f69647c733a313a2233223b726f6c655f6e616d657c733a373a22436c69656e7473223b636c69656e745f69647c733a323a223139223b656d706c6f7965655f69647c4e3b69734c6f67676564496e7c623a313b),
('ci_session:55a3ab58be01707b9088973c182600b0', '49.44.83.103', '2025-11-01 10:30:52', 0x5f5f63695f6c6173745f726567656e65726174657c693a313736313939333035323b5f5f63695f766172737c613a303a7b7d5f63695f70726576696f75735f75726c7c733a35303a2268747470733a2f2f6268617669636c69656e74732e62686176696372656174696f6e732e636f6d2f696e6465782e7068702f223b),
('ci_session:bf83aaef1a3bd449c3083d49690ffde2', '49.43.201.59', '2025-11-01 10:44:57', 0x5f5f63695f6c6173745f726567656e65726174657c693a313736313939333839373b5f63695f70726576696f75735f75726c7c733a35393a2268747470733a2f2f6268617669636c69656e74732e62686176696372656174696f6e732e636f6d2f696e6465782e7068702f64617368626f617264223b757365725f69647c733a313a2231223b66697273745f6e616d657c733a393a22626861766920707674223b6c6173745f6e616d657c733a393a226372656174696f6e73223b656d61696c7c733a313a2220223b726f6c655f69647c733a313a2231223b726f6c655f6e616d657c733a353a2241646d696e223b636c69656e745f69647c4e3b656d706c6f7965655f69647c4e3b69734c6f67676564496e7c623a313b),
('ci_session:2c8b81a12f05ce04a01f2f962b4e32e2', '49.44.85.6', '2025-11-01 10:31:48', 0x5f5f63695f6c6173745f726567656e65726174657c693a313736313939333130383b5f5f63695f766172737c613a303a7b7d5f63695f70726576696f75735f75726c7c733a35353a2268747470733a2f2f6268617669636c69656e74732e62686176696372656174696f6e732e636f6d2f696e6465782e7068702f6c6f67696e223b),
('ci_session:ac562a0c52caf334e1990f6485425cd0', '49.43.201.59', '2025-11-01 11:26:15', 0x5f5f63695f6c6173745f726567656e65726174657c693a313736313939363337353b5f63695f70726576696f75735f75726c7c733a36383a2268747470733a2f2f6268617669636c69656e74732e62686176696372656174696f6e732e636f6d2f696e6465782e7068702f656d706c6f7965652d64617368626f617264223b757365725f69647c733a323a223435223b66697273745f6e616d657c733a363a2272616d657368223b6c6173745f6e616d657c733a353a2270696c6c69223b656d61696c7c733a31363a2272616d65736840676d61696c2e636f6d223b726f6c655f69647c733a313a2232223b726f6c655f6e616d657c733a383a22456d706c6f796565223b636c69656e745f69647c4e3b656d706c6f7965655f69647c733a323a223233223b69734c6f67676564496e7c623a313b),
('ci_session:f148308b8ae727a911913d294117ff27', '202.133.51.68', '2025-11-01 10:32:34', 0x5f5f63695f6c6173745f726567656e65726174657c693a313736313939333135343b5f5f63695f766172737c613a303a7b7d5f63695f70726576696f75735f75726c7c733a35303a2268747470733a2f2f6268617669636c69656e74732e62686176696372656174696f6e732e636f6d2f696e6465782e7068702f223b),
('ci_session:6e993fe61093d967776c5ee211948f54', '49.43.201.59', '2025-11-01 10:40:38', 0x5f5f63695f6c6173745f726567656e65726174657c693a313736313939333633383b5f63695f70726576696f75735f75726c7c733a35393a2268747470733a2f2f6268617669636c69656e74732e62686176696372656174696f6e732e636f6d2f696e6465782e7068702f64617368626f617264223b757365725f69647c733a313a2231223b66697273745f6e616d657c733a393a22626861766920707674223b6c6173745f6e616d657c733a393a226372656174696f6e73223b656d61696c7c733a313a2220223b726f6c655f69647c733a313a2231223b726f6c655f6e616d657c733a353a2241646d696e223b636c69656e745f69647c4e3b656d706c6f7965655f69647c4e3b69734c6f67676564496e7c623a313b),
('ci_session:6e263059ec39684491df9a8ef2b6f0c9', '49.43.201.59', '2025-11-01 10:34:54', 0x5f5f63695f6c6173745f726567656e65726174657c693a313736313939333235313b5f63695f70726576696f75735f75726c7c733a36363a2268747470733a2f2f6268617669636c69656e74732e62686176696372656174696f6e732e636f6d2f696e6465782e7068702f636c69656e742d64617368626f617264223b757365725f69647c733a323a223430223b66697273745f6e616d657c733a343a2252616a75223b6c6173745f6e616d657c733a353a226b6972616e223b656d61696c7c733a31393a227372696e697661736140676d61696c2e636f6d223b726f6c655f69647c733a313a2233223b726f6c655f6e616d657c733a373a22436c69656e7473223b636c69656e745f69647c733a323a223139223b656d706c6f7965655f69647c4e3b69734c6f67676564496e7c623a313b),
('ci_session:93fa45afc161fafac10c17e2c6628c3f', '49.43.201.59', '2025-11-01 10:38:04', 0x5f5f63695f6c6173745f726567656e65726174657c693a313736313939333235363b5f63695f70726576696f75735f75726c7c733a35393a2268747470733a2f2f6268617669636c69656e74732e62686176696372656174696f6e732e636f6d2f696e6465782e7068702f64617368626f617264223b757365725f69647c733a313a2231223b66697273745f6e616d657c733a393a22626861766920707674223b6c6173745f6e616d657c733a393a226372656174696f6e73223b656d61696c7c733a313a2220223b726f6c655f69647c733a313a2231223b726f6c655f6e616d657c733a353a2241646d696e223b636c69656e745f69647c4e3b656d706c6f7965655f69647c4e3b69734c6f67676564496e7c623a313b),
('ci_session:4f74cfede7ea72cd542904c45a3e54e7', '49.43.201.59', '2025-11-01 12:08:52', 0x5f5f63695f6c6173745f726567656e65726174657c693a313736313939383933323b5f63695f70726576696f75735f75726c7c733a36383a2268747470733a2f2f6268617669636c69656e74732e62686176696372656174696f6e732e636f6d2f696e6465782e7068702f656d706c6f7965652d64617368626f617264223b757365725f69647c733a323a223435223b66697273745f6e616d657c733a363a2272616d657368223b6c6173745f6e616d657c733a353a2270696c6c69223b656d61696c7c733a31363a2272616d65736840676d61696c2e636f6d223b726f6c655f69647c733a313a2232223b726f6c655f6e616d657c733a383a22456d706c6f796565223b636c69656e745f69647c4e3b656d706c6f7965655f69647c733a323a223233223b69734c6f67676564496e7c623a313b),
('ci_session:424c668c8797e6c80ee7d301710cfbce', '49.43.201.59', '2025-11-01 10:35:01', 0x5f5f63695f6c6173745f726567656e65726174657c693a313736313939333330313b5f5f63695f766172737c613a303a7b7d5f63695f70726576696f75735f75726c7c733a35353a2268747470733a2f2f6268617669636c69656e74732e62686176696372656174696f6e732e636f6d2f696e6465782e7068702f6c6f67696e223b),
('ci_session:ed55260d7d4b369d6db9cee5e8124e54', '49.43.201.59', '2025-11-01 10:35:13', 0x5f5f63695f6c6173745f726567656e65726174657c693a313736313939333331303b5f63695f70726576696f75735f75726c7c733a36363a2268747470733a2f2f6268617669636c69656e74732e62686176696372656174696f6e732e636f6d2f696e6465782e7068702f636c69656e742d64617368626f617264223b757365725f69647c733a323a223437223b66697273745f6e616d657c733a343a2272616a61223b6c6173745f6e616d657c733a333a2272616d223b656d61696c7c733a32353a22636c69656e747372696e697661736140676d61696c2e636f6d223b726f6c655f69647c733a313a2234223b726f6c655f6e616d657c733a31343a22436c69656e74204d616e61676572223b636c69656e745f69647c733a323a223139223b656d706c6f7965655f69647c4e3b69734c6f67676564496e7c623a313b),
('ci_session:eecebb9ad65828939eef3838a38b76a8', '49.43.201.59', '2025-11-01 10:57:23', 0x5f5f63695f6c6173745f726567656e65726174657c693a313736313939343634333b5f63695f70726576696f75735f75726c7c733a35303a2268747470733a2f2f6268617669636c69656e74732e62686176696372656174696f6e732e636f6d2f696e6465782e7068702f223b5f63695f6f6c645f696e7075747c613a323a7b733a333a22676574223b613a303a7b7d733a343a22706f7374223b613a323a7b733a383a22757365726e616d65223b733a32363a227372696e69766173616d616e6167657240676d61696c2e636f6d223b733a383a2270617373776f7264223b733a303a22223b7d7d5f5f63695f766172737c613a323a7b733a31333a225f63695f6f6c645f696e707574223b733a333a226f6c64223b733a32313a225f63695f76616c69646174696f6e5f6572726f7273223b733a333a226f6c64223b7d5f63695f76616c69646174696f6e5f6572726f72737c613a313a7b733a383a2270617373776f7264223b733a33313a225468652070617373776f7264206669656c642069732072657175697265642e223b7d),
('ci_session:b2417bae163756e3a28069f970e163bb', '49.43.201.59', '2025-11-01 10:46:22', 0x5f5f63695f6c6173745f726567656e65726174657c693a313736313939333938323b5f63695f70726576696f75735f75726c7c733a36353a2268747470733a2f2f6268617669636c69656e74732e62686176696372656174696f6e732e636f6d2f696e6465782e7068702f656d706c6f7965652f637265617465223b757365725f69647c733a313a2231223b66697273745f6e616d657c733a393a22626861766920707674223b6c6173745f6e616d657c733a393a226372656174696f6e73223b656d61696c7c733a313a2220223b726f6c655f69647c733a313a2231223b726f6c655f6e616d657c733a353a2241646d696e223b636c69656e745f69647c4e3b656d706c6f7965655f69647c4e3b69734c6f67676564496e7c623a313b5f5f63695f766172737c613a303a7b7d),
('ci_session:db3edd3bbe28f21aff51422802a21021', '49.43.201.59', '2025-11-01 11:40:19', 0x5f5f63695f6c6173745f726567656e65726174657c693a313736313939373231393b5f63695f70726576696f75735f75726c7c733a36343a2268747470733a2f2f6268617669636c69656e74732e62686176696372656174696f6e732e636f6d2f696e6465782e7068702f636c69656e742f766965772f3237223b757365725f69647c733a313a2231223b66697273745f6e616d657c733a393a22626861766920707674223b6c6173745f6e616d657c733a393a226372656174696f6e73223b656d61696c7c733a313a2220223b726f6c655f69647c733a313a2231223b726f6c655f6e616d657c733a353a2241646d696e223b636c69656e745f69647c4e3b656d706c6f7965655f69647c4e3b69734c6f67676564496e7c623a313b),
('ci_session:1795cc040379dc162251db1666d9c0f5', '49.43.201.59', '2025-11-01 11:04:56', 0x5f5f63695f6c6173745f726567656e65726174657c693a313736313939353039363b5f63695f70726576696f75735f75726c7c733a37313a2268747470733a2f2f6268617669636c69656e74732e62686176696372656174696f6e732e636f6d2f696e6465782e7068702f6d61696e74656e616e63652f636c69656e742f3139223b757365725f69647c733a313a2231223b66697273745f6e616d657c733a393a22626861766920707674223b6c6173745f6e616d657c733a393a226372656174696f6e73223b656d61696c7c733a313a2220223b726f6c655f69647c733a313a2231223b726f6c655f6e616d657c733a353a2241646d696e223b636c69656e745f69647c4e3b656d706c6f7965655f69647c4e3b69734c6f67676564496e7c623a313b5f5f63695f766172737c613a303a7b7d),
('ci_session:fad4b95dd95dce8bbcda23e18944f372', '49.43.201.59', '2025-11-01 10:47:28', 0x5f5f63695f6c6173745f726567656e65726174657c693a313736313939343033373b5f63695f70726576696f75735f75726c7c733a36363a2268747470733a2f2f6268617669636c69656e74732e62686176696372656174696f6e732e636f6d2f696e6465782e7068702f636c69656e742d64617368626f617264223b757365725f69647c733a323a223635223b66697273745f6e616d657c733a353a226861726920223b6c6173745f6e616d657c733a363a226b616d616469223b656d61696c7c733a32303a226861726973706f72747340676d61696c2e636f6d223b726f6c655f69647c733a313a2233223b726f6c655f6e616d657c733a373a22436c69656e7473223b636c69656e745f69647c733a323a223237223b656d706c6f7965655f69647c4e3b69734c6f67676564496e7c623a313b),
('ci_session:557a6617849efba10ece9776d9ede154', '49.44.85.9', '2025-11-01 10:47:33', 0x5f5f63695f6c6173745f726567656e65726174657c693a313736313939343035333b5f5f63695f766172737c613a303a7b7d5f63695f70726576696f75735f75726c7c733a35353a2268747470733a2f2f6268617669636c69656e74732e62686176696372656174696f6e732e636f6d2f696e6465782e7068702f6c6f67696e223b),
('ci_session:6e83207f6db3a66b16fae0b92601417c', '49.43.201.59', '2025-11-01 12:07:29', 0x5f5f63695f6c6173745f726567656e65726174657c693a313736313939383834393b5f63695f70726576696f75735f75726c7c733a35353a2268747470733a2f2f6268617669636c69656e74732e62686176696372656174696f6e732e636f6d2f696e6465782e7068702f6c6f67696e223b6572726f727c733a32393a22496e76616c696420557365726e616d65206f722050617373776f72642e223b5f5f63695f766172737c613a323a7b733a353a226572726f72223b733a333a226f6c64223b733a31333a225f63695f6f6c645f696e707574223b733a333a226f6c64223b7d5f63695f6f6c645f696e7075747c613a323a7b733a333a22676574223b613a303a7b7d733a343a22706f7374223b613a323a7b733a383a22757365726e616d65223b733a32383a226d616e616765725f6861726973706f72747340676d61696c2e636f6d223b733a383a2270617373776f7264223b733a31303a2233333339393937373731223b7d7d),
('ci_session:7812e35ec6a1a23513ac65ca6d48cc69', '49.43.201.59', '2025-11-01 10:56:18', 0x5f5f63695f6c6173745f726567656e65726174657c693a313736313939343537383b5f63695f70726576696f75735f75726c7c733a36323a2268747470733a2f2f6268617669636c69656e74732e62686176696372656174696f6e732e636f6d2f696e6465782e7068702f73656c662d75706c6f616473223b757365725f69647c733a323a223430223b66697273745f6e616d657c733a343a2252616a75223b6c6173745f6e616d657c733a353a226b6972616e223b656d61696c7c733a31393a227372696e697661736140676d61696c2e636f6d223b726f6c655f69647c733a313a2233223b726f6c655f6e616d657c733a373a22436c69656e7473223b636c69656e745f69647c733a323a223139223b656d706c6f7965655f69647c4e3b69734c6f67676564496e7c623a313b5f5f63695f766172737c613a303a7b7d),
('ci_session:754d55bdecb3cc631a2870f8f3bd395d', '49.43.201.59', '2025-11-01 11:24:37', 0x5f5f63695f6c6173745f726567656e65726174657c693a313736313939363237373b5f63695f70726576696f75735f75726c7c733a36323a2268747470733a2f2f6268617669636c69656e74732e62686176696372656174696f6e732e636f6d2f696e6465782e7068702f776f726b2d75706461746573223b757365725f69647c733a323a223430223b66697273745f6e616d657c733a343a2252616a75223b6c6173745f6e616d657c733a353a226b6972616e223b656d61696c7c733a31393a227372696e697661736140676d61696c2e636f6d223b726f6c655f69647c733a313a2233223b726f6c655f6e616d657c733a373a22436c69656e7473223b636c69656e745f69647c733a323a223139223b656d706c6f7965655f69647c4e3b69734c6f67676564496e7c623a313b),
('ci_session:162e3e0680a7ddb4f61ff7a92d9d5c60', '49.43.201.59', '2025-11-01 11:04:12', 0x5f5f63695f6c6173745f726567656e65726174657c693a313736313939353035323b5f63695f70726576696f75735f75726c7c733a35303a2268747470733a2f2f6268617669636c69656e74732e62686176696372656174696f6e732e636f6d2f696e6465782e7068702f223b6572726f727c733a32393a22496e76616c696420557365726e616d65206f722050617373776f72642e223b5f5f63695f766172737c613a323a7b733a353a226572726f72223b733a333a226f6c64223b733a31333a225f63695f6f6c645f696e707574223b733a333a226f6c64223b7d5f63695f6f6c645f696e7075747c613a323a7b733a333a22676574223b613a303a7b7d733a343a22706f7374223b613a323a7b733a383a22757365726e616d65223b733a32323a2262686176696d616e6167657240676d61696c2e636f6d223b733a383a2270617373776f7264223b733a31313a2270617373776f7264313233223b7d7d),
('ci_session:33acec3c3f942c5cdfdb1b842d0ae824', '49.43.201.59', '2025-11-01 11:31:35', 0x5f5f63695f6c6173745f726567656e65726174657c693a313736313939363639353b5f63695f70726576696f75735f75726c7c733a36363a2268747470733a2f2f6268617669636c69656e74732e62686176696372656174696f6e732e636f6d2f696e6465782e7068702f656d706c6f7965652d706179736c6970223b757365725f69647c733a323a223436223b66697273745f6e616d657c733a353a2261646d696e223b6c6173745f6e616d657c733a373a226d616e61676572223b656d61696c7c733a32323a2261646d696e6d616e6167657240676d61696c2e636f6d223b726f6c655f69647c733a313a2235223b726f6c655f6e616d657c733a31333a2241646d696e204d616e61676572223b636c69656e745f69647c4e3b656d706c6f7965655f69647c4e3b69734c6f67676564496e7c623a313b5f5f63695f766172737c613a303a7b7d),
('ci_session:1dc95acb15712bd8e83010d83e70fcf7', '49.43.201.59', '2025-11-01 11:09:58', 0x5f5f63695f6c6173745f726567656e65726174657c693a313736313939353339383b5f63695f70726576696f75735f75726c7c733a36393a2268747470733a2f2f6268617669636c69656e74732e62686176696372656174696f6e732e636f6d2f696e6465782e7068702f636c69656e742d7061796d656e742f6c697374223b757365725f69647c733a313a2231223b66697273745f6e616d657c733a393a22626861766920707674223b6c6173745f6e616d657c733a393a226372656174696f6e73223b656d61696c7c733a313a2220223b726f6c655f69647c733a313a2231223b726f6c655f6e616d657c733a353a2241646d696e223b636c69656e745f69647c4e3b656d706c6f7965655f69647c4e3b69734c6f67676564496e7c623a313b5f5f63695f766172737c613a303a7b7d),
('ci_session:33b87b7e4412807a1528f184e964d6d9', '49.43.201.59', '2025-11-01 11:15:08', 0x5f5f63695f6c6173745f726567656e65726174657c693a313736313939353730383b5f63695f70726576696f75735f75726c7c733a37303a2268747470733a2f2f6268617669636c69656e74732e62686176696372656174696f6e732e636f6d2f696e6465782e7068702f636c69656e742d7265706f72742f637265617465223b757365725f69647c733a313a2231223b66697273745f6e616d657c733a393a22626861766920707674223b6c6173745f6e616d657c733a393a226372656174696f6e73223b656d61696c7c733a313a2220223b726f6c655f69647c733a313a2231223b726f6c655f6e616d657c733a353a2241646d696e223b636c69656e745f69647c4e3b656d706c6f7965655f69647c4e3b69734c6f67676564496e7c623a313b5f5f63695f766172737c613a303a7b7d),
('ci_session:a072b2f57e1d1808898e75b93f8db1e1', '49.43.201.59', '2025-11-01 11:23:09', 0x5f5f63695f6c6173745f726567656e65726174657c693a313736313939363138393b5f63695f70726576696f75735f75726c7c733a37323a2268747470733a2f2f6268617669636c69656e74732e62686176696372656174696f6e732e636f6d2f696e6465782e7068702f7765656b6c792d7363686564756c652f637265617465223b757365725f69647c733a313a2231223b66697273745f6e616d657c733a393a22626861766920707674223b6c6173745f6e616d657c733a393a226372656174696f6e73223b656d61696c7c733a313a2220223b726f6c655f69647c733a313a2231223b726f6c655f6e616d657c733a353a2241646d696e223b636c69656e745f69647c4e3b656d706c6f7965655f69647c4e3b69734c6f67676564496e7c623a313b5f5f63695f766172737c613a303a7b7d),
('ci_session:1bd68400c4fe5e7c596c5c05aed21427', '49.43.201.59', '2025-11-01 11:28:48', 0x5f5f63695f6c6173745f726567656e65726174657c693a313736313939363532383b5f63695f70726576696f75735f75726c7c733a36343a2268747470733a2f2f6268617669636c69656e74732e62686176696372656174696f6e732e636f6d2f696e6465782e7068702f636c69656e742f766965772f3238223b757365725f69647c733a313a2231223b66697273745f6e616d657c733a393a22626861766920707674223b6c6173745f6e616d657c733a393a226372656174696f6e73223b656d61696c7c733a313a2220223b726f6c655f69647c733a313a2231223b726f6c655f6e616d657c733a353a2241646d696e223b636c69656e745f69647c4e3b656d706c6f7965655f69647c4e3b69734c6f67676564496e7c623a313b),
('ci_session:4c129f37aea96bbdffe6aa2194286454', '49.43.201.59', '2025-11-01 11:30:17', 0x5f5f63695f6c6173745f726567656e65726174657c693a313736313939363334393b5f63695f70726576696f75735f75726c7c733a36323a2268747470733a2f2f6268617669636c69656e74732e62686176696372656174696f6e732e636f6d2f696e6465782e7068702f776f726b2d75706461746573223b757365725f69647c733a323a223637223b66697273745f6e616d657c733a393a2244522e6b6972616e20223b6c6173745f6e616d657c733a373a227261746e616d20223b656d61696c7c733a32313a226170706c6564656e74616c40676d61696c2e636f6d223b726f6c655f69647c733a313a2233223b726f6c655f6e616d657c733a373a22436c69656e7473223b636c69656e745f69647c733a323a223238223b656d706c6f7965655f69647c4e3b69734c6f67676564496e7c623a313b),
('ci_session:1c1c9e73e1d27d2acc9cc29ebf1b3d14', '49.44.82.230', '2025-11-01 11:25:54', 0x5f5f63695f6c6173745f726567656e65726174657c693a313736313939363335343b5f5f63695f766172737c613a303a7b7d5f63695f70726576696f75735f75726c7c733a35353a2268747470733a2f2f6268617669636c69656e74732e62686176696372656174696f6e732e636f6d2f696e6465782e7068702f6c6f67696e223b),
('ci_session:50039296dfd4ef0be51a920de68140fe', '49.43.201.59', '2025-11-01 11:32:49', 0x5f5f63695f6c6173745f726567656e65726174657c693a313736313939363736393b5f63695f70726576696f75735f75726c7c733a37323a2268747470733a2f2f6268617669636c69656e74732e62686176696372656174696f6e732e636f6d2f696e6465782e7068702f656d706c6f7965652d636c69656e742d617373657473223b757365725f69647c733a323a223435223b66697273745f6e616d657c733a363a2272616d657368223b6c6173745f6e616d657c733a353a2270696c6c69223b656d61696c7c733a31363a2272616d65736840676d61696c2e636f6d223b726f6c655f69647c733a313a2232223b726f6c655f6e616d657c733a383a22456d706c6f796565223b636c69656e745f69647c4e3b656d706c6f7965655f69647c733a323a223233223b69734c6f67676564496e7c623a313b5f5f63695f766172737c613a303a7b7d),
('ci_session:cb3ecdbd9eb3828da0f1185b2de05675', '49.43.201.59', '2025-11-01 11:36:17', 0x5f5f63695f6c6173745f726567656e65726174657c693a313736313939363937373b5f63695f70726576696f75735f75726c7c733a36363a2268747470733a2f2f6268617669636c69656e74732e62686176696372656174696f6e732e636f6d2f696e6465782e7068702f656d706c6f7965652f766965772f3237223b757365725f69647c733a313a2231223b66697273745f6e616d657c733a393a22626861766920707674223b6c6173745f6e616d657c733a393a226372656174696f6e73223b656d61696c7c733a313a2220223b726f6c655f69647c733a313a2231223b726f6c655f6e616d657c733a353a2241646d696e223b636c69656e745f69647c4e3b656d706c6f7965655f69647c4e3b69734c6f67676564496e7c623a313b5f5f63695f766172737c613a303a7b7d),
('ci_session:f88dcea535a28420a83f46972a903b6f', '49.43.201.59', '2025-11-01 11:39:08', 0x5f5f63695f6c6173745f726567656e65726174657c693a313736313939373134383b5f63695f70726576696f75735f75726c7c733a37333a2268747470733a2f2f6268617669636c69656e74732e62686176696372656174696f6e732e636f6d2f696e6465782e7068702f7461736b2d6d616e6167656d656e742f656469742f3132223b757365725f69647c733a323a223436223b66697273745f6e616d657c733a353a2261646d696e223b6c6173745f6e616d657c733a373a226d616e61676572223b656d61696c7c733a32323a2261646d696e6d616e6167657240676d61696c2e636f6d223b726f6c655f69647c733a313a2235223b726f6c655f6e616d657c733a31333a2241646d696e204d616e61676572223b636c69656e745f69647c4e3b656d706c6f7965655f69647c4e3b69734c6f67676564496e7c623a313b5f5f63695f766172737c613a303a7b7d),
('ci_session:e857cb2f1c6c642cc609a23843418f7e', '49.43.201.59', '2025-11-01 11:38:33', 0x5f5f63695f6c6173745f726567656e65726174657c693a313736313939373131333b5f63695f70726576696f75735f75726c7c733a35383a2268747470733a2f2f6268617669636c69656e74732e62686176696372656174696f6e732e636f6d2f696e6465782e7068702f6d792d7461736b73223b757365725f69647c733a323a223636223b66697273745f6e616d657c733a343a226d616e69223b6c6173745f6e616d657c733a373a226d616c6c616469223b656d61696c7c733a31393a226d616e696b756d617240676d61696c2e636f6d223b726f6c655f69647c733a313a2232223b726f6c655f6e616d657c733a383a22456d706c6f796565223b636c69656e745f69647c4e3b656d706c6f7965655f69647c733a323a223237223b69734c6f67676564496e7c623a313b737563636573737c733a32383a22576f726b207375626d6974746564207375636365737366756c6c7921223b5f5f63695f766172737c613a313a7b733a373a2273756363657373223b733a333a226f6c64223b7d),
('ci_session:0ce1ff24f14745d7259b1edd7e3275de', '49.43.201.59', '2025-11-01 11:42:09', 0x5f5f63695f6c6173745f726567656e65726174657c693a313736313939373332393b5f63695f70726576696f75735f75726c7c733a36353a2268747470733a2f2f6268617669636c69656e74732e62686176696372656174696f6e732e636f6d2f696e6465782e7068702f7461736b2d6d616e6167656d656e74223b757365725f69647c733a313a2231223b66697273745f6e616d657c733a393a22626861766920707674223b6c6173745f6e616d657c733a393a226372656174696f6e73223b656d61696c7c733a313a2220223b726f6c655f69647c733a313a2231223b726f6c655f6e616d657c733a353a2241646d696e223b636c69656e745f69647c4e3b656d706c6f7965655f69647c4e3b69734c6f67676564496e7c623a313b5f5f63695f766172737c613a303a7b7d),
('ci_session:7d67cc48ec5a1507512d3f9e2a88500a', '49.43.201.59', '2025-11-01 11:41:28', 0x5f5f63695f6c6173745f726567656e65726174657c693a313736313939373131333b5f63695f70726576696f75735f75726c7c733a36313a2268747470733a2f2f6268617669636c69656e74732e62686176696372656174696f6e732e636f6d2f696e6465782e7068702f6d792d706179736c697073223b757365725f69647c733a323a223636223b66697273745f6e616d657c733a343a226d616e69223b6c6173745f6e616d657c733a373a226d616c6c616469223b656d61696c7c733a31393a226d616e696b756d617240676d61696c2e636f6d223b726f6c655f69647c733a313a2232223b726f6c655f6e616d657c733a383a22456d706c6f796565223b636c69656e745f69647c4e3b656d706c6f7965655f69647c733a323a223237223b69734c6f67676564496e7c623a313b);
INSERT INTO `ci_sessions` (`id`, `ip_address`, `timestamp`, `data`) VALUES
('ci_session:ab59b1c05aa6fbb06a4d4027b817607b', '49.43.201.59', '2025-11-01 11:41:18', 0x5f5f63695f6c6173745f726567656e65726174657c693a313736313939373134383b5f63695f70726576696f75735f75726c7c733a36363a2268747470733a2f2f6268617669636c69656e74732e62686176696372656174696f6e732e636f6d2f696e6465782e7068702f656d706c6f7965652d706179736c6970223b757365725f69647c733a323a223436223b66697273745f6e616d657c733a353a2261646d696e223b6c6173745f6e616d657c733a373a226d616e61676572223b656d61696c7c733a32323a2261646d696e6d616e6167657240676d61696c2e636f6d223b726f6c655f69647c733a313a2235223b726f6c655f6e616d657c733a31333a2241646d696e204d616e61676572223b636c69656e745f69647c4e3b656d706c6f7965655f69647c4e3b69734c6f67676564496e7c623a313b737563636573737c733a33303a22506179736c69702075706c6f61646564207375636365737366756c6c7921223b5f5f63695f766172737c613a313a7b733a373a2273756363657373223b733a333a226f6c64223b7d),
('ci_session:ec8ffb96a7cb49d43487721bae7249e1', '49.43.201.59', '2025-11-01 11:50:27', 0x5f5f63695f6c6173745f726567656e65726174657c693a313736313939373832373b5f63695f70726576696f75735f75726c7c733a35393a2268747470733a2f2f6268617669636c69656e74732e62686176696372656174696f6e732e636f6d2f696e6465782e7068702f64617368626f617264223b757365725f69647c733a313a2231223b66697273745f6e616d657c733a393a22626861766920707674223b6c6173745f6e616d657c733a393a226372656174696f6e73223b656d61696c7c733a313a2220223b726f6c655f69647c733a313a2231223b726f6c655f6e616d657c733a353a2241646d696e223b636c69656e745f69647c4e3b656d706c6f7965655f69647c4e3b69734c6f67676564496e7c623a313b),
('ci_session:e72774d22b8b563c046a291f2a6954d8', '49.43.201.59', '2025-11-01 11:45:20', 0x5f5f63695f6c6173745f726567656e65726174657c693a313736313939373532303b5f63695f70726576696f75735f75726c7c733a35383a2268747470733a2f2f6268617669636c69656e74732e62686176696372656174696f6e732e636f6d2f696e6465782e7068702f656d706c6f796565223b757365725f69647c733a313a2231223b66697273745f6e616d657c733a393a22626861766920707674223b6c6173745f6e616d657c733a393a226372656174696f6e73223b656d61696c7c733a313a2220223b726f6c655f69647c733a313a2231223b726f6c655f6e616d657c733a353a2241646d696e223b636c69656e745f69647c4e3b656d706c6f7965655f69647c4e3b69734c6f67676564496e7c623a313b737563636573737c733a33303a22456d706c6f7965652064656c65746564207375636365737366756c6c792e223b5f5f63695f766172737c613a313a7b733a373a2273756363657373223b733a333a226f6c64223b7d),
('ci_session:74257c74bf95b45033c2802bf15ca362', '49.43.201.59', '2025-11-01 11:42:13', 0x5f5f63695f6c6173745f726567656e65726174657c693a313736313939373332393b5f63695f70726576696f75735f75726c7c733a36303a2268747470733a2f2f6268617669636c69656e74732e62686176696372656174696f6e732e636f6d2f696e6465782e7068702f6465706172746d656e74223b757365725f69647c733a313a2231223b66697273745f6e616d657c733a393a22626861766920707674223b6c6173745f6e616d657c733a393a226372656174696f6e73223b656d61696c7c733a313a2220223b726f6c655f69647c733a313a2231223b726f6c655f6e616d657c733a353a2241646d696e223b636c69656e745f69647c4e3b656d706c6f7965655f69647c4e3b69734c6f67676564496e7c623a313b5f5f63695f766172737c613a303a7b7d),
('ci_session:fa488fbb1acdf76c2eb1bb5690e002e5', '49.43.201.59', '2025-11-01 11:50:25', 0x5f5f63695f6c6173745f726567656e65726174657c693a313736313939373832353b5f63695f70726576696f75735f75726c7c733a35383a2268747470733a2f2f6268617669636c69656e74732e62686176696372656174696f6e732e636f6d2f696e6465782e7068702f656d706c6f796565223b757365725f69647c733a313a2231223b66697273745f6e616d657c733a393a22626861766920707674223b6c6173745f6e616d657c733a393a226372656174696f6e73223b656d61696c7c733a313a2220223b726f6c655f69647c733a313a2231223b726f6c655f6e616d657c733a353a2241646d696e223b636c69656e745f69647c4e3b656d706c6f7965655f69647c4e3b69734c6f67676564496e7c623a313b5f5f63695f766172737c613a303a7b7d),
('ci_session:91b6cd3a01d481278f3c7cc49a74f50a', '49.43.201.59', '2025-11-01 11:55:47', 0x5f5f63695f6c6173745f726567656e65726174657c693a313736313939383134373b5f63695f70726576696f75735f75726c7c733a36353a2268747470733a2f2f6268617669636c69656e74732e62686176696372656174696f6e732e636f6d2f696e6465782e7068702f636c69656e742f66696c65732f3239223b757365725f69647c733a313a2231223b66697273745f6e616d657c733a393a22626861766920707674223b6c6173745f6e616d657c733a393a226372656174696f6e73223b656d61696c7c733a313a2220223b726f6c655f69647c733a313a2231223b726f6c655f6e616d657c733a353a2241646d696e223b636c69656e745f69647c4e3b656d706c6f7965655f69647c4e3b69734c6f67676564496e7c623a313b5f5f63695f766172737c613a303a7b7d),
('ci_session:b0a92d1db5f20866cd5fd973bf3daf8e', '49.43.201.59', '2025-11-01 11:58:16', 0x5f5f63695f6c6173745f726567656e65726174657c693a313736313939383239363b5f63695f70726576696f75735f75726c7c733a36353a2268747470733a2f2f6268617669636c69656e74732e62686176696372656174696f6e732e636f6d2f696e6465782e7068702f656d706c6f7965652f637265617465223b757365725f69647c733a313a2231223b66697273745f6e616d657c733a393a22626861766920707674223b6c6173745f6e616d657c733a393a226372656174696f6e73223b656d61696c7c733a313a2220223b726f6c655f69647c733a313a2231223b726f6c655f6e616d657c733a353a2241646d696e223b636c69656e745f69647c4e3b656d706c6f7965655f69647c4e3b69734c6f67676564496e7c623a313b5f5f63695f766172737c613a303a7b7d),
('ci_session:de2f8b922730e63b211d69c786d316fd', '49.43.201.59', '2025-11-01 12:03:42', 0x5f5f63695f6c6173745f726567656e65726174657c693a313736313939383632323b5f63695f70726576696f75735f75726c7c733a36373a2268747470733a2f2f6268617669636c69656e74732e62686176696372656174696f6e732e636f6d2f696e6465782e7068702f636c69656e742d7061796d656e742f3239223b757365725f69647c733a313a2231223b66697273745f6e616d657c733a393a22626861766920707674223b6c6173745f6e616d657c733a393a226372656174696f6e73223b656d61696c7c733a313a2220223b726f6c655f69647c733a313a2231223b726f6c655f6e616d657c733a353a2241646d696e223b636c69656e745f69647c4e3b656d706c6f7965655f69647c4e3b69734c6f67676564496e7c623a313b5f5f63695f766172737c613a303a7b7d),
('ci_session:9e0c4ba463a98230fdfe2e663a3e3c97', '49.43.201.59', '2025-11-01 12:03:34', 0x5f5f63695f6c6173745f726567656e65726174657c693a313736313939383631343b5f63695f70726576696f75735f75726c7c733a36373a2268747470733a2f2f6268617669636c69656e74732e62686176696372656174696f6e732e636f6d2f696e6465782e7068702f636c69656e742d7061796d656e742f3239223b757365725f69647c733a313a2231223b66697273745f6e616d657c733a393a22626861766920707674223b6c6173745f6e616d657c733a393a226372656174696f6e73223b656d61696c7c733a313a2220223b726f6c655f69647c733a313a2231223b726f6c655f6e616d657c733a353a2241646d696e223b636c69656e745f69647c4e3b656d706c6f7965655f69647c4e3b69734c6f67676564496e7c623a313b6d6573736167657c733a33363a225061796d656e74207363686564756c65206164646564207375636365737366756c6c7921223b5f5f63695f766172737c613a313a7b733a373a226d657373616765223b733a333a226f6c64223b7d),
('ci_session:b1ea2652e78ff376895f1ba56717fc0a', '49.43.201.59', '2025-11-01 12:11:03', 0x5f5f63695f6c6173745f726567656e65726174657c693a313736313939393036333b5f63695f70726576696f75735f75726c7c733a37323a2268747470733a2f2f6268617669636c69656e74732e62686176696372656174696f6e732e636f6d2f696e6465782e7068702f7765656b6c792d7363686564756c652f637265617465223b757365725f69647c733a313a2231223b66697273745f6e616d657c733a393a22626861766920707674223b6c6173745f6e616d657c733a393a226372656174696f6e73223b656d61696c7c733a313a2220223b726f6c655f69647c733a313a2231223b726f6c655f6e616d657c733a353a2241646d696e223b636c69656e745f69647c4e3b656d706c6f7965655f69647c4e3b69734c6f67676564496e7c623a313b5f5f63695f766172737c613a303a7b7d),
('ci_session:1cafd7c969af5f2c64ebfaef3e877c7e', '49.43.201.59', '2025-11-01 12:11:56', 0x5f5f63695f6c6173745f726567656e65726174657c693a313736313939383833383b5f63695f70726576696f75735f75726c7c733a37323a2268747470733a2f2f6268617669636c69656e74732e62686176696372656174696f6e732e636f6d2f696e6465782e7068702f656d706c6f7965652d636c69656e742d617373657473223b757365725f69647c733a323a223732223b66697273745f6e616d657c733a353a225265646479223b6c6173745f6e616d657c733a31303a22476f7772692044657669223b656d61696c7c733a32373a22676f77726964657669726564647930303140676d61696c2e636f6d223b726f6c655f69647c733a313a2232223b726f6c655f6e616d657c733a383a22456d706c6f796565223b636c69656e745f69647c4e3b656d706c6f7965655f69647c733a323a223239223b69734c6f67676564496e7c623a313b5f5f63695f766172737c613a303a7b7d),
('ci_session:2fbf0ff70a653af07e6021a58db4223a', '49.43.201.59', '2025-11-01 12:07:29', 0x5f5f63695f6c6173745f726567656e65726174657c693a313736313939383834393b5f63695f70726576696f75735f75726c7c733a35393a2268747470733a2f2f6268617669636c69656e74732e62686176696372656174696f6e732e636f6d2f696e6465782e7068702f64617368626f617264223b757365725f69647c733a323a223436223b66697273745f6e616d657c733a353a2261646d696e223b6c6173745f6e616d657c733a373a226d616e61676572223b656d61696c7c733a32323a2261646d696e6d616e6167657240676d61696c2e636f6d223b726f6c655f69647c733a313a2235223b726f6c655f6e616d657c733a31333a2241646d696e204d616e61676572223b636c69656e745f69647c4e3b656d706c6f7965655f69647c4e3b69734c6f67676564496e7c623a313b),
('ci_session:442c3c93d734ce0c4f39f3047a8a8600', '49.43.201.59', '2025-11-01 12:09:04', 0x5f5f63695f6c6173745f726567656e65726174657c693a313736313939383933323b5f63695f70726576696f75735f75726c7c733a36383a2268747470733a2f2f6268617669636c69656e74732e62686176696372656174696f6e732e636f6d2f696e6465782e7068702f656d706c6f7965652d64617368626f617264223b757365725f69647c733a323a223435223b66697273745f6e616d657c733a363a2272616d657368223b6c6173745f6e616d657c733a353a2270696c6c69223b656d61696c7c733a31363a2272616d65736840676d61696c2e636f6d223b726f6c655f69647c733a313a2232223b726f6c655f6e616d657c733a383a22456d706c6f796565223b636c69656e745f69647c4e3b656d706c6f7965655f69647c733a323a223233223b69734c6f67676564496e7c623a313b6572726f727c733a36323a224163636573732064656e6965642e20596f7520646f206e6f742068617665207065726d697373696f6e20746f20616363657373207468697320706167652e223b5f5f63695f766172737c613a313a7b733a353a226572726f72223b733a333a226e6577223b7d),
('ci_session:bd2a59938320cd0d0216c32535290169', '49.43.201.59', '2025-11-01 12:12:04', 0x5f5f63695f6c6173745f726567656e65726174657c693a313736313939383935363b5f63695f70726576696f75735f75726c7c733a37323a2268747470733a2f2f6268617669636c69656e74732e62686176696372656174696f6e732e636f6d2f696e6465782e7068702f656d706c6f7965652d636c69656e742d617373657473223b757365725f69647c733a323a223732223b66697273745f6e616d657c733a353a225265646479223b6c6173745f6e616d657c733a31303a22476f7772692044657669223b656d61696c7c733a32373a22676f77726964657669726564647930303140676d61696c2e636f6d223b726f6c655f69647c733a313a2232223b726f6c655f6e616d657c733a383a22456d706c6f796565223b636c69656e745f69647c4e3b656d706c6f7965655f69647c733a323a223239223b69734c6f67676564496e7c623a313b5f5f63695f766172737c613a303a7b7d),
('ci_session:0d1c796faf20595e5d3d29f5d429ff67', '49.43.201.59', '2025-11-01 12:18:46', 0x5f5f63695f6c6173745f726567656e65726174657c693a313736313939393532363b5f63695f70726576696f75735f75726c7c733a35383a2268747470733a2f2f6268617669636c69656e74732e62686176696372656174696f6e732e636f6d2f696e6465782e7068702f656d706c6f796565223b757365725f69647c733a313a2231223b66697273745f6e616d657c733a393a22626861766920707674223b6c6173745f6e616d657c733a393a226372656174696f6e73223b656d61696c7c733a313a2220223b726f6c655f69647c733a313a2231223b726f6c655f6e616d657c733a353a2241646d696e223b636c69656e745f69647c4e3b656d706c6f7965655f69647c4e3b69734c6f67676564496e7c623a313b5f5f63695f766172737c613a303a7b7d),
('ci_session:e584ec718dde5f0b9929e8c8847bfd0f', '49.43.201.59', '2025-11-01 12:23:47', 0x5f5f63695f6c6173745f726567656e65726174657c693a313736313939393832373b5f63695f70726576696f75735f75726c7c733a36373a2268747470733a2f2f6268617669636c69656e74732e62686176696372656174696f6e732e636f6d2f696e6465782e7068702f636c69656e742d7061796d656e742f3330223b757365725f69647c733a313a2231223b66697273745f6e616d657c733a393a22626861766920707674223b6c6173745f6e616d657c733a393a226372656174696f6e73223b656d61696c7c733a313a2220223b726f6c655f69647c733a313a2231223b726f6c655f6e616d657c733a353a2241646d696e223b636c69656e745f69647c4e3b656d706c6f7965655f69647c4e3b69734c6f67676564496e7c623a313b6d6573736167657c733a33363a225061796d656e74207363686564756c65206164646564207375636365737366756c6c7921223b5f5f63695f766172737c613a313a7b733a373a226d657373616765223b733a333a226f6c64223b7d),
('ci_session:acc12b52a022edbc003df5aa81161a9c', '49.43.201.59', '2025-11-01 12:26:26', 0x5f5f63695f6c6173745f726567656e65726174657c693a313736313939393832373b5f63695f70726576696f75735f75726c7c733a36373a2268747470733a2f2f6268617669636c69656e74732e62686176696372656174696f6e732e636f6d2f696e6465782e7068702f636c69656e742d7061796d656e742f3330223b757365725f69647c733a313a2231223b66697273745f6e616d657c733a393a22626861766920707674223b6c6173745f6e616d657c733a393a226372656174696f6e73223b656d61696c7c733a313a2220223b726f6c655f69647c733a313a2231223b726f6c655f6e616d657c733a353a2241646d696e223b636c69656e745f69647c4e3b656d706c6f7965655f69647c4e3b69734c6f67676564496e7c623a313b6d6573736167657c733a33363a225061796d656e74207363686564756c65206164646564207375636365737366756c6c7921223b5f5f63695f766172737c613a313a7b733a373a226d657373616765223b733a333a226f6c64223b7d),
('ci_session:9be53705d7e30007eaa9dfba2df9f655', '205.169.39.17', '2025-11-01 12:51:16', 0x5f5f63695f6c6173745f726567656e65726174657c693a313736323030313437363b5f5f63695f766172737c613a303a7b7d5f63695f70726576696f75735f75726c7c733a35303a2268747470733a2f2f6268617669636c69656e74732e62686176696372656174696f6e732e636f6d2f696e6465782e7068702f223b),
('ci_session:6dcc8b3103ca7b2582fa097f3a6b3032', '18.97.9.96', '2025-11-01 13:05:13', 0x5f5f63695f6c6173745f726567656e65726174657c693a313736323030323331333b5f5f63695f766172737c613a303a7b7d5f63695f70726576696f75735f75726c7c733a35303a2268747470733a2f2f6268617669636c69656e74732e62686176696372656174696f6e732e636f6d2f696e6465782e7068702f223b),
('ci_session:ccc2528b3ea041ba90c908e8543f6f99', '198.235.24.135', '2025-11-01 22:19:11', 0x5f5f63695f6c6173745f726567656e65726174657c693a313736323033353535313b5f5f63695f766172737c613a303a7b7d5f63695f70726576696f75735f75726c7c733a35303a2268747470733a2f2f6268617669636c69656e74732e62686176696372656174696f6e732e636f6d2f696e6465782e7068702f223b),
('ci_session:42c40b317b18486990afd13faa87d6f4', '74.7.227.228', '2025-11-02 01:26:07', 0x5f5f63695f6c6173745f726567656e65726174657c693a313736323034363736373b5f5f63695f766172737c613a303a7b7d5f63695f70726576696f75735f75726c7c733a35303a2268747470733a2f2f6268617669636c69656e74732e62686176696372656174696f6e732e636f6d2f696e6465782e7068702f223b),
('ci_session:b5ef0a722b762c080a3b3aa22d3e6c52', '74.7.227.91', '2025-11-02 01:37:45', 0x5f5f63695f6c6173745f726567656e65726174657c693a313736323034373436353b5f5f63695f766172737c613a303a7b7d5f63695f70726576696f75735f75726c7c733a35303a2268747470733a2f2f6268617669636c69656e74732e62686176696372656174696f6e732e636f6d2f696e6465782e7068702f223b),
('ci_session:45d8b2d8f7a6b3eec5919ab9bba6a37e', '18.97.9.96', '2025-11-02 13:20:47', 0x5f5f63695f6c6173745f726567656e65726174657c693a313736323038393634373b5f5f63695f766172737c613a303a7b7d5f63695f70726576696f75735f75726c7c733a35303a2268747470733a2f2f6268617669636c69656e74732e62686176696372656174696f6e732e636f6d2f696e6465782e7068702f223b),
('ci_session:ead79b71403531cc92932c7f381af167', '49.43.201.59', '2025-11-03 03:52:01', 0x5f5f63695f6c6173745f726567656e65726174657c693a313736323134313737333b5f63695f70726576696f75735f75726c7c733a36373a2268747470733a2f2f6268617669636c69656e74732e62686176696372656174696f6e732e636f6d2f696e6465782e7068702f636c69656e742d7061796d656e742f3239223b757365725f69647c733a313a2231223b66697273745f6e616d657c733a393a22626861766920707674223b6c6173745f6e616d657c733a393a226372656174696f6e73223b656d61696c7c733a313a2220223b726f6c655f69647c733a313a2231223b726f6c655f6e616d657c733a353a2241646d696e223b636c69656e745f69647c4e3b656d706c6f7965655f69647c4e3b69734c6f67676564496e7c623a313b5f5f63695f766172737c613a303a7b7d),
('ci_session:92f6294ca31837e998f17a109c704ca3', '49.43.201.59', '2025-11-03 03:49:52', 0x5f5f63695f6c6173745f726567656e65726174657c693a313736323134313739323b5f5f63695f766172737c613a303a7b7d5f63695f70726576696f75735f75726c7c733a35353a2268747470733a2f2f6268617669636c69656e74732e62686176696372656174696f6e732e636f6d2f696e6465782e7068702f6c6f67696e223b),
('ci_session:dfcf9200f1ff1e8dcb97ea82e58380cc', '49.43.201.59', '2025-11-03 04:17:07', 0x5f5f63695f6c6173745f726567656e65726174657c693a313736323134333432373b5f63695f70726576696f75735f75726c7c733a36353a2268747470733a2f2f6268617669636c69656e74732e62686176696372656174696f6e732e636f6d2f696e6465782e7068702f656d706c6f7965652f637265617465223b757365725f69647c733a313a2231223b66697273745f6e616d657c733a393a22626861766920707674223b6c6173745f6e616d657c733a393a226372656174696f6e73223b656d61696c7c733a313a2220223b726f6c655f69647c733a313a2231223b726f6c655f6e616d657c733a353a2241646d696e223b636c69656e745f69647c4e3b656d706c6f7965655f69647c4e3b69734c6f67676564496e7c623a313b5f5f63695f766172737c613a303a7b7d),
('ci_session:00e2d359eeb99d3f053602c51b0c409b', '49.43.201.59', '2025-11-03 04:24:27', 0x5f5f63695f6c6173745f726567656e65726174657c693a313736323134333836373b5f63695f70726576696f75735f75726c7c733a36353a2268747470733a2f2f6268617669636c69656e74732e62686176696372656174696f6e732e636f6d2f696e6465782e7068702f656d706c6f7965652f637265617465223b757365725f69647c733a313a2231223b66697273745f6e616d657c733a393a22626861766920707674223b6c6173745f6e616d657c733a393a226372656174696f6e73223b656d61696c7c733a313a2220223b726f6c655f69647c733a313a2231223b726f6c655f6e616d657c733a353a2241646d696e223b636c69656e745f69647c4e3b656d706c6f7965655f69647c4e3b69734c6f67676564496e7c623a313b5f5f63695f766172737c613a303a7b7d),
('ci_session:c81cf972051a7f1ad5e106b2b5e89129', '49.43.201.59', '2025-11-03 04:29:28', 0x5f5f63695f6c6173745f726567656e65726174657c693a313736323134343136383b5f63695f70726576696f75735f75726c7c733a36303a2268747470733a2f2f6268617669636c69656e74732e62686176696372656174696f6e732e636f6d2f696e6465782e7068702f6465706172746d656e74223b757365725f69647c733a313a2231223b66697273745f6e616d657c733a393a22626861766920707674223b6c6173745f6e616d657c733a393a226372656174696f6e73223b656d61696c7c733a313a2220223b726f6c655f69647c733a313a2231223b726f6c655f6e616d657c733a353a2241646d696e223b636c69656e745f69647c4e3b656d706c6f7965655f69647c4e3b69734c6f67676564496e7c623a313b5f5f63695f766172737c613a303a7b7d),
('ci_session:5b5888b5aaa47733b2e2e4d74c63ed99', '49.43.201.59', '2025-11-03 04:39:44', 0x5f5f63695f6c6173745f726567656e65726174657c693a313736323134343738343b5f63695f70726576696f75735f75726c7c733a36333a2268747470733a2f2f6268617669636c69656e74732e62686176696372656174696f6e732e636f6d2f696e6465782e7068702f636c69656e742f637265617465223b757365725f69647c733a313a2231223b66697273745f6e616d657c733a393a22626861766920707674223b6c6173745f6e616d657c733a393a226372656174696f6e73223b656d61696c7c733a313a2220223b726f6c655f69647c733a313a2231223b726f6c655f6e616d657c733a353a2241646d696e223b636c69656e745f69647c4e3b656d706c6f7965655f69647c4e3b69734c6f67676564496e7c623a313b5f5f63695f766172737c613a303a7b7d),
('ci_session:3e24a8cc701f405d0e5ee70b4595c276', '49.43.201.59', '2025-11-03 04:46:19', 0x5f5f63695f6c6173745f726567656e65726174657c693a313736323134353137393b5f63695f70726576696f75735f75726c7c733a36333a2268747470733a2f2f6268617669636c69656e74732e62686176696372656174696f6e732e636f6d2f696e6465782e7068702f636c69656e742f637265617465223b757365725f69647c733a313a2231223b66697273745f6e616d657c733a393a22626861766920707674223b6c6173745f6e616d657c733a393a226372656174696f6e73223b656d61696c7c733a313a2220223b726f6c655f69647c733a313a2231223b726f6c655f6e616d657c733a353a2241646d696e223b636c69656e745f69647c4e3b656d706c6f7965655f69647c4e3b69734c6f67676564496e7c623a313b5f5f63695f766172737c613a303a7b7d),
('ci_session:d7aa8e82946082f7174a2c1cd0e9d92d', '49.43.201.59', '2025-11-03 04:54:12', 0x5f5f63695f6c6173745f726567656e65726174657c693a313736323134353635323b5f63695f70726576696f75735f75726c7c733a36333a2268747470733a2f2f6268617669636c69656e74732e62686176696372656174696f6e732e636f6d2f696e6465782e7068702f636c69656e742f637265617465223b757365725f69647c733a313a2231223b66697273745f6e616d657c733a393a22626861766920707674223b6c6173745f6e616d657c733a393a226372656174696f6e73223b656d61696c7c733a313a2220223b726f6c655f69647c733a313a2231223b726f6c655f6e616d657c733a353a2241646d696e223b636c69656e745f69647c4e3b656d706c6f7965655f69647c4e3b69734c6f67676564496e7c623a313b5f5f63695f766172737c613a303a7b7d),
('ci_session:fcb2122c2894f2948255e9a652469de0', '49.43.201.59', '2025-11-03 05:05:50', 0x5f5f63695f6c6173745f726567656e65726174657c693a313736323134363335303b5f63695f70726576696f75735f75726c7c733a36333a2268747470733a2f2f6268617669636c69656e74732e62686176696372656174696f6e732e636f6d2f696e6465782e7068702f636c69656e742f637265617465223b757365725f69647c733a313a2231223b66697273745f6e616d657c733a393a22626861766920707674223b6c6173745f6e616d657c733a393a226372656174696f6e73223b656d61696c7c733a313a2220223b726f6c655f69647c733a313a2231223b726f6c655f6e616d657c733a353a2241646d696e223b636c69656e745f69647c4e3b656d706c6f7965655f69647c4e3b69734c6f67676564496e7c623a313b5f5f63695f766172737c613a303a7b7d),
('ci_session:27305c2ace65d43c39844e481c215d47', '49.43.201.59', '2025-11-03 05:40:07', 0x5f5f63695f6c6173745f726567656e65726174657c693a313736323134383430373b5f63695f70726576696f75735f75726c7c733a35363a2268747470733a2f2f6268617669636c69656e74732e62686176696372656174696f6e732e636f6d2f696e6465782e7068702f636c69656e74223b757365725f69647c733a313a2231223b66697273745f6e616d657c733a393a22626861766920707674223b6c6173745f6e616d657c733a393a226372656174696f6e73223b656d61696c7c733a313a2220223b726f6c655f69647c733a313a2231223b726f6c655f6e616d657c733a353a2241646d696e223b636c69656e745f69647c4e3b656d706c6f7965655f69647c4e3b69734c6f67676564496e7c623a313b6d6573736167657c733a3834393a223c64697620636c6173733d22616c65727420616c6572742d73756363657373223e3c68353e3c6920636c6173733d226661732066612d636865636b2d636972636c65223e3c2f693e20436c69656e742043726561746564205375636365737366756c6c79213c2f68353e3c68723e3c7374726f6e673ef09f938b204c6f67696e2043726564656e7469616c733a3c2f7374726f6e673e3c62723e3c62723e3c7374726f6e673e436c69656e74204c6f67696e3a3c2f7374726f6e673e3c62723e3c7461626c6520636c6173733d227461626c65207461626c652d736d207461626c652d626f72646572656422207374796c653d226d61782d77696474683a2035303070783b223e3c74723e3c74643e3c7374726f6e673e557365726e616d653a3c2f7374726f6e673e3c2f74643e3c74643e3c636f64653e69766f727964656e74616c303240676d61696c2e636f6d3c2f636f64653e3c2f74643e3c2f74723e3c74723e3c74643e3c7374726f6e673e50617373776f72643a3c2f7374726f6e673e3c2f74643e3c74643e3c636f64653e393931363939353332333c2f636f64653e3c2f74643e3c2f74723e3c2f7461626c653e3c7374726f6e673e4d616e61676572204c6f67696e3a3c2f7374726f6e673e3c62723e3c7461626c6520636c6173733d227461626c65207461626c652d736d207461626c652d626f72646572656422207374796c653d226d61782d77696474683a2035303070783b223e3c74723e3c74643e3c7374726f6e673e557365726e616d653a3c2f7374726f6e673e3c2f74643e3c74643e3c636f64653e6d616e616765725f69766f727964656e74616c303240676d61696c2e636f6d3c2f636f64653e3c2f74643e3c2f74723e3c74723e3c74643e3c7374726f6e673e50617373776f72643a3c2f7374726f6e673e3c2f74643e3c74643e3c636f64653e393838363635313431393c2f636f64653e3c2f74643e3c2f74723e3c2f7461626c653e3c736d616c6c20636c6173733d22746578742d6d75746564223e3c6920636c6173733d226661732066612d696e666f2d636972636c65223e3c2f693e2055736572732063616e206368616e67652074686569722070617373776f726473206166746572206669727374206c6f67696e2e3c2f736d616c6c3e3c2f6469763e223b5f5f63695f766172737c613a313a7b733a373a226d657373616765223b733a333a226f6c64223b7d),
('ci_session:bd380f9de7fa4923f537eb3ffb70c9d7', '49.43.201.59', '2025-11-03 05:45:31', 0x5f5f63695f6c6173745f726567656e65726174657c693a313736323134383733313b5f63695f70726576696f75735f75726c7c733a35363a2268747470733a2f2f6268617669636c69656e74732e62686176696372656174696f6e732e636f6d2f696e6465782e7068702f636c69656e74223b757365725f69647c733a313a2231223b66697273745f6e616d657c733a393a22626861766920707674223b6c6173745f6e616d657c733a393a226372656174696f6e73223b656d61696c7c733a313a2220223b726f6c655f69647c733a313a2231223b726f6c655f6e616d657c733a353a2241646d696e223b636c69656e745f69647c4e3b656d706c6f7965655f69647c4e3b69734c6f67676564496e7c623a313b5f5f63695f766172737c613a303a7b7d),
('ci_session:e28d1a09c0c6e357e4cf645c199efeed', '49.43.201.59', '2025-11-03 05:57:51', 0x5f5f63695f6c6173745f726567656e65726174657c693a313736323134393437313b5f63695f70726576696f75735f75726c7c733a36333a2268747470733a2f2f6268617669636c69656e74732e62686176696372656174696f6e732e636f6d2f696e6465782e7068702f636c69656e742f637265617465223b757365725f69647c733a313a2231223b66697273745f6e616d657c733a393a22626861766920707674223b6c6173745f6e616d657c733a393a226372656174696f6e73223b656d61696c7c733a313a2220223b726f6c655f69647c733a313a2231223b726f6c655f6e616d657c733a353a2241646d696e223b636c69656e745f69647c4e3b656d706c6f7965655f69647c4e3b69734c6f67676564496e7c623a313b5f5f63695f766172737c613a303a7b7d),
('ci_session:4c5f84c48b547d4acd9093bd8d35cef3', '49.43.201.59', '2025-11-03 06:04:11', 0x5f5f63695f6c6173745f726567656e65726174657c693a313736323134393835313b5f63695f70726576696f75735f75726c7c733a36333a2268747470733a2f2f6268617669636c69656e74732e62686176696372656174696f6e732e636f6d2f696e6465782e7068702f636c69656e742f637265617465223b757365725f69647c733a313a2231223b66697273745f6e616d657c733a393a22626861766920707674223b6c6173745f6e616d657c733a393a226372656174696f6e73223b656d61696c7c733a313a2220223b726f6c655f69647c733a313a2231223b726f6c655f6e616d657c733a353a2241646d696e223b636c69656e745f69647c4e3b656d706c6f7965655f69647c4e3b69734c6f67676564496e7c623a313b5f5f63695f766172737c613a303a7b7d),
('ci_session:c8173e67a351f2a036e0b075dc1c97e0', '49.43.201.59', '2025-11-03 06:19:21', 0x5f5f63695f6c6173745f726567656e65726174657c693a313736323135303736313b5f63695f70726576696f75735f75726c7c733a36333a2268747470733a2f2f6268617669636c69656e74732e62686176696372656174696f6e732e636f6d2f696e6465782e7068702f636c69656e742f637265617465223b757365725f69647c733a313a2231223b66697273745f6e616d657c733a393a22626861766920707674223b6c6173745f6e616d657c733a393a226372656174696f6e73223b656d61696c7c733a313a2220223b726f6c655f69647c733a313a2231223b726f6c655f6e616d657c733a353a2241646d696e223b636c69656e745f69647c4e3b656d706c6f7965655f69647c4e3b69734c6f67676564496e7c623a313b5f5f63695f766172737c613a303a7b7d),
('ci_session:40a55fffd5c60f75af2ec57f0b7b17fa', '49.43.201.59', '2025-11-03 06:24:28', 0x5f5f63695f6c6173745f726567656e65726174657c693a313736323135313036383b5f63695f70726576696f75735f75726c7c733a35363a2268747470733a2f2f6268617669636c69656e74732e62686176696372656174696f6e732e636f6d2f696e6465782e7068702f636c69656e74223b757365725f69647c733a313a2231223b66697273745f6e616d657c733a393a22626861766920707674223b6c6173745f6e616d657c733a393a226372656174696f6e73223b656d61696c7c733a313a2220223b726f6c655f69647c733a313a2231223b726f6c655f6e616d657c733a353a2241646d696e223b636c69656e745f69647c4e3b656d706c6f7965655f69647c4e3b69734c6f67676564496e7c623a313b5f5f63695f766172737c613a303a7b7d),
('ci_session:8059ea3c8f8c429e365d696586fced1c', '49.43.201.59', '2025-11-03 06:30:00', 0x5f5f63695f6c6173745f726567656e65726174657c693a313736323135313430303b5f63695f70726576696f75735f75726c7c733a36343a2268747470733a2f2f6268617669636c69656e74732e62686176696372656174696f6e732e636f6d2f696e6465782e7068702f636c69656e742f656469742f3339223b757365725f69647c733a313a2231223b66697273745f6e616d657c733a393a22626861766920707674223b6c6173745f6e616d657c733a393a226372656174696f6e73223b656d61696c7c733a313a2220223b726f6c655f69647c733a313a2231223b726f6c655f6e616d657c733a353a2241646d696e223b636c69656e745f69647c4e3b656d706c6f7965655f69647c4e3b69734c6f67676564496e7c623a313b),
('ci_session:5a55f1d6a392022917c299c9587d992f', '49.43.201.59', '2025-11-03 07:00:44', 0x5f5f63695f6c6173745f726567656e65726174657c693a313736323135333234343b5f63695f70726576696f75735f75726c7c733a35363a2268747470733a2f2f6268617669636c69656e74732e62686176696372656174696f6e732e636f6d2f696e6465782e7068702f636c69656e74223b757365725f69647c733a313a2231223b66697273745f6e616d657c733a393a22626861766920707674223b6c6173745f6e616d657c733a393a226372656174696f6e73223b656d61696c7c733a313a2220223b726f6c655f69647c733a313a2231223b726f6c655f6e616d657c733a353a2241646d696e223b636c69656e745f69647c4e3b656d706c6f7965655f69647c4e3b69734c6f67676564496e7c623a313b5f5f63695f766172737c613a303a7b7d),
('ci_session:c3322c885d43771b74665afab21b7388', '49.43.201.59', '2025-11-03 06:34:04', 0x5f5f63695f6c6173745f726567656e65726174657c693a313736323135313632393b5f63695f70726576696f75735f75726c7c733a36373a2268747470733a2f2f6268617669636c69656e74732e62686176696372656174696f6e732e636f6d2f696e6465782e7068702f636c69656e742d7061796d656e742f3239223b757365725f69647c733a313a2231223b66697273745f6e616d657c733a393a22626861766920707674223b6c6173745f6e616d657c733a393a226372656174696f6e73223b656d61696c7c733a313a2220223b726f6c655f69647c733a313a2231223b726f6c655f6e616d657c733a353a2241646d696e223b636c69656e745f69647c4e3b656d706c6f7965655f69647c4e3b69734c6f67676564496e7c623a313b5f5f63695f766172737c613a303a7b7d),
('ci_session:3933c73bd85ce384d815e1c4ce57c13f', '49.43.201.59', '2025-11-03 06:39:30', 0x5f5f63695f6c6173745f726567656e65726174657c693a313736323135313937303b5f5f63695f766172737c613a303a7b7d5f63695f70726576696f75735f75726c7c733a35353a2268747470733a2f2f6268617669636c69656e74732e62686176696372656174696f6e732e636f6d2f696e6465782e7068702f6c6f67696e223b),
('ci_session:da998f63524e2ff7fba56316473b2a23', '49.43.201.59', '2025-11-03 07:05:47', 0x5f5f63695f6c6173745f726567656e65726174657c693a313736323135333534373b5f63695f70726576696f75735f75726c7c733a35383a2268747470733a2f2f6268617669636c69656e74732e62686176696372656174696f6e732e636f6d2f696e6465782e7068702f656d706c6f796565223b757365725f69647c733a313a2231223b66697273745f6e616d657c733a393a22626861766920707674223b6c6173745f6e616d657c733a393a226372656174696f6e73223b656d61696c7c733a313a2220223b726f6c655f69647c733a313a2231223b726f6c655f6e616d657c733a353a2241646d696e223b636c69656e745f69647c4e3b656d706c6f7965655f69647c4e3b69734c6f67676564496e7c623a313b5f5f63695f766172737c613a303a7b7d),
('ci_session:a02f26b1524bdc5f3dd828e7eaa3b177', '49.43.201.59', '2025-11-03 07:06:26', 0x5f5f63695f6c6173745f726567656e65726174657c693a313736323135333534373b5f63695f70726576696f75735f75726c7c733a36333a2268747470733a2f2f6268617669636c69656e74732e62686176696372656174696f6e732e636f6d2f696e6465782e7068702f636c69656e742d7265706f7274223b757365725f69647c733a313a2231223b66697273745f6e616d657c733a393a22626861766920707674223b6c6173745f6e616d657c733a393a226372656174696f6e73223b656d61696c7c733a313a2220223b726f6c655f69647c733a313a2231223b726f6c655f6e616d657c733a353a2241646d696e223b636c69656e745f69647c4e3b656d706c6f7965655f69647c4e3b69734c6f67676564496e7c623a313b5f5f63695f766172737c613a303a7b7d),
('ci_session:9df478a19b8b67654d94e1473c1072f1', '49.43.201.59', '2025-11-03 09:57:01', 0x5f5f63695f6c6173745f726567656e65726174657c693a313736323136333737343b5f63695f70726576696f75735f75726c7c733a36373a2268747470733a2f2f6268617669636c69656e74732e62686176696372656174696f6e732e636f6d2f696e6465782e7068702f636c69656e742d7061796d656e742f3239223b757365725f69647c733a313a2231223b66697273745f6e616d657c733a393a22626861766920707674223b6c6173745f6e616d657c733a393a226372656174696f6e73223b656d61696c7c733a313a2220223b726f6c655f69647c733a313a2231223b726f6c655f6e616d657c733a353a2241646d696e223b636c69656e745f69647c4e3b656d706c6f7965655f69647c4e3b69734c6f67676564496e7c623a313b5f5f63695f766172737c613a303a7b7d),
('ci_session:6f44d1aa088dfea1c431915f4617aa73', '49.43.201.59', '2025-11-03 12:20:32', 0x5f5f63695f6c6173745f726567656e65726174657c693a313736323137323433323b),
('ci_session:8518f9fe521f5539140abb0582ff2d33', '49.43.201.59', '2025-11-03 12:20:32', 0x5f5f63695f6c6173745f726567656e65726174657c693a313736323137323433323b5f5f63695f766172737c613a303a7b7d5f63695f70726576696f75735f75726c7c733a35353a2268747470733a2f2f6268617669636c69656e74732e62686176696372656174696f6e732e636f6d2f696e6465782e7068702f6c6f67696e223b),
('ci_session:6a0ae521d12e32a2abf9231cf68e96d7', '205.210.31.54', '2025-11-03 15:24:11', 0x5f5f63695f6c6173745f726567656e65726174657c693a313736323138333435313b5f5f63695f766172737c613a303a7b7d5f63695f70726576696f75735f75726c7c733a35303a2268747470733a2f2f6268617669636c69656e74732e62686176696372656174696f6e732e636f6d2f696e6465782e7068702f223b),
('ci_session:a9eeb5054e5f1db4e958316de32fdafe', '18.97.9.97', '2025-11-03 15:40:06', 0x5f5f63695f6c6173745f726567656e65726174657c693a313736323138343430363b5f5f63695f766172737c613a303a7b7d5f63695f70726576696f75735f75726c7c733a35303a2268747470733a2f2f6268617669636c69656e74732e62686176696372656174696f6e732e636f6d2f696e6465782e7068702f223b),
('ci_session:30edf38fb3ae43c2b1ef623f2d809398', '149.57.180.44', '2025-11-03 15:42:57', 0x5f5f63695f6c6173745f726567656e65726174657c693a313736323138343537373b5f5f63695f766172737c613a303a7b7d5f63695f70726576696f75735f75726c7c733a35303a2268747470733a2f2f6268617669636c69656e74732e62686176696372656174696f6e732e636f6d2f696e6465782e7068702f223b),
('ci_session:71f9a672efd9a9d66177166fc24c7e90', '149.57.180.183', '2025-11-03 16:11:55', 0x5f5f63695f6c6173745f726567656e65726174657c693a313736323138363331353b5f5f63695f766172737c613a303a7b7d5f63695f70726576696f75735f75726c7c733a35303a2268747470733a2f2f6268617669636c69656e74732e62686176696372656174696f6e732e636f6d2f696e6465782e7068702f223b),
('ci_session:4fd72e3808d9c17f3bbc08fd9573bc0b', '149.57.180.153', '2025-11-03 18:29:27', 0x5f5f63695f6c6173745f726567656e65726174657c693a313736323139343536373b5f5f63695f766172737c613a303a7b7d5f63695f70726576696f75735f75726c7c733a35303a2268747470733a2f2f6268617669636c69656e74732e62686176696372656174696f6e732e636f6d2f696e6465782e7068702f223b),
('ci_session:458ebb5fbe35dad6840521ba719bdb7c', '149.57.180.167', '2025-11-03 19:32:53', 0x5f5f63695f6c6173745f726567656e65726174657c693a313736323139383337333b5f5f63695f766172737c613a303a7b7d5f63695f70726576696f75735f75726c7c733a35303a2268747470733a2f2f6268617669636c69656e74732e62686176696372656174696f6e732e636f6d2f696e6465782e7068702f223b),
('ci_session:c90040cedc9c0708529b1ecd6e2bbddf', '149.57.180.48', '2025-11-03 19:33:51', 0x5f5f63695f6c6173745f726567656e65726174657c693a313736323139383433313b5f5f63695f766172737c613a303a7b7d5f63695f70726576696f75735f75726c7c733a35303a2268747470733a2f2f6268617669636c69656e74732e62686176696372656174696f6e732e636f6d2f696e6465782e7068702f223b),
('ci_session:0dbacd183c776a7909840a81587c16df', '3.250.132.87', '2025-11-04 00:39:16', 0x5f5f63695f6c6173745f726567656e65726174657c693a313736323231363735363b5f5f63695f766172737c613a303a7b7d5f63695f70726576696f75735f75726c7c733a35303a2268747470733a2f2f6268617669636c69656e74732e62686176696372656174696f6e732e636f6d2f696e6465782e7068702f223b),
('ci_session:9ea37efa552e4a356e62cac3eedb14dc', '49.43.201.59', '2025-11-04 04:07:42', 0x5f5f63695f6c6173745f726567656e65726174657c693a313736323232393038383b5f63695f70726576696f75735f75726c7c733a35383a2268747470733a2f2f6268617669636c69656e74732e62686176696372656174696f6e732e636f6d2f696e6465782e7068702f656d706c6f796565223b757365725f69647c733a313a2231223b66697273745f6e616d657c733a393a22626861766920707674223b6c6173745f6e616d657c733a393a226372656174696f6e73223b656d61696c7c733a313a2220223b726f6c655f69647c733a313a2231223b726f6c655f6e616d657c733a353a2241646d696e223b636c69656e745f69647c4e3b656d706c6f7965655f69647c4e3b69734c6f67676564496e7c623a313b5f5f63695f766172737c613a303a7b7d),
('ci_session:2e0217e7ff6af1092ba5433187a6e749', '49.43.201.59', '2025-11-04 09:55:10', 0x5f5f63695f6c6173745f726567656e65726174657c693a313736323235303131303b5f63695f70726576696f75735f75726c7c733a35393a2268747470733a2f2f6268617669636c69656e74732e62686176696372656174696f6e732e636f6d2f696e6465782e7068702f64617368626f617264223b757365725f69647c733a313a2231223b66697273745f6e616d657c733a393a22626861766920707674223b6c6173745f6e616d657c733a393a226372656174696f6e73223b656d61696c7c733a313a2220223b726f6c655f69647c733a313a2231223b726f6c655f6e616d657c733a353a2241646d696e223b636c69656e745f69647c4e3b656d706c6f7965655f69647c4e3b69734c6f67676564496e7c623a313b),
('ci_session:2690647c767dd9293771f48f51c9d75a', '49.43.201.59', '2025-11-04 10:28:21', 0x5f5f63695f6c6173745f726567656e65726174657c693a313736323235323130313b5f63695f70726576696f75735f75726c7c733a35393a2268747470733a2f2f6268617669636c69656e74732e62686176696372656174696f6e732e636f6d2f696e6465782e7068702f64617368626f617264223b757365725f69647c733a313a2231223b66697273745f6e616d657c733a393a22626861766920707674223b6c6173745f6e616d657c733a393a226372656174696f6e73223b656d61696c7c733a313a2220223b726f6c655f69647c733a313a2231223b726f6c655f6e616d657c733a353a2241646d696e223b636c69656e745f69647c4e3b656d706c6f7965655f69647c4e3b69734c6f67676564496e7c623a313b),
('ci_session:7bfb68d68a95e36d46bb8b5b851eb6c3', '49.43.201.59', '2025-11-04 10:40:35', 0x5f5f63695f6c6173745f726567656e65726174657c693a313736323235323833353b5f63695f70726576696f75735f75726c7c733a36373a2268747470733a2f2f6268617669636c69656e74732e62686176696372656174696f6e732e636f6d2f696e6465782e7068702f6465706172746d656e742f637265617465223b757365725f69647c733a313a2231223b66697273745f6e616d657c733a393a22626861766920707674223b6c6173745f6e616d657c733a393a226372656174696f6e73223b656d61696c7c733a313a2220223b726f6c655f69647c733a313a2231223b726f6c655f6e616d657c733a353a2241646d696e223b636c69656e745f69647c4e3b656d706c6f7965655f69647c4e3b69734c6f67676564496e7c623a313b),
('ci_session:74c024d20e37a8f45d14505f935a20a1', '49.43.201.59', '2025-11-04 10:46:34', 0x5f5f63695f6c6173745f726567656e65726174657c693a313736323235333139343b5f63695f70726576696f75735f75726c7c733a36373a2268747470733a2f2f6268617669636c69656e74732e62686176696372656174696f6e732e636f6d2f696e6465782e7068702f636c69656e742d7061796d656e742f3338223b757365725f69647c733a313a2231223b66697273745f6e616d657c733a393a22626861766920707674223b6c6173745f6e616d657c733a393a226372656174696f6e73223b656d61696c7c733a313a2220223b726f6c655f69647c733a313a2231223b726f6c655f6e616d657c733a353a2241646d696e223b636c69656e745f69647c4e3b656d706c6f7965655f69647c4e3b69734c6f67676564496e7c623a313b5f5f63695f766172737c613a303a7b7d),
('ci_session:4774ef483a35a81c76ad12ee9ddda893', '49.43.201.59', '2025-11-04 10:41:13', 0x5f5f63695f6c6173745f726567656e65726174657c693a313736323235323837333b5f5f63695f766172737c613a303a7b7d5f63695f70726576696f75735f75726c7c733a35303a2268747470733a2f2f6268617669636c69656e74732e62686176696372656174696f6e732e636f6d2f696e6465782e7068702f223b),
('ci_session:ab9d018043fc709c9eeef4c168cf69f8', '49.43.201.59', '2025-11-04 10:48:14', 0x5f5f63695f6c6173745f726567656e65726174657c693a313736323235333239343b5f63695f70726576696f75735f75726c7c733a36373a2268747470733a2f2f6268617669636c69656e74732e62686176696372656174696f6e732e636f6d2f696e6465782e7068702f636c69656e742d7061796d656e742f3239223b757365725f69647c733a313a2231223b66697273745f6e616d657c733a393a22626861766920707674223b6c6173745f6e616d657c733a393a226372656174696f6e73223b656d61696c7c733a313a2220223b726f6c655f69647c733a313a2231223b726f6c655f6e616d657c733a353a2241646d696e223b636c69656e745f69647c4e3b656d706c6f7965655f69647c4e3b69734c6f67676564496e7c623a313b5f5f63695f766172737c613a303a7b7d),
('ci_session:dd3f82bd6b7e6975bf485cac20b2f942', '49.43.201.59', '2025-11-04 10:53:17', 0x5f5f63695f6c6173745f726567656e65726174657c693a313736323235333539373b5f63695f70726576696f75735f75726c7c733a36383a2268747470733a2f2f6268617669636c69656e74732e62686176696372656174696f6e732e636f6d2f696e6465782e7068702f6d61696e74656e616e63652f637265617465223b757365725f69647c733a313a2231223b66697273745f6e616d657c733a393a22626861766920707674223b6c6173745f6e616d657c733a393a226372656174696f6e73223b656d61696c7c733a313a2220223b726f6c655f69647c733a313a2231223b726f6c655f6e616d657c733a353a2241646d696e223b636c69656e745f69647c4e3b656d706c6f7965655f69647c4e3b69734c6f67676564496e7c623a313b5f5f63695f766172737c613a303a7b7d),
('ci_session:bb0a2eb76c3b25aa39f1fe729f4410c6', '49.43.201.59', '2025-11-04 10:56:52', 0x5f5f63695f6c6173745f726567656e65726174657c693a313736323235333831323b5f63695f70726576696f75735f75726c7c733a36383a2268747470733a2f2f6268617669636c69656e74732e62686176696372656174696f6e732e636f6d2f696e6465782e7068702f6d61696e74656e616e63652f637265617465223b757365725f69647c733a313a2231223b66697273745f6e616d657c733a393a22626861766920707674223b6c6173745f6e616d657c733a393a226372656174696f6e73223b656d61696c7c733a313a2220223b726f6c655f69647c733a313a2231223b726f6c655f6e616d657c733a353a2241646d696e223b636c69656e745f69647c4e3b656d706c6f7965655f69647c4e3b69734c6f67676564496e7c623a313b5f5f63695f766172737c613a303a7b7d),
('ci_session:a4222f6787d6fe89b038bfbe2bd9bc53', '103.88.223.10', '2025-11-04 10:49:00', 0x5f5f63695f6c6173745f726567656e65726174657c693a313736323235333333393b5f5f63695f766172737c613a303a7b7d5f63695f70726576696f75735f75726c7c733a35353a2268747470733a2f2f6268617669636c69656e74732e62686176696372656174696f6e732e636f6d2f696e6465782e7068702f6c6f67696e223b),
('ci_session:d6d085a8bf4cd46faf2511d5cd6ff87d', '49.43.201.59', '2025-11-04 10:53:50', 0x5f5f63695f6c6173745f726567656e65726174657c693a313736323235333539373b5f63695f70726576696f75735f75726c7c733a36343a2268747470733a2f2f6268617669636c69656e74732e62686176696372656174696f6e732e636f6d2f696e6465782e7068702f636c69656e742f766965772f3239223b757365725f69647c733a313a2231223b66697273745f6e616d657c733a393a22626861766920707674223b6c6173745f6e616d657c733a393a226372656174696f6e73223b656d61696c7c733a313a2220223b726f6c655f69647c733a313a2231223b726f6c655f6e616d657c733a353a2241646d696e223b636c69656e745f69647c4e3b656d706c6f7965655f69647c4e3b69734c6f67676564496e7c623a313b),
('ci_session:cd7781908197871a29281c4de7051775', '49.43.201.59', '2025-11-04 10:59:58', 0x5f5f63695f6c6173745f726567656e65726174657c693a313736323235333939383b5f63695f70726576696f75735f75726c7c733a36383a2268747470733a2f2f6268617669636c69656e74732e62686176696372656174696f6e732e636f6d2f696e6465782e7068702f636c69656e742d6d61696e74656e616e6365223b757365725f69647c733a323a223730223b66697273745f6e616d657c733a383a2244722e4b6972616e223b6c6173745f6e616d657c733a343a2252616a75223b656d61696c7c733a33333a227372696e697661736164656e74616c6b616b696e61646140676d61696c2e636f6d223b726f6c655f69647c733a313a2233223b726f6c655f6e616d657c733a373a22436c69656e7473223b636c69656e745f69647c733a323a223239223b656d706c6f7965655f69647c4e3b69734c6f67676564496e7c623a313b5f5f63695f766172737c613a303a7b7d),
('ci_session:592a5753720879d031ad514fa1bdde96', '49.44.76.164', '2025-11-04 10:54:42', 0x5f5f63695f6c6173745f726567656e65726174657c693a313736323235333638323b5f5f63695f766172737c613a303a7b7d5f63695f70726576696f75735f75726c7c733a35353a2268747470733a2f2f6268617669636c69656e74732e62686176696372656174696f6e732e636f6d2f696e6465782e7068702f6c6f67696e223b),
('ci_session:9bdec9b6a19d8e98a4bd4bf6b52365a4', '49.43.201.59', '2025-11-04 11:13:39', 0x5f5f63695f6c6173745f726567656e65726174657c693a313736323235343831393b5f63695f70726576696f75735f75726c7c733a36323a2268747470733a2f2f6268617669636c69656e74732e62686176696372656174696f6e732e636f6d2f696e6465782e7068702f75706c6f61642d66696c6573223b757365725f69647c733a323a223730223b66697273745f6e616d657c733a383a2244722e4b6972616e223b6c6173745f6e616d657c733a343a2252616a75223b656d61696c7c733a33333a227372696e697661736164656e74616c6b616b696e61646140676d61696c2e636f6d223b726f6c655f69647c733a313a2233223b726f6c655f6e616d657c733a373a22436c69656e7473223b636c69656e745f69647c733a323a223239223b656d706c6f7965655f69647c4e3b69734c6f67676564496e7c623a313b5f5f63695f766172737c613a303a7b7d),
('ci_session:11b7eac3a8f890516a84911113c394bc', '49.44.81.234', '2025-11-04 10:57:34', 0x5f5f63695f6c6173745f726567656e65726174657c693a313736323235333835343b5f5f63695f766172737c613a303a7b7d5f63695f70726576696f75735f75726c7c733a35353a2268747470733a2f2f6268617669636c69656e74732e62686176696372656174696f6e732e636f6d2f696e6465782e7068702f6c6f67696e223b),
('ci_session:792395dbe2dc3fba6a32ee1bf1652051', '49.43.201.59', '2025-11-04 11:01:12', 0x5f5f63695f6c6173745f726567656e65726174657c693a313736323235333939383b5f63695f70726576696f75735f75726c7c733a36383a2268747470733a2f2f6268617669636c69656e74732e62686176696372656174696f6e732e636f6d2f696e6465782e7068702f636c69656e742d6d61696e74656e616e6365223b757365725f69647c733a323a223730223b66697273745f6e616d657c733a383a2244722e4b6972616e223b6c6173745f6e616d657c733a343a2252616a75223b656d61696c7c733a33333a227372696e697661736164656e74616c6b616b696e61646140676d61696c2e636f6d223b726f6c655f69647c733a313a2233223b726f6c655f6e616d657c733a373a22436c69656e7473223b636c69656e745f69647c733a323a223239223b656d706c6f7965655f69647c4e3b69734c6f67676564496e7c623a313b5f5f63695f766172737c613a303a7b7d),
('ci_session:28ee6a1b6add55b4a5a4b785a9889c58', '42.106.160.4', '2025-11-04 11:00:10', 0x5f5f63695f6c6173745f726567656e65726174657c693a313736323235343030393b5f5f63695f766172737c613a303a7b7d5f63695f70726576696f75735f75726c7c733a35353a2268747470733a2f2f6268617669636c69656e74732e62686176696372656174696f6e732e636f6d2f696e6465782e7068702f6c6f67696e223b),
('ci_session:1c035f84ed4950dde9d325ad5fde986c', '103.3.32.5', '2025-11-04 11:00:22', 0x5f5f63695f6c6173745f726567656e65726174657c693a313736323235343032323b5f5f63695f766172737c613a303a7b7d5f63695f70726576696f75735f75726c7c733a35353a2268747470733a2f2f6268617669636c69656e74732e62686176696372656174696f6e732e636f6d2f696e6465782e7068702f6c6f67696e223b),
('ci_session:051fa2b4d0e62887d79d0e60243c64a9', '49.43.201.59', '2025-11-04 11:12:12', 0x5f5f63695f6c6173745f726567656e65726174657c693a313736323235343733323b5f63695f70726576696f75735f75726c7c733a37303a2268747470733a2f2f6268617669636c69656e74732e62686176696372656174696f6e732e636f6d2f696e6465782e7068702f636c69656e742d6173736574732f656469742f33223b757365725f69647c733a323a223436223b66697273745f6e616d657c733a353a2261646d696e223b6c6173745f6e616d657c733a373a226d616e61676572223b656d61696c7c733a32323a2261646d696e6d616e6167657240676d61696c2e636f6d223b726f6c655f69647c733a313a2235223b726f6c655f6e616d657c733a31333a2241646d696e204d616e61676572223b636c69656e745f69647c4e3b656d706c6f7965655f69647c4e3b69734c6f67676564496e7c623a313b5f5f63695f766172737c613a303a7b7d),
('ci_session:b9a1240f9b91b96bdcfdb618ea283ef5', '49.43.201.59', '2025-11-04 11:05:19', 0x5f5f63695f6c6173745f726567656e65726174657c693a313736323235343330393b5f63695f70726576696f75735f75726c7c733a35303a2268747470733a2f2f6268617669636c69656e74732e62686176696372656174696f6e732e636f6d2f696e6465782e7068702f223b5f63695f6f6c645f696e7075747c613a323a7b733a333a22676574223b613a303a7b7d733a343a22706f7374223b613a323a7b733a383a22757365726e616d65223b733a32323a2262686176696d616e6167657240676d61696c2e636f6d223b733a383a2270617373776f7264223b733a303a22223b7d7d5f5f63695f766172737c613a323a7b733a31333a225f63695f6f6c645f696e707574223b733a333a226f6c64223b733a32313a225f63695f76616c69646174696f6e5f6572726f7273223b733a333a226f6c64223b7d5f63695f76616c69646174696f6e5f6572726f72737c613a313a7b733a383a2270617373776f7264223b733a33313a225468652070617373776f7264206669656c642069732072657175697265642e223b7d),
('ci_session:5f4fb6ba1eacae8f4402eaf4c8e5e82a', '49.43.201.59', '2025-11-04 11:13:39', 0x5f5f63695f6c6173745f726567656e65726174657c693a313736323235343831393b5f63695f70726576696f75735f75726c7c733a36323a2268747470733a2f2f6268617669636c69656e74732e62686176696372656174696f6e732e636f6d2f696e6465782e7068702f776f726b2d75706461746573223b757365725f69647c733a323a223730223b66697273745f6e616d657c733a383a2244722e4b6972616e223b6c6173745f6e616d657c733a343a2252616a75223b656d61696c7c733a33333a227372696e697661736164656e74616c6b616b696e61646140676d61696c2e636f6d223b726f6c655f69647c733a313a2233223b726f6c655f6e616d657c733a373a22436c69656e7473223b636c69656e745f69647c733a323a223239223b656d706c6f7965655f69647c4e3b69734c6f67676564496e7c623a313b),
('ci_session:2923232672bd671cde0861543721419c', '49.43.201.59', '2025-11-04 11:15:49', 0x5f5f63695f6c6173745f726567656e65726174657c693a313736323235343832373b5f63695f70726576696f75735f75726c7c733a35363a2268747470733a2f2f6268617669636c69656e74732e62686176696372656174696f6e732e636f6d2f696e6465782e7068702f636c69656e74223b757365725f69647c733a313a2231223b66697273745f6e616d657c733a393a22626861766920707674223b6c6173745f6e616d657c733a393a226372656174696f6e73223b656d61696c7c733a313a2220223b726f6c655f69647c733a313a2231223b726f6c655f6e616d657c733a353a2241646d696e223b636c69656e745f69647c4e3b656d706c6f7965655f69647c4e3b69734c6f67676564496e7c623a313b5f5f63695f766172737c613a303a7b7d),
('ci_session:c312a1a672588afc4d7441cceade20af', '49.43.201.59', '2025-11-04 11:25:41', 0x5f5f63695f6c6173745f726567656e65726174657c693a313736323235353534313b5f5f63695f766172737c613a303a7b7d5f63695f70726576696f75735f75726c7c733a35303a2268747470733a2f2f6268617669636c69656e74732e62686176696372656174696f6e732e636f6d2f696e6465782e7068702f223b),
('ci_session:596b0b01dbeec09f2611420974d97cce', '49.43.201.59', '2025-11-04 11:34:32', 0x5f5f63695f6c6173745f726567656e65726174657c693a313736323235363037323b5f63695f70726576696f75735f75726c7c733a36353a2268747470733a2f2f6268617669636c69656e74732e62686176696372656174696f6e732e636f6d2f696e6465782e7068702f656d706c6f7965652f637265617465223b757365725f69647c733a313a2231223b66697273745f6e616d657c733a393a22626861766920707674223b6c6173745f6e616d657c733a393a226372656174696f6e73223b656d61696c7c733a313a2220223b726f6c655f69647c733a313a2231223b726f6c655f6e616d657c733a353a2241646d696e223b636c69656e745f69647c4e3b656d706c6f7965655f69647c4e3b69734c6f67676564496e7c623a313b5f5f63695f766172737c613a303a7b7d),
('ci_session:fdf9ea18d79bddcbc8c2c5367c1ba0fd', '49.43.201.59', '2025-11-04 11:39:36', 0x5f5f63695f6c6173745f726567656e65726174657c693a313736323235363337363b5f63695f70726576696f75735f75726c7c733a35383a2268747470733a2f2f6268617669636c69656e74732e62686176696372656174696f6e732e636f6d2f696e6465782e7068702f656d706c6f796565223b757365725f69647c733a313a2231223b66697273745f6e616d657c733a393a22626861766920707674223b6c6173745f6e616d657c733a393a226372656174696f6e73223b656d61696c7c733a313a2220223b726f6c655f69647c733a313a2231223b726f6c655f6e616d657c733a353a2241646d696e223b636c69656e745f69647c4e3b656d706c6f7965655f69647c4e3b69734c6f67676564496e7c623a313b5f5f63695f766172737c613a303a7b7d);
INSERT INTO `ci_sessions` (`id`, `ip_address`, `timestamp`, `data`) VALUES
('ci_session:2b5a1de01c70cecd5a684ee29c1a625f', '49.43.201.59', '2025-11-04 12:08:57', 0x5f5f63695f6c6173745f726567656e65726174657c693a313736323235383133373b5f63695f70726576696f75735f75726c7c733a36353a2268747470733a2f2f6268617669636c69656e74732e62686176696372656174696f6e732e636f6d2f696e6465782e7068702f656d706c6f7965652f637265617465223b757365725f69647c733a313a2231223b66697273745f6e616d657c733a393a22626861766920707674223b6c6173745f6e616d657c733a393a226372656174696f6e73223b656d61696c7c733a313a2220223b726f6c655f69647c733a313a2231223b726f6c655f6e616d657c733a353a2241646d696e223b636c69656e745f69647c4e3b656d706c6f7965655f69647c4e3b69734c6f67676564496e7c623a313b5f5f63695f766172737c613a303a7b7d),
('ci_session:01298e6a2a41f2c983c1d7180ec2eaf9', '49.43.201.59', '2025-11-04 12:09:15', 0x5f5f63695f6c6173745f726567656e65726174657c693a313736323235383133373b5f63695f70726576696f75735f75726c7c733a35383a2268747470733a2f2f6268617669636c69656e74732e62686176696372656174696f6e732e636f6d2f696e6465782e7068702f656d706c6f796565223b757365725f69647c733a313a2231223b66697273745f6e616d657c733a393a22626861766920707674223b6c6173745f6e616d657c733a393a226372656174696f6e73223b656d61696c7c733a313a2220223b726f6c655f69647c733a313a2231223b726f6c655f6e616d657c733a353a2241646d696e223b636c69656e745f69647c4e3b656d706c6f7965655f69647c4e3b69734c6f67676564496e7c623a313b5f5f63695f766172737c613a303a7b7d),
('ci_session:bd48df5e1b5122825ac243fd3ab81698', '49.43.201.59', '2025-11-04 12:14:56', 0x5f5f63695f6c6173745f726567656e65726174657c693a313736323235383439363b5f5f63695f766172737c613a303a7b7d5f63695f70726576696f75735f75726c7c733a35353a2268747470733a2f2f6268617669636c69656e74732e62686176696372656174696f6e732e636f6d2f696e6465782e7068702f6c6f67696e223b),
('ci_session:0a43423ee281e8e93d870d0eccf8effd', '74.7.227.228', '2025-11-04 12:27:10', 0x5f5f63695f6c6173745f726567656e65726174657c693a313736323235393233303b5f5f63695f766172737c613a303a7b7d5f63695f70726576696f75735f75726c7c733a35303a2268747470733a2f2f6268617669636c69656e74732e62686176696372656174696f6e732e636f6d2f696e6465782e7068702f223b),
('ci_session:f27ab29cf88e6a88dbd81b3fdc29ef4c', '74.7.227.91', '2025-11-04 12:33:21', 0x5f5f63695f6c6173745f726567656e65726174657c693a313736323235393630313b5f5f63695f766172737c613a303a7b7d5f63695f70726576696f75735f75726c7c733a35303a2268747470733a2f2f6268617669636c69656e74732e62686176696372656174696f6e732e636f6d2f696e6465782e7068702f223b),
('ci_session:8d8adff6e2ccea3356ce1139d88a3413', '44.193.254.10', '2025-11-04 12:35:25', 0x5f5f63695f6c6173745f726567656e65726174657c693a313736323235393732353b5f5f63695f766172737c613a303a7b7d5f63695f70726576696f75735f75726c7c733a35303a2268747470733a2f2f6268617669636c69656e74732e62686176696372656174696f6e732e636f6d2f696e6465782e7068702f223b),
('ci_session:09c71973f7328a5e109a0aeb11dbfbdf', '18.97.9.99', '2025-11-04 16:52:09', 0x5f5f63695f6c6173745f726567656e65726174657c693a313736323237353132393b5f5f63695f766172737c613a303a7b7d5f63695f70726576696f75735f75726c7c733a35303a2268747470733a2f2f6268617669636c69656e74732e62686176696372656174696f6e732e636f6d2f696e6465782e7068702f223b),
('ci_session:31d64e5eb8b2f7c422fbb102c4f8c594', '18.97.9.98', '2025-11-04 18:56:13', 0x5f5f63695f6c6173745f726567656e65726174657c693a313736323238323537333b5f5f63695f766172737c613a303a7b7d5f63695f70726576696f75735f75726c7c733a35303a2268747470733a2f2f6268617669636c69656e74732e62686176696372656174696f6e732e636f6d2f696e6465782e7068702f223b),
('ci_session:8b3f2101143698cf36b4c7bae4a76309', '159.65.18.197', '2025-11-05 01:10:52', 0x5f5f63695f6c6173745f726567656e65726174657c693a313736323330353035323b5f5f63695f766172737c613a303a7b7d5f63695f70726576696f75735f75726c7c733a35303a2268747470733a2f2f6268617669636c69656e74732e62686176696372656174696f6e732e636f6d2f696e6465782e7068702f223b),
('ci_session:a12bd29a83b95b5f706a9adc41ecd845', '139.59.132.8', '2025-11-05 01:10:53', 0x5f5f63695f6c6173745f726567656e65726174657c693a313736323330353035333b5f5f63695f766172737c613a303a7b7d5f63695f70726576696f75735f75726c7c733a35303a2268747470733a2f2f6268617669636c69656e74732e62686176696372656174696f6e732e636f6d2f696e6465782e7068702f223b),
('ci_session:3f5e8875ffcad8175aeb8b9e3d06989e', '159.65.18.197', '2025-11-05 01:11:01', 0x5f5f63695f6c6173745f726567656e65726174657c693a313736323330353036313b5f5f63695f766172737c613a303a7b7d5f63695f70726576696f75735f75726c7c733a35303a2268747470733a2f2f6268617669636c69656e74732e62686176696372656174696f6e732e636f6d2f696e6465782e7068702f223b),
('ci_session:d6aeefcfdae5addd2a9e050df4d57143', '139.59.132.8', '2025-11-05 01:11:15', 0x5f5f63695f6c6173745f726567656e65726174657c693a313736323330353037353b5f5f63695f766172737c613a303a7b7d5f63695f70726576696f75735f75726c7c733a35303a2268747470733a2f2f6268617669636c69656e74732e62686176696372656174696f6e732e636f6d2f696e6465782e7068702f223b),
('ci_session:4fc0f4d728c34a4c417eb034b53a029f', '159.65.18.197', '2025-11-05 01:11:27', 0x5f5f63695f6c6173745f726567656e65726174657c693a313736323330353038373b5f5f63695f766172737c613a303a7b7d5f63695f70726576696f75735f75726c7c733a38323a2268747470733a2f2f6268617669636c69656e74732e62686176696372656174696f6e732e636f6d2f696e6465782e7068703f726573745f726f7574653d253246777025324676322532467573657273253246223b),
('ci_session:e0cf08ae529b4a7501dbd32e8a706ec6', '139.59.132.8', '2025-11-05 01:11:37', 0x5f5f63695f6c6173745f726567656e65726174657c693a313736323330353039373b5f5f63695f766172737c613a303a7b7d5f63695f70726576696f75735f75726c7c733a38323a2268747470733a2f2f6268617669636c69656e74732e62686176696372656174696f6e732e636f6d2f696e6465782e7068703f726573745f726f7574653d253246777025324676322532467573657273253246223b),
('ci_session:a466175c7398648a50743d74eff267d5', '154.28.229.245', '2025-11-05 01:12:14', 0x5f5f63695f6c6173745f726567656e65726174657c693a313736323330353133343b5f5f63695f766172737c613a303a7b7d5f63695f70726576696f75735f75726c7c733a35303a2268747470733a2f2f6268617669636c69656e74732e62686176696372656174696f6e732e636f6d2f696e6465782e7068702f223b),
('ci_session:f7e991da34193a37f8fd4fa98446c031', '107.172.195.185', '2025-11-05 01:12:14', 0x5f5f63695f6c6173745f726567656e65726174657c693a313736323330353133343b5f5f63695f766172737c613a303a7b7d5f63695f70726576696f75735f75726c7c733a35303a2268747470733a2f2f6268617669636c69656e74732e62686176696372656174696f6e732e636f6d2f696e6465782e7068702f223b),
('ci_session:787ed6af45be1de60a12499ea96e2695', '154.28.229.245', '2025-11-05 01:12:50', 0x5f5f63695f6c6173745f726567656e65726174657c693a313736323330353134393b5f63695f70726576696f75735f75726c7c733a35303a2268747470733a2f2f6268617669636c69656e74732e62686176696372656174696f6e732e636f6d2f696e6465782e7068702f223b5f5f63695f766172737c613a303a7b7d),
('ci_session:4f19226a6421f155c963e1b06ea21bad', '91.231.89.21', '2025-11-05 01:44:38', 0x5f5f63695f6c6173745f726567656e65726174657c693a313736323330373037383b5f5f63695f766172737c613a303a7b7d5f63695f70726576696f75735f75726c7c733a35303a2268747470733a2f2f6268617669636c69656e74732e62686176696372656174696f6e732e636f6d2f696e6465782e7068702f223b),
('ci_session:9fbb0ca29a666d0f9bb6c9ff3ee9ef4a', '91.196.152.151', '2025-11-05 01:51:20', 0x5f5f63695f6c6173745f726567656e65726174657c693a313736323330373438303b5f5f63695f766172737c613a303a7b7d5f63695f70726576696f75735f75726c7c733a35303a2268747470733a2f2f6268617669636c69656e74732e62686176696372656174696f6e732e636f6d2f696e6465782e7068702f223b),
('ci_session:f33fca076398d134328158fd350469c8', '91.196.152.154', '2025-11-05 01:54:29', 0x5f5f63695f6c6173745f726567656e65726174657c693a313736323330373636393b5f5f63695f766172737c613a303a7b7d5f63695f70726576696f75735f75726c7c733a35303a2268747470733a2f2f6268617669636c69656e74732e62686176696372656174696f6e732e636f6d2f696e6465782e7068702f223b),
('ci_session:f17635093203e9733a1c6539af2f8e5e', '91.231.89.98', '2025-11-05 02:08:11', 0x5f5f63695f6c6173745f726567656e65726174657c693a313736323330383439313b5f5f63695f766172737c613a303a7b7d5f63695f70726576696f75735f75726c7c733a35303a2268747470733a2f2f6268617669636c69656e74732e62686176696372656174696f6e732e636f6d2f696e6465782e7068702f223b),
('ci_session:cabc95c63dfffb1c9e277bfecff1b27c', '51.254.204.161', '2025-11-05 03:16:32', 0x5f5f63695f6c6173745f726567656e65726174657c693a313736323331323539323b5f5f63695f766172737c613a303a7b7d5f63695f70726576696f75735f75726c7c733a35303a2268747470733a2f2f6268617669636c69656e74732e62686176696372656174696f6e732e636f6d2f696e6465782e7068702f223b),
('ci_session:8fac4d77369e75a63881d9aa7850e697', '147.182.149.253', '2025-11-05 03:18:44', 0x5f5f63695f6c6173745f726567656e65726174657c693a313736323331323732343b5f5f63695f766172737c613a303a7b7d5f63695f70726576696f75735f75726c7c733a35303a2268747470733a2f2f6268617669636c69656e74732e62686176696372656174696f6e732e636f6d2f696e6465782e7068702f223b),
('ci_session:f42de518ef20e06318b22fd80ef577cb', '49.43.201.59', '2025-11-05 03:45:05', 0x5f5f63695f6c6173745f726567656e65726174657c693a313736323331343330353b5f5f63695f766172737c613a303a7b7d5f63695f70726576696f75735f75726c7c733a35353a2268747470733a2f2f6268617669636c69656e74732e62686176696372656174696f6e732e636f6d2f696e6465782e7068702f6c6f67696e223b),
('ci_session:f435c2cc76c96f07b4ea15954520cafd', '49.43.201.59', '2025-11-05 03:45:05', 0x5f5f63695f6c6173745f726567656e65726174657c693a313736323331343330353b5f5f63695f766172737c613a303a7b7d5f63695f70726576696f75735f75726c7c733a35353a2268747470733a2f2f6268617669636c69656e74732e62686176696372656174696f6e732e636f6d2f696e6465782e7068702f6c6f67696e223b),
('ci_session:cf56099fb16a425059f773b9719ae4e9', '49.43.201.59', '2025-11-05 03:45:05', 0x5f5f63695f6c6173745f726567656e65726174657c693a313736323331343330353b5f5f63695f766172737c613a303a7b7d5f63695f70726576696f75735f75726c7c733a35353a2268747470733a2f2f6268617669636c69656e74732e62686176696372656174696f6e732e636f6d2f696e6465782e7068702f6c6f67696e223b),
('ci_session:1f66ade434257873df1eb4b42691cee8', '49.43.201.59', '2025-11-05 04:37:43', 0x5f5f63695f6c6173745f726567656e65726174657c693a313736323331373436333b5f63695f70726576696f75735f75726c7c733a35393a2268747470733a2f2f6268617669636c69656e74732e62686176696372656174696f6e732e636f6d2f696e6465782e7068702f64617368626f617264223b757365725f69647c733a313a2231223b66697273745f6e616d657c733a393a22626861766920707674223b6c6173745f6e616d657c733a393a226372656174696f6e73223b656d61696c7c733a313a2220223b726f6c655f69647c733a313a2231223b726f6c655f6e616d657c733a353a2241646d696e223b636c69656e745f69647c4e3b656d706c6f7965655f69647c4e3b69734c6f67676564496e7c623a313b),
('ci_session:96d5142312af9cf3c3b89228cee676c7', '49.43.201.59', '2025-11-05 06:21:27', 0x5f5f63695f6c6173745f726567656e65726174657c693a313736323332333638373b5f63695f70726576696f75735f75726c7c733a36313a2268747470733a2f2f6268617669636c69656e74732e62686176696372656174696f6e732e636f6d2f696e6465782e7068702f6d61696e74656e616e6365223b757365725f69647c733a313a2231223b66697273745f6e616d657c733a393a22626861766920707674223b6c6173745f6e616d657c733a393a226372656174696f6e73223b656d61696c7c733a313a2220223b726f6c655f69647c733a313a2231223b726f6c655f6e616d657c733a353a2241646d696e223b636c69656e745f69647c4e3b656d706c6f7965655f69647c4e3b69734c6f67676564496e7c623a313b),
('ci_session:c18189b5aec1619362c440cdc48def11', '49.43.201.59', '2025-11-05 04:37:43', 0x5f5f63695f6c6173745f726567656e65726174657c693a313736323331373436333b5f63695f70726576696f75735f75726c7c733a35393a2268747470733a2f2f6268617669636c69656e74732e62686176696372656174696f6e732e636f6d2f696e6465782e7068702f64617368626f617264223b757365725f69647c733a313a2231223b66697273745f6e616d657c733a393a22626861766920707674223b6c6173745f6e616d657c733a393a226372656174696f6e73223b656d61696c7c733a313a2220223b726f6c655f69647c733a313a2231223b726f6c655f6e616d657c733a353a2241646d696e223b636c69656e745f69647c4e3b656d706c6f7965655f69647c4e3b69734c6f67676564496e7c623a313b),
('ci_session:c0e20d6f47bec5ea6ea80129c930f759', '49.43.201.59', '2025-11-05 04:47:43', 0x5f5f63695f6c6173745f726567656e65726174657c693a313736323331383036333b5f5f63695f766172737c613a303a7b7d5f63695f70726576696f75735f75726c7c733a35353a2268747470733a2f2f6268617669636c69656e74732e62686176696372656174696f6e732e636f6d2f696e6465782e7068702f6c6f67696e223b),
('ci_session:94565cf953f2343bc6638676dec884ed', '49.43.201.59', '2025-11-05 06:10:59', 0x5f5f63695f6c6173745f726567656e65726174657c693a313736323332333035393b757365725f69647c733a323a223430223b66697273745f6e616d657c733a343a2252616a75223b6c6173745f6e616d657c733a353a226b6972616e223b656d61696c7c733a31393a227372696e697661736140676d61696c2e636f6d223b726f6c655f69647c733a313a2233223b726f6c655f6e616d657c733a373a22436c69656e7473223b636c69656e745f69647c733a323a223139223b656d706c6f7965655f69647c4e3b69734c6f67676564496e7c623a313b6572726f727c733a31373a22436c69656e74206e6f7420666f756e642e223b5f5f63695f766172737c613a313a7b733a353a226572726f72223b733a333a226e6577223b7d),
('ci_session:c4753c210942e75d2e2be5c3916c2054', '49.43.201.59', '2025-11-05 06:10:59', 0x5f5f63695f6c6173745f726567656e65726174657c693a313736323332333035393b757365725f69647c733a323a223430223b66697273745f6e616d657c733a343a2252616a75223b6c6173745f6e616d657c733a353a226b6972616e223b656d61696c7c733a31393a227372696e697661736140676d61696c2e636f6d223b726f6c655f69647c733a313a2233223b726f6c655f6e616d657c733a373a22436c69656e7473223b636c69656e745f69647c733a323a223139223b656d706c6f7965655f69647c4e3b69734c6f67676564496e7c623a313b6572726f727c733a31373a22436c69656e74206e6f7420666f756e642e223b5f5f63695f766172737c613a313a7b733a353a226572726f72223b733a333a226e6577223b7d),
('ci_session:ad94e6c809a4b02401330ecb5455e10c', '49.43.201.59', '2025-11-05 06:22:16', 0x5f5f63695f6c6173745f726567656e65726174657c693a313736323332333638373b5f63695f70726576696f75735f75726c7c733a35363a2268747470733a2f2f6268617669636c69656e74732e62686176696372656174696f6e732e636f6d2f696e6465782e7068702f636c69656e74223b757365725f69647c733a313a2231223b66697273745f6e616d657c733a393a22626861766920707674223b6c6173745f6e616d657c733a393a226372656174696f6e73223b656d61696c7c733a313a2220223b726f6c655f69647c733a313a2231223b726f6c655f6e616d657c733a353a2241646d696e223b636c69656e745f69647c4e3b656d706c6f7965655f69647c4e3b69734c6f67676564496e7c623a313b5f5f63695f766172737c613a303a7b7d),
('ci_session:71d1eb9c8e25981dad4d1353e399702e', '193.32.248.237', '2025-11-05 06:26:07', 0x5f5f63695f6c6173745f726567656e65726174657c693a313736323332333936373b5f5f63695f766172737c613a303a7b7d5f63695f70726576696f75735f75726c7c733a35303a2268747470733a2f2f6268617669636c69656e74732e62686176696372656174696f6e732e636f6d2f696e6465782e7068702f223b),
('ci_session:55277e4ba88d318e865b254ad2a157b4', '49.43.201.59', '2025-11-05 07:26:29', 0x5f5f63695f6c6173745f726567656e65726174657c693a313736323332373537323b5f63695f70726576696f75735f75726c7c733a35353a2268747470733a2f2f6268617669636c69656e74732e62686176696372656174696f6e732e636f6d2f696e6465782e7068702f6c6f67696e223b6572726f727c733a32393a22496e76616c696420557365726e616d65206f722050617373776f72642e223b5f5f63695f766172737c613a323a7b733a353a226572726f72223b733a333a226f6c64223b733a31333a225f63695f6f6c645f696e707574223b733a333a226f6c64223b7d5f63695f6f6c645f696e7075747c613a323a7b733a333a22676574223b613a303a7b7d733a343a22706f7374223b613a323a7b733a383a22757365726e616d65223b733a32363a227372696e69766173616d616e6167657240676d61696c2e636f6d223b733a383a2270617373776f7264223b733a31313a2270617373776f7264313233223b7d7d),
('ci_session:f9f25d1f3eb4f83f9c9357cedb0123b2', '35.225.237.229', '2025-11-05 13:50:31', 0x5f5f63695f6c6173745f726567656e65726174657c693a313736323335303633313b5f5f63695f766172737c613a303a7b7d5f63695f70726576696f75735f75726c7c733a35303a2268747470733a2f2f6268617669636c69656e74732e62686176696372656174696f6e732e636f6d2f696e6465782e7068702f223b),
('ci_session:5f130efcc3f68f6965726055c1ba48b0', '34.74.61.126', '2025-11-05 14:45:35', 0x5f5f63695f6c6173745f726567656e65726174657c693a313736323335333933353b5f5f63695f766172737c613a303a7b7d5f63695f70726576696f75735f75726c7c733a35303a2268747470733a2f2f6268617669636c69656e74732e62686176696372656174696f6e732e636f6d2f696e6465782e7068702f223b),
('ci_session:e1cf6b1836a0ce911314502a41273f13', '34.74.61.126', '2025-11-05 14:45:35', 0x5f5f63695f6c6173745f726567656e65726174657c693a313736323335333933353b5f5f63695f766172737c613a303a7b7d5f63695f70726576696f75735f75726c7c733a35303a2268747470733a2f2f6268617669636c69656e74732e62686176696372656174696f6e732e636f6d2f696e6465782e7068702f223b),
('ci_session:34ce23e389db5ad5bd5fcdea0e5ecf73', '157.50.93.99', '2025-11-05 18:01:01', 0x5f5f63695f6c6173745f726567656e65726174657c693a313736323336353636313b5f5f63695f766172737c613a303a7b7d5f63695f70726576696f75735f75726c7c733a35353a2268747470733a2f2f6268617669636c69656e74732e62686176696372656174696f6e732e636f6d2f696e6465782e7068702f6c6f67696e223b),
('ci_session:cd3169259ca8eeea03abae6af6494517', '157.50.93.17', '2025-11-05 18:00:43', 0x5f5f63695f6c6173745f726567656e65726174657c693a313736323336353434373b5f63695f70726576696f75735f75726c7c733a35383a2268747470733a2f2f6268617669636c69656e74732e62686176696372656174696f6e732e636f6d2f696e6465782e7068702f656d706c6f796565223b757365725f69647c733a313a2231223b66697273745f6e616d657c733a393a22626861766920707674223b6c6173745f6e616d657c733a393a226372656174696f6e73223b656d61696c7c733a313a2220223b726f6c655f69647c733a313a2231223b726f6c655f6e616d657c733a353a2241646d696e223b636c69656e745f69647c4e3b656d706c6f7965655f69647c4e3b69734c6f67676564496e7c623a313b737563636573737c733a33303a22456d706c6f7965652063726561746564207375636365737366756c6c7921223b5f5f63695f766172737c613a313a7b733a373a2273756363657373223b733a333a226f6c64223b7d),
('ci_session:0c2c324d0b39bfb5d33e8d15c7ad2bda', '157.50.93.17', '2025-11-05 18:09:03', 0x5f5f63695f6c6173745f726567656e65726174657c693a313736323336363134333b5f63695f70726576696f75735f75726c7c733a35353a2268747470733a2f2f6268617669636c69656e74732e62686176696372656174696f6e732e636f6d2f696e6465782e7068702f6c6f67696e223b6d6573736167657c733a33393a2250617373776f7264207265736574206c696e6b2073656e7420746f20796f757220656d61696c21223b5f5f63695f766172737c613a313a7b733a373a226d657373616765223b733a333a226f6c64223b7d),
('ci_session:7dc0a626ba1b741dcad21ec77ed76630', '157.50.93.17', '2025-11-05 18:10:22', 0x5f5f63695f6c6173745f726567656e65726174657c693a313736323336363134333b5f63695f70726576696f75735f75726c7c733a36383a2268747470733a2f2f6268617669636c69656e74732e62686176696372656174696f6e732e636f6d2f696e6465782e7068702f656d706c6f7965652d64617368626f617264223b757365725f69647c733a323a223939223b66697273745f6e616d657c733a363a2252616d657368223b6c6173745f6e616d657c733a353a2250696c6c69223b656d61696c7c733a32353a2272616d65736870696c6c693134323840676d61696c2e636f6d223b726f6c655f69647c733a313a2232223b726f6c655f6e616d657c733a383a22456d706c6f796565223b636c69656e745f69647c4e3b656d706c6f7965655f69647c733a323a223334223b69734c6f67676564496e7c623a313b),
('ci_session:fadf84b15033ed64ef64963416e1513d', '157.50.93.17', '2025-11-05 18:12:21', 0x5f5f63695f6c6173745f726567656e65726174657c693a313736323336363331363b5f63695f70726576696f75735f75726c7c733a36353a2268747470733a2f2f6268617669636c69656e74732e62686176696372656174696f6e732e636f6d2f696e6465782e7068702f666f72676f742d70617373776f7264223b6572726f727c733a34313a224e6f206163636f756e7420666f756e642077697468207468617420656d61696c20616464726573732e223b5f5f63695f766172737c613a313a7b733a353a226572726f72223b733a333a226f6c64223b7d),
('ci_session:5585c71782a55f5b19c82ef616068653', '161.35.58.180', '2025-11-05 18:43:02', 0x5f5f63695f6c6173745f726567656e65726174657c693a313736323336383138323b5f5f63695f766172737c613a303a7b7d5f63695f70726576696f75735f75726c7c733a35303a2268747470733a2f2f6268617669636c69656e74732e62686176696372656174696f6e732e636f6d2f696e6465782e7068702f223b),
('ci_session:788b55712db9d2528bb008f19a29df0f', '194.127.167.80', '2025-11-06 04:30:11', 0x5f5f63695f6c6173745f726567656e65726174657c693a313736323430333431313b5f5f63695f766172737c613a303a7b7d5f63695f70726576696f75735f75726c7c733a35303a2268747470733a2f2f6268617669636c69656e74732e62686176696372656174696f6e732e636f6d2f696e6465782e7068702f223b),
('ci_session:031f26a36fca81871b18417c938cb846', '49.43.201.59', '2025-11-06 04:39:13', 0x5f5f63695f6c6173745f726567656e65726174657c693a313736323430333935333b5f63695f70726576696f75735f75726c7c733a36353a2268747470733a2f2f6268617669636c69656e74732e62686176696372656174696f6e732e636f6d2f696e6465782e7068702f7461736b2d6d616e6167656d656e74223b757365725f69647c733a313a2231223b66697273745f6e616d657c733a393a22626861766920707674223b6c6173745f6e616d657c733a393a226372656174696f6e73223b656d61696c7c733a313a2220223b726f6c655f69647c733a313a2231223b726f6c655f6e616d657c733a353a2241646d696e223b636c69656e745f69647c4e3b656d706c6f7965655f69647c4e3b69734c6f67676564496e7c623a313b5f5f63695f766172737c613a303a7b7d),
('ci_session:fd9adebd35731d3ef8d331a9fabd55d2', '49.43.201.59', '2025-11-06 04:40:11', 0x5f5f63695f6c6173745f726567656e65726174657c693a313736323430333935333b5f63695f70726576696f75735f75726c7c733a35383a2268747470733a2f2f6268617669636c69656e74732e62686176696372656174696f6e732e636f6d2f696e6465782e7068702f656d706c6f796565223b757365725f69647c733a313a2231223b66697273745f6e616d657c733a393a22626861766920707674223b6c6173745f6e616d657c733a393a226372656174696f6e73223b656d61696c7c733a313a2220223b726f6c655f69647c733a313a2231223b726f6c655f6e616d657c733a353a2241646d696e223b636c69656e745f69647c4e3b656d706c6f7965655f69647c4e3b69734c6f67676564496e7c623a313b5f5f63695f766172737c613a303a7b7d),
('ci_session:cc5addd623623f5c518dd334411916b3', '64.227.155.26', '2025-11-06 04:39:44', 0x5f5f63695f6c6173745f726567656e65726174657c693a313736323430333938343b5f63695f70726576696f75735f75726c7c733a35303a2268747470733a2f2f6268617669636c69656e74732e62686176696372656174696f6e732e636f6d2f696e6465782e7068702f223b5f5f63695f766172737c613a303a7b7d),
('ci_session:7f868a85185674c53e01085885c5d369', '49.43.201.59', '2025-11-06 04:55:53', 0x5f5f63695f6c6173745f726567656e65726174657c693a313736323430343935333b5f5f63695f766172737c613a303a7b7d5f63695f70726576696f75735f75726c7c733a35353a2268747470733a2f2f6268617669636c69656e74732e62686176696372656174696f6e732e636f6d2f696e6465782e7068702f6c6f67696e223b),
('ci_session:6c13a5f47acbff33e20b43b45d93a3a1', '49.43.201.59', '2025-11-06 06:42:23', 0x5f5f63695f6c6173745f726567656e65726174657c693a313736323431313332303b5f63695f70726576696f75735f75726c7c733a36363a2268747470733a2f2f6268617669636c69656e74732e62686176696372656174696f6e732e636f6d2f696e6465782e7068702f6c656176652d6d616e6167656d656e74223b757365725f69647c733a313a2231223b66697273745f6e616d657c733a393a22626861766920707674223b6c6173745f6e616d657c733a393a226372656174696f6e73223b656d61696c7c733a313a2220223b726f6c655f69647c733a313a2231223b726f6c655f6e616d657c733a353a2241646d696e223b636c69656e745f69647c4e3b656d706c6f7965655f69647c4e3b69734c6f67676564496e7c623a313b5f5f63695f766172737c613a303a7b7d),
('ci_session:d9c311dc6e44e1a25b84c5a383c77e51', '185.177.72.11', '2025-11-06 07:06:33', 0x5f5f63695f6c6173745f726567656e65726174657c693a313736323431323739333b5f5f63695f766172737c613a303a7b7d5f63695f70726576696f75735f75726c7c733a35303a2268747470733a2f2f6268617669636c69656e74732e62686176696372656174696f6e732e636f6d2f696e6465782e7068702f223b),
('ci_session:d9cef06c1548ad95aefc2ff2d60bdbbf', '67.205.140.3', '2025-11-06 07:54:28', 0x5f5f63695f6c6173745f726567656e65726174657c693a313736323431353636383b5f5f63695f766172737c613a303a7b7d5f63695f70726576696f75735f75726c7c733a35303a2268747470733a2f2f6268617669636c69656e74732e62686176696372656174696f6e732e636f6d2f696e6465782e7068702f223b),
('ci_session:ae8b092683818a5d7b4a51383a07a899', '49.43.201.59', '2025-11-06 09:09:27', 0x5f5f63695f6c6173745f726567656e65726174657c693a313736323432303136373b5f63695f70726576696f75735f75726c7c733a35363a2268747470733a2f2f6268617669636c69656e74732e62686176696372656174696f6e732e636f6d2f696e6465782e7068702f636c69656e74223b757365725f69647c733a313a2231223b66697273745f6e616d657c733a393a22626861766920707674223b6c6173745f6e616d657c733a393a226372656174696f6e73223b656d61696c7c733a313a2220223b726f6c655f69647c733a313a2231223b726f6c655f6e616d657c733a353a2241646d696e223b636c69656e745f69647c4e3b656d706c6f7965655f69647c4e3b69734c6f67676564496e7c623a313b5f5f63695f766172737c613a303a7b7d),
('ci_session:3d151b568a6e6fff552092829235e810', '49.43.201.59', '2025-11-06 09:02:46', 0x5f5f63695f6c6173745f726567656e65726174657c693a313736323431393736363b5f5f63695f766172737c613a303a7b7d5f63695f70726576696f75735f75726c7c733a35353a2268747470733a2f2f6268617669636c69656e74732e62686176696372656174696f6e732e636f6d2f696e6465782e7068702f6c6f67696e223b),
('ci_session:887c4ea6c5b40e42d38791f04f362ef2', '49.43.201.59', '2025-11-06 09:23:25', 0x5f5f63695f6c6173745f726567656e65726174657c693a313736323432313030353b5f63695f70726576696f75735f75726c7c733a36353a2268747470733a2f2f6268617669636c69656e74732e62686176696372656174696f6e732e636f6d2f696e6465782e7068702f666f72676f742d70617373776f7264223b5f5f63695f766172737c613a303a7b7d),
('ci_session:5dc85f1cf82878d912e6fbe04b77a72b', '49.43.201.59', '2025-11-06 09:17:22', 0x5f5f63695f6c6173745f726567656e65726174657c693a313736323432303634323b5f63695f70726576696f75735f75726c7c733a35363a2268747470733a2f2f6268617669636c69656e74732e62686176696372656174696f6e732e636f6d2f696e6465782e7068702f636c69656e74223b757365725f69647c733a313a2231223b66697273745f6e616d657c733a393a22626861766920707674223b6c6173745f6e616d657c733a393a226372656174696f6e73223b656d61696c7c733a313a2220223b726f6c655f69647c733a313a2231223b726f6c655f6e616d657c733a353a2241646d696e223b636c69656e745f69647c4e3b656d706c6f7965655f69647c4e3b69734c6f67676564496e7c623a313b5f5f63695f766172737c613a303a7b7d),
('ci_session:3c1841eef55eef08c7b438ffc563dbe0', '49.43.201.59', '2025-11-06 09:18:20', 0x5f5f63695f6c6173745f726567656e65726174657c693a313736323432303730303b5f63695f70726576696f75735f75726c7c733a35353a2268747470733a2f2f6268617669636c69656e74732e62686176696372656174696f6e732e636f6d2f696e6465782e7068702f6c6f67696e223b6d6573736167657c733a38323a2250617373776f7264207265736574206c696e6b2073656e7420746f20796f757220656d61696c2120506c6561736520636865636b20796f757220696e626f782028616e64207370616d20666f6c646572292e223b5f5f63695f766172737c613a313a7b733a373a226d657373616765223b733a333a226f6c64223b7d),
('ci_session:a689aebd1d721eb6241956947800ebee', '49.43.201.59', '2025-11-06 09:23:06', 0x5f5f63695f6c6173745f726567656e65726174657c693a313736323432303938363b5f63695f70726576696f75735f75726c7c733a35363a2268747470733a2f2f6268617669636c69656e74732e62686176696372656174696f6e732e636f6d2f696e6465782e7068702f636c69656e74223b757365725f69647c733a313a2231223b66697273745f6e616d657c733a393a22626861766920707674223b6c6173745f6e616d657c733a393a226372656174696f6e73223b656d61696c7c733a313a2220223b726f6c655f69647c733a313a2231223b726f6c655f6e616d657c733a353a2241646d696e223b636c69656e745f69647c4e3b656d706c6f7965655f69647c4e3b69734c6f67676564496e7c623a313b5f5f63695f766172737c613a303a7b7d),
('ci_session:006b1633377139a7e4af8c34184b6a32', '49.43.201.59', '2025-11-06 09:17:54', 0x5f5f63695f6c6173745f726567656e65726174657c693a313736323432303635313b5f63695f70726576696f75735f75726c7c733a35353a2268747470733a2f2f6268617669636c69656e74732e62686176696372656174696f6e732e636f6d2f696e6465782e7068702f6c6f67696e223b6d6573736167657c733a34323a2250617373776f7264207265736574207375636365737366756c6c792120506c65617365206c6f67696e2e223b5f5f63695f766172737c613a313a7b733a373a226d657373616765223b733a333a226f6c64223b7d),
('ci_session:5eb1f0e31e9d2039e8a01081522f273e', '49.44.84.231', '2025-11-06 09:17:40', 0x5f5f63695f6c6173745f726567656e65726174657c693a313736323432303636303b5f5f63695f766172737c613a303a7b7d5f63695f70726576696f75735f75726c7c733a3132393a2268747470733a2f2f6268617669636c69656e74732e62686176696372656174696f6e732e636f6d2f696e6465782e7068702f72657365742d70617373776f72642f34633237393939663464386236366135656537303163343366393066663338323637393739616138646637356266333533326232363537336531393433613562223b),
('ci_session:e7c086d8a41d0554fd5988635548c9b2', '123.176.32.71', '2025-11-06 09:17:40', 0x5f5f63695f6c6173745f726567656e65726174657c693a313736323432303636303b5f5f63695f766172737c613a303a7b7d5f63695f70726576696f75735f75726c7c733a3132393a2268747470733a2f2f6268617669636c69656e74732e62686176696372656174696f6e732e636f6d2f696e6465782e7068702f72657365742d70617373776f72642f34633237393939663464386236366135656537303163343366393066663338323637393739616138646637356266333533326232363537336531393433613562223b),
('ci_session:525886f77e9cf2dc252b60ac48875830', '49.43.201.59', '2025-11-06 09:41:45', 0x5f5f63695f6c6173745f726567656e65726174657c693a313736323432323130353b5f63695f70726576696f75735f75726c7c733a36383a2268747470733a2f2f6268617669636c69656e74732e62686176696372656174696f6e732e636f6d2f696e6465782e7068702f656d706c6f7965652d64617368626f617264223b757365725f69647c733a323a223939223b66697273745f6e616d657c733a363a2252616d657368223b6c6173745f6e616d657c733a353a2250696c6c69223b656d61696c7c733a32353a2272616d65736870696c6c693134323840676d61696c2e636f6d223b726f6c655f69647c733a313a2232223b726f6c655f6e616d657c733a383a22456d706c6f796565223b636c69656e745f69647c4e3b656d706c6f7965655f69647c733a323a223334223b69734c6f67676564496e7c623a313b),
('ci_session:f81b3fcefcea4bb6443d4ae2d880abdd', '49.43.201.59', '2025-11-06 09:32:20', 0x5f5f63695f6c6173745f726567656e65726174657c693a313736323432313534303b5f63695f70726576696f75735f75726c7c733a37303a2268747470733a2f2f6268617669636c69656e74732e62686176696372656174696f6e732e636f6d2f696e6465782e7068702f636c69656e742d6173736574732f637265617465223b757365725f69647c733a323a223436223b66697273745f6e616d657c733a353a2261646d696e223b6c6173745f6e616d657c733a373a226d616e61676572223b656d61696c7c733a32323a2261646d696e6d616e6167657240676d61696c2e636f6d223b726f6c655f69647c733a313a2235223b726f6c655f6e616d657c733a31333a2241646d696e204d616e61676572223b636c69656e745f69647c4e3b656d706c6f7965655f69647c4e3b69734c6f67676564496e7c623a313b5f5f63695f766172737c613a303a7b7d),
('ci_session:79bbe42032cf002507399d140a8c4c09', '49.44.78.232', '2025-11-06 09:23:28', 0x5f5f63695f6c6173745f726567656e65726174657c693a313736323432313030383b5f5f63695f766172737c613a303a7b7d5f63695f70726576696f75735f75726c7c733a35353a2268747470733a2f2f6268617669636c69656e74732e62686176696372656174696f6e732e636f6d2f696e6465782e7068702f6c6f67696e223b),
('ci_session:c8b4c6c20b78a6d7ed2b47108fd95740', '49.43.201.59', '2025-11-06 10:04:52', 0x5f5f63695f6c6173745f726567656e65726174657c693a313736323432333439323b5f63695f70726576696f75735f75726c7c733a37303a2268747470733a2f2f6268617669636c69656e74732e62686176696372656174696f6e732e636f6d2f696e6465782e7068702f636c69656e742d6173736574732f656469742f33223b757365725f69647c733a323a223436223b66697273745f6e616d657c733a353a2261646d696e223b6c6173745f6e616d657c733a373a226d616e61676572223b656d61696c7c733a32323a2261646d696e6d616e6167657240676d61696c2e636f6d223b726f6c655f69647c733a313a2235223b726f6c655f6e616d657c733a31333a2241646d696e204d616e61676572223b636c69656e745f69647c4e3b656d706c6f7965655f69647c4e3b69734c6f67676564496e7c623a313b5f5f63695f766172737c613a303a7b7d),
('ci_session:d01de77825c86f05988b8150810e6e93', '49.43.201.59', '2025-11-06 09:37:22', 0x5f5f63695f6c6173745f726567656e65726174657c693a313736323432313834323b5f63695f70726576696f75735f75726c7c733a35393a2268747470733a2f2f6268617669636c69656e74732e62686176696372656174696f6e732e636f6d2f696e6465782e7068702f64617368626f617264223b757365725f69647c733a323a223436223b66697273745f6e616d657c733a353a2261646d696e223b6c6173745f6e616d657c733a373a226d616e61676572223b656d61696c7c733a32323a2261646d696e6d616e6167657240676d61696c2e636f6d223b726f6c655f69647c733a313a2235223b726f6c655f6e616d657c733a31333a2241646d696e204d616e61676572223b636c69656e745f69647c4e3b656d706c6f7965655f69647c4e3b69734c6f67676564496e7c623a313b),
('ci_session:31d746e39256253f8c2e4b61ae29c70e', '49.43.201.59', '2025-11-06 09:37:24', 0x5f5f63695f6c6173745f726567656e65726174657c693a313736323432313834323b5f63695f70726576696f75735f75726c7c733a35383a2268747470733a2f2f6268617669636c69656e74732e62686176696372656174696f6e732e636f6d2f696e6465782e7068702f686f6c6964617973223b757365725f69647c733a323a223436223b66697273745f6e616d657c733a353a2261646d696e223b6c6173745f6e616d657c733a373a226d616e61676572223b656d61696c7c733a32323a2261646d696e6d616e6167657240676d61696c2e636f6d223b726f6c655f69647c733a313a2235223b726f6c655f6e616d657c733a31333a2241646d696e204d616e61676572223b636c69656e745f69647c4e3b656d706c6f7965655f69647c4e3b69734c6f67676564496e7c623a313b5f5f63695f766172737c613a303a7b7d),
('ci_session:32d540f7fa160ce166f42c3e380142fd', '49.43.201.59', '2025-11-06 09:40:33', 0x5f5f63695f6c6173745f726567656e65726174657c693a313736323432323033303b5f63695f70726576696f75735f75726c7c733a36353a2268747470733a2f2f6268617669636c69656e74732e62686176696372656174696f6e732e636f6d2f696e6465782e7068702f666f72676f742d70617373776f7264223b5f5f63695f766172737c613a303a7b7d),
('ci_session:64b851b5a2dc4ba038edfe236809c70e', '49.43.201.59', '2025-11-06 09:41:32', 0x5f5f63695f6c6173745f726567656e65726174657c693a313736323432323039323b5f5f63695f766172737c613a303a7b7d5f63695f70726576696f75735f75726c7c733a36353a2268747470733a2f2f6268617669636c69656e74732e62686176696372656174696f6e732e636f6d2f696e6465782e7068702f666f72676f742d70617373776f7264223b),
('ci_session:653869dae6fe1a0cee8de3c481c230ec', '49.43.201.59', '2025-11-06 09:45:03', 0x5f5f63695f6c6173745f726567656e65726174657c693a313736323432323237373b5f63695f70726576696f75735f75726c7c733a36383a2268747470733a2f2f6268617669636c69656e74732e62686176696372656174696f6e732e636f6d2f696e6465782e7068702f656d706c6f7965652d64617368626f617264223b757365725f69647c733a323a223939223b66697273745f6e616d657c733a363a2252616d657368223b6c6173745f6e616d657c733a353a2250696c6c69223b656d61696c7c733a32353a2272616d65736870696c6c693134323840676d61696c2e636f6d223b726f6c655f69647c733a313a2232223b726f6c655f6e616d657c733a383a22456d706c6f796565223b636c69656e745f69647c4e3b656d706c6f7965655f69647c733a323a223334223b69734c6f67676564496e7c623a313b),
('ci_session:7389b1cb3133ccb9ec398bb115b2ac43', '49.43.201.59', '2025-11-06 09:59:31', 0x5f5f63695f6c6173745f726567656e65726174657c693a313736323432333137313b5f5f63695f766172737c613a303a7b7d5f63695f70726576696f75735f75726c7c733a35303a2268747470733a2f2f6268617669636c69656e74732e62686176696372656174696f6e732e636f6d2f696e6465782e7068702f223b),
('ci_session:2d1138ea3414501434d457f7880bb482', '49.43.201.59', '2025-11-06 10:00:37', 0x5f5f63695f6c6173745f726567656e65726174657c693a313736323432333233373b5f5f63695f766172737c613a303a7b7d5f63695f70726576696f75735f75726c7c733a35303a2268747470733a2f2f6268617669636c69656e74732e62686176696372656174696f6e732e636f6d2f696e6465782e7068702f223b),
('ci_session:21f6aedc2ce8e54d1a2ed92c6f0e8b1c', '49.43.201.59', '2025-11-06 09:59:31', 0x5f5f63695f6c6173745f726567656e65726174657c693a313736323432333137313b5f63695f70726576696f75735f75726c7c733a35303a2268747470733a2f2f6268617669636c69656e74732e62686176696372656174696f6e732e636f6d2f696e6465782e7068702f223b5f5f63695f766172737c613a303a7b7d),
('ci_session:6fe9fb95e7f922e42977d98198db6002', '49.43.201.59', '2025-11-06 09:59:36', 0x5f5f63695f6c6173745f726567656e65726174657c693a313736323432333137363b5f5f63695f766172737c613a303a7b7d5f63695f70726576696f75735f75726c7c733a35303a2268747470733a2f2f6268617669636c69656e74732e62686176696372656174696f6e732e636f6d2f696e6465782e7068702f223b),
('ci_session:8232c0ba7f8527b5d10f85ca3e9a06da', '49.43.201.59', '2025-11-06 09:59:46', 0x5f5f63695f6c6173745f726567656e65726174657c693a313736323432333138363b5f5f63695f766172737c613a303a7b7d5f63695f70726576696f75735f75726c7c733a35303a2268747470733a2f2f6268617669636c69656e74732e62686176696372656174696f6e732e636f6d2f696e6465782e7068702f223b),
('ci_session:835bd2015ff43ab9bcd5ba40427e22c0', '49.43.201.59', '2025-11-06 09:59:53', 0x5f5f63695f6c6173745f726567656e65726174657c693a313736323432333139333b5f5f63695f766172737c613a303a7b7d5f63695f70726576696f75735f75726c7c733a35303a2268747470733a2f2f6268617669636c69656e74732e62686176696372656174696f6e732e636f6d2f696e6465782e7068702f223b),
('ci_session:f35840124aef9f33a549ca32d31df75d', '49.43.201.59', '2025-11-06 10:00:37', 0x5f5f63695f6c6173745f726567656e65726174657c693a313736323432333233373b5f63695f70726576696f75735f75726c7c733a35303a2268747470733a2f2f6268617669636c69656e74732e62686176696372656174696f6e732e636f6d2f696e6465782e7068702f223b6572726f727c733a32393a22496e76616c696420557365726e616d65206f722050617373776f72642e223b5f5f63695f766172737c613a323a7b733a353a226572726f72223b733a333a226f6c64223b733a31333a225f63695f6f6c645f696e707574223b733a333a226f6c64223b7d5f63695f6f6c645f696e7075747c613a323a7b733a333a22676574223b613a303a7b7d733a343a22706f7374223b613a323a7b733a383a22757365726e616d65223b733a31353a22626861766940676d61696c2e636f6d223b733a383a2270617373776f7264223b733a31323a222070617373776f7264313233223b7d7d),
('ci_session:b56e7142cdc930b7ebbd5c2e4d66dbfd', '49.43.201.59', '2025-11-06 10:00:45', 0x5f5f63695f6c6173745f726567656e65726174657c693a313736323432333234353b5f5f63695f766172737c613a303a7b7d5f63695f70726576696f75735f75726c7c733a35303a2268747470733a2f2f6268617669636c69656e74732e62686176696372656174696f6e732e636f6d2f696e6465782e7068702f223b),
('ci_session:1ef837c67181568efc859a8edf554068', '49.43.201.59', '2025-11-06 10:05:19', 0x5f5f63695f6c6173745f726567656e65726174657c693a313736323432333439323b5f63695f70726576696f75735f75726c7c733a36333a2268747470733a2f2f6268617669636c69656e74732e62686176696372656174696f6e732e636f6d2f696e6465782e7068702f636c69656e742d617373657473223b757365725f69647c733a323a223436223b66697273745f6e616d657c733a353a2261646d696e223b6c6173745f6e616d657c733a373a226d616e61676572223b656d61696c7c733a32323a2261646d696e6d616e6167657240676d61696c2e636f6d223b726f6c655f69647c733a313a2235223b726f6c655f6e616d657c733a31333a2241646d696e204d616e61676572223b636c69656e745f69647c4e3b656d706c6f7965655f69647c4e3b69734c6f67676564496e7c623a313b5f5f63695f766172737c613a303a7b7d);

-- --------------------------------------------------------

--
-- Table structure for table `clients`
--

CREATE TABLE `clients` (
  `id` int(11) UNSIGNED NOT NULL,
  `user_id` bigint(20) UNSIGNED DEFAULT NULL,
  `client_manager_id` int(11) UNSIGNED DEFAULT NULL,
  `name` varchar(255) NOT NULL,
  `owner_first_name` varchar(100) NOT NULL,
  `owner_last_name` varchar(100) NOT NULL,
  `email` varchar(255) NOT NULL,
  `phone` varchar(20) DEFAULT NULL,
  `manager_name` varchar(100) DEFAULT NULL,
  `manager_phone` varchar(20) DEFAULT NULL,
  `reference` varchar(255) DEFAULT NULL,
  `started_date` date DEFAULT NULL,
  `remarks` text DEFAULT NULL,
  `role_id` int(11) UNSIGNED NOT NULL DEFAULT 3,
  `created_at` datetime DEFAULT NULL,
  `updated_at` datetime DEFAULT NULL
) ENGINE=InnoDB DEFAULT CHARSET=utf8mb4 COLLATE=utf8mb4_general_ci;

--
-- Dumping data for table `clients`
--

INSERT INTO `clients` (`id`, `user_id`, `client_manager_id`, `name`, `owner_first_name`, `owner_last_name`, `email`, `phone`, `manager_name`, `manager_phone`, `reference`, `started_date`, `remarks`, `role_id`, `created_at`, `updated_at`) VALUES
(29, 70, 71, 'Srinivasa Multi Speciality Dental Hospital', 'Dr.Kiran', 'Raju', 'srinivasadentalkakinada@gmail.com', '9569568567', 'Praveen', '9989588666', 'Harsha garu and Revanth garu', '2024-02-07', 'Premium', 3, '2025-11-01 17:24:42', '2025-11-03 10:24:47'),
(31, 78, 79, 'Krishna Denta Cure', 'Dr. B. Suresh', 'Kumar ', 'drsureshkumar1.com@gmail.com', '9849225770', 'Dr. Jyothsna', '9160012399', '', '2025-02-11', 'Premium ', 3, '2025-11-03 10:09:44', '2025-11-03 10:16:49'),
(32, 80, 81, 'Vision Multispeciality Dental Hospital', 'Dr. Abhilash ', 'Naik ', 'visiondentalguntur@gmail.com', '9553335568', 'Dr. Lathasree', '9492444046', '', '2024-08-20', 'Premium ', 3, '2025-11-03 10:16:19', '2025-11-03 10:16:19'),
(33, 82, 83, 'Apple Dental Specialities ', 'Dr. Kalyan ', 'Chakravarty', 'appledentalclinic2025@gmail.com', '9985200620', 'Dr. T. Madhuri', '9494193344', '', '2025-03-10', 'Premium', 3, '2025-11-03 10:24:12', '2025-11-03 10:24:12'),
(34, 84, 85, 'IVY Dental ', 'Dr. Chiranjeevi ', 'Reddy ', 'ivorydental02@gmail.com', '9916995323', 'Dr. Divya Reddy', '9886651419', '', '2025-08-14', 'Premium', 3, '2025-11-03 10:35:51', '2025-11-03 10:35:51'),
(35, 86, 87, 'Revansh Dental & Physiotherapy', 'Dr. P. Indeevar ', 'Reddy', 'revanshdentalphysiotherapy@gmail.com', '9493346026', 'Dr. k. Hanisha Reddy', '9493346026', '', '2025-02-19', '', 3, '2025-11-03 11:19:40', '2025-11-03 11:19:40'),
(36, 88, 89, 'Dr. Subhash Center for Plastic Surgery', 'Dr. Subhash ', 'Pentapati', 'drsubhashplasticsurgeon@gmail.com', '9989802260', 'Ramu Yalla', '9779489999', '', '2022-10-14', 'Premium ', 3, '2025-11-03 11:27:51', '2025-11-03 11:27:51'),
(37, 90, 91, 'Neurostar Multi Speciality Hospital', 'Satish', 'Jyothula', 'neurostar36@gmail.com', '9885943399', 'Nagendra', '8125778910', '', '2023-03-17', 'Premium ', 3, '2025-11-03 11:34:11', '2025-11-03 11:34:11'),
(38, 92, 93, 'Ask Oncologist ', 'Dr. K Pradeep', 'Bhaskar', 'oncologyask@gmail.com', '8406907980', 'Dr. K Pradeep Bhaskar', '8406907980', '', '2024-06-17', 'Premium ', 3, '2025-11-03 11:37:44', '2025-11-03 11:37:44'),
(39, 94, 95, 'Renew Skin Clinic ', 'Dr. Navya', 'Prasanthi', 'renewneurostar@gmail.com', '6302306857', 'Dr. Pavani Jyothula', '9989240222', '', '2024-10-23', 'Premium', 3, '2025-11-03 11:51:43', '2025-11-03 12:00:00'),
(40, 96, 97, 'Sri Hari Skin & Kidney Clinic', 'Dr. Rao Sowmya  ', 'Manasa ', 'srihariskinclinic@gmail.com', '9177414895', 'Dr. Chelikani Yaswanth', '9177414895', '', '2023-11-01', 'Premium', 3, '2025-11-03 11:59:05', '2025-11-03 11:59:05');

-- --------------------------------------------------------

--
-- Table structure for table `client_assets`
--

CREATE TABLE `client_assets` (
  `id` int(11) UNSIGNED NOT NULL,
  `client_id` int(11) UNSIGNED NOT NULL,
  `logo_file` varchar(255) DEFAULT NULL,
  `logo_png` varchar(255) DEFAULT NULL,
  `logo_jpg` varchar(255) DEFAULT NULL,
  `logo_psd` varchar(255) DEFAULT NULL,
  `logo_pdf` varchar(255) DEFAULT NULL,
  `template_files` longtext DEFAULT NULL COMMENT 'JSON array of template files',
  `social_media` longtext DEFAULT NULL COMMENT 'JSON array of social media links',
  `remarks` text DEFAULT NULL,
  `uploaded_by` bigint(20) UNSIGNED DEFAULT NULL,
  `created_at` datetime DEFAULT current_timestamp(),
  `updated_at` datetime DEFAULT current_timestamp() ON UPDATE current_timestamp()
) ENGINE=InnoDB DEFAULT CHARSET=utf8mb4 COLLATE=utf8mb4_unicode_ci;

--
-- Dumping data for table `client_assets`
--

INSERT INTO `client_assets` (`id`, `client_id`, `logo_file`, `logo_png`, `logo_jpg`, `logo_psd`, `logo_pdf`, `template_files`, `social_media`, `remarks`, `uploaded_by`, `created_at`, `updated_at`) VALUES
(3, 29, NULL, NULL, NULL, NULL, NULL, NULL, '{\"facebook\":{\"link\":\"https:\\/\\/www.facebook.com\\/srinivasadentalkakinada\\/\",\"username\":\"srinivasadentalkakinada\",\"password\":\"Access\"},\"instagram\":{\"link\":\"https:\\/\\/www.instagram.com\\/srinivasadentalkakinada\\/\",\"username\":\"srinivasadentalkakinada\",\"password\":\"Sr!niv@$a#2014\"},\"youtube\":{\"link\":\"https:\\/\\/www.youtube.com\\/@srinivasadentalkakinada\",\"username\":\"srinivasadentalkakinada\",\"password\":\"Access\"},\"twitter\":{\"link\":\"https:\\/\\/x.com\\/SrinivasaK8555\",\"username\":\"srinivasadentalkakinada@gmail.com\",\"password\":\"#Srinivasa2024\"},\"quora\":{\"link\":\"\",\"username\":\"dvskiranraju@gmail.com\",\"password\":\"Srinivasa@2014\"},\"website\":{\"link\":\"https:\\/\\/srinivasadentalkakinada.com\\/\",\"username\":\"bhavicreations@gmail.com\",\"password\":\"bhavicreations\"},\"linkedin\":{\"link\":\"https:\\/\\/www.linkedin.com\\/company\\/99449038\\/admin\\/dashboard\\/\",\"username\":\"Access\",\"password\":\"Access\"},\"pinterest\":{\"link\":\"https:\\/\\/in.pinterest.com\\/srinivasadentalkakinada\\/_profile\\/\",\"username\":\"srinivasadentalkakinada@gmail.com\",\"password\":\"#Srinivasa2024\"},\"gmb\":{\"link\":\"https:\\/\\/g.page\\/r\\/CcKNDHCrH_ogEBM\\/review\",\"username\":\"\",\"password\":\"\"}}', NULL, 46, '2025-11-04 16:38:00', '2025-11-06 15:34:52');

-- --------------------------------------------------------

--
-- Table structure for table `client_files`
--

CREATE TABLE `client_files` (
  `id` int(11) UNSIGNED NOT NULL,
  `client_id` int(11) UNSIGNED NOT NULL,
  `file_name` varchar(255) NOT NULL,
  `original_name` varchar(255) DEFAULT NULL,
  `file_type` varchar(100) NOT NULL,
  `file_size` int(11) NOT NULL,
  `uploaded_by` varchar(50) DEFAULT 'admin',
  `uploaded_at` datetime DEFAULT current_timestamp()
) ENGINE=InnoDB DEFAULT CHARSET=utf8mb3 COLLATE=utf8mb3_general_ci;

--
-- Dumping data for table `client_files`
--

INSERT INTO `client_files` (`id`, `client_id`, `file_name`, `original_name`, `file_type`, `file_size`, `uploaded_by`, `uploaded_at`) VALUES
(33, 29, '1762254040_a9e029f96de225bbd7b6.mp4', 'bhavi creations_s Video - Nov 1, 2025-VEED (1).mp4', 'video/mp4', 129174949, '29', '2025-11-04 16:30:40');

-- --------------------------------------------------------

--
-- Table structure for table `client_payments`
--

CREATE TABLE `client_payments` (
  `id` int(11) UNSIGNED NOT NULL,
  `client_id` int(11) UNSIGNED NOT NULL,
  `project_id` int(11) UNSIGNED DEFAULT NULL,
  `payment_type` enum('advance','installment','final') NOT NULL DEFAULT 'installment',
  `amount` decimal(10,2) NOT NULL,
  `payment_date` date NOT NULL,
  `payment_method` varchar(50) DEFAULT NULL COMMENT 'Cash, UPI, Bank Transfer, etc',
  `transaction_reference` varchar(100) DEFAULT NULL COMMENT 'Transaction ID or Reference Number',
  `transaction_file` varchar(255) DEFAULT NULL,
  `remarks` text DEFAULT NULL,
  `created_at` datetime DEFAULT current_timestamp(),
  `updated_at` datetime DEFAULT current_timestamp() ON UPDATE current_timestamp()
) ENGINE=InnoDB DEFAULT CHARSET=utf8mb4 COLLATE=utf8mb4_general_ci;

--
-- Dumping data for table `client_payments`
--

INSERT INTO `client_payments` (`id`, `client_id`, `project_id`, `payment_type`, `amount`, `payment_date`, `payment_method`, `transaction_reference`, `transaction_file`, `remarks`, `created_at`, `updated_at`) VALUES
(3, 29, 1, 'advance', 10000.00, '2025-10-29', 'Cheque', '', NULL, '', '2025-11-01 17:29:38', '2025-11-05 23:23:20'),
(6, 29, 1, 'installment', 20000.00, '2025-11-04', 'Schedule Payment', 'Schedule #6', NULL, 'Auto-created from payment schedule', '2025-11-04 16:16:09', '2025-11-05 23:23:20');

-- --------------------------------------------------------

--
-- Table structure for table `client_payment_schedule`
--

CREATE TABLE `client_payment_schedule` (
  `id` int(11) UNSIGNED NOT NULL,
  `client_id` int(11) UNSIGNED NOT NULL,
  `project_id` int(11) UNSIGNED DEFAULT NULL,
  `expected_amount` decimal(10,2) NOT NULL,
  `expected_date` date NOT NULL,
  `status` enum('pending','paid','overdue','cancelled','received') NOT NULL DEFAULT 'pending',
  `remarks` text DEFAULT NULL,
  `schedule_file` varchar(255) DEFAULT NULL,
  `received_date` date DEFAULT NULL,
  `payment_id` int(11) UNSIGNED DEFAULT NULL COMMENT 'Links to actual payment when paid',
  `created_at` datetime DEFAULT current_timestamp(),
  `updated_at` datetime DEFAULT current_timestamp() ON UPDATE current_timestamp()
) ENGINE=InnoDB DEFAULT CHARSET=utf8mb4 COLLATE=utf8mb4_general_ci;

--
-- Dumping data for table `client_payment_schedule`
--

INSERT INTO `client_payment_schedule` (`id`, `client_id`, `project_id`, `expected_amount`, `expected_date`, `status`, `remarks`, `schedule_file`, `received_date`, `payment_id`, `created_at`, `updated_at`) VALUES
(2, 29, 1, 10000.00, '2025-11-06', 'pending', '', NULL, NULL, NULL, '2025-11-01 17:29:54', '2025-11-05 23:23:20'),
(6, 29, 1, 20000.00, '2025-11-04', 'received', '', NULL, '2025-11-04', 6, '2025-11-04 16:15:57', '2025-11-05 23:23:20');

-- --------------------------------------------------------

--
-- Table structure for table `client_projects`
--

CREATE TABLE `client_projects` (
  `id` int(11) UNSIGNED NOT NULL,
  `client_id` int(11) UNSIGNED NOT NULL,
  `project_name` varchar(255) NOT NULL,
  `project_value` decimal(10,2) NOT NULL DEFAULT 0.00,
  `project_start_date` date DEFAULT NULL,
  `project_end_date` date DEFAULT NULL,
  `total_paid` decimal(10,2) NOT NULL DEFAULT 0.00,
  `total_due` decimal(10,2) NOT NULL DEFAULT 0.00,
  `status` enum('active','completed','cancelled','on-hold') NOT NULL DEFAULT 'active',
  `remarks` text DEFAULT NULL,
  `created_at` datetime DEFAULT current_timestamp(),
  `updated_at` datetime DEFAULT current_timestamp() ON UPDATE current_timestamp()
) ENGINE=InnoDB DEFAULT CHARSET=utf8mb4 COLLATE=utf8mb4_general_ci;

--
-- Dumping data for table `client_projects`
--

INSERT INTO `client_projects` (`id`, `client_id`, `project_name`, `project_value`, `project_start_date`, `project_end_date`, `total_paid`, `total_due`, `status`, `remarks`, `created_at`, `updated_at`) VALUES
(1, 29, 'Srinivasa Multi Speciality Dental Hospital - Main Project', 40000.00, '2024-02-07', NULL, 30000.00, 10000.00, 'active', NULL, '2025-11-05 23:23:20', '2025-11-05 23:23:20'),
(2, 37, 'Neurostar Multi Speciality Hospital - Main Project', 0.00, '2023-03-17', NULL, 0.00, 0.00, 'active', NULL, '2025-11-05 23:23:20', '2025-11-05 23:23:20'),
(3, 31, 'Krishna Denta Cure - Main Project', 0.00, '2025-02-11', NULL, 0.00, 0.00, 'active', NULL, '2025-11-05 23:23:20', '2025-11-05 23:23:20'),
(4, 38, 'Ask Oncologist  - Main Project', 0.00, '2024-06-17', NULL, 0.00, 0.00, 'active', NULL, '2025-11-05 23:23:20', '2025-11-05 23:23:20'),
(5, 39, 'Renew Skin Clinic  - Main Project', 0.00, '2024-10-23', NULL, 0.00, 0.00, 'active', NULL, '2025-11-05 23:23:20', '2025-11-05 23:23:20');

-- --------------------------------------------------------

--
-- Table structure for table `client_project_summary`
--

CREATE TABLE `client_project_summary` (
  `id` int(11) UNSIGNED NOT NULL,
  `project_id` int(11) UNSIGNED DEFAULT NULL,
  `client_id` int(11) UNSIGNED NOT NULL,
  `project_start_date` date DEFAULT NULL,
  `project_end_date` date DEFAULT NULL,
  `total_project_value` decimal(10,2) NOT NULL DEFAULT 0.00,
  `total_paid` decimal(10,2) NOT NULL DEFAULT 0.00,
  `total_due` decimal(10,2) NOT NULL DEFAULT 0.00,
  `created_at` datetime DEFAULT current_timestamp(),
  `updated_at` datetime DEFAULT current_timestamp() ON UPDATE current_timestamp()
) ENGINE=InnoDB DEFAULT CHARSET=utf8mb4 COLLATE=utf8mb4_general_ci;

--
-- Dumping data for table `client_project_summary`
--

INSERT INTO `client_project_summary` (`id`, `project_id`, `client_id`, `project_start_date`, `project_end_date`, `total_project_value`, `total_paid`, `total_due`, `created_at`, `updated_at`) VALUES
(8, 1, 29, NULL, NULL, 40000.00, 30000.00, 10000.00, '2025-11-01 17:28:32', '2025-11-05 23:23:20'),
(10, 2, 37, NULL, NULL, 0.00, 0.00, 0.00, '2025-11-03 12:35:59', '2025-11-05 23:23:20'),
(11, 3, 31, NULL, NULL, 0.00, 0.00, 0.00, '2025-11-04 09:37:17', '2025-11-05 23:23:20'),
(12, 4, 38, NULL, NULL, 0.00, 0.00, 0.00, '2025-11-04 16:13:37', '2025-11-05 23:23:20'),
(13, 5, 39, NULL, NULL, 0.00, 0.00, 0.00, '2025-11-04 16:19:15', '2025-11-05 23:23:20');

-- --------------------------------------------------------

--
-- Table structure for table `client_reports`
--

CREATE TABLE `client_reports` (
  `id` int(11) UNSIGNED NOT NULL,
  `client_id` int(11) UNSIGNED NOT NULL,
  `title` varchar(255) NOT NULL,
  `report_date` date NOT NULL,
  `file_uploads` longtext DEFAULT NULL COMMENT 'JSON array of uploaded files',
  `remarks` text DEFAULT NULL,
  `uploaded_by` bigint(20) UNSIGNED DEFAULT NULL COMMENT 'User ID who uploaded',
  `created_at` datetime DEFAULT current_timestamp(),
  `updated_at` datetime DEFAULT current_timestamp() ON UPDATE current_timestamp()
) ENGINE=InnoDB DEFAULT CHARSET=utf8mb4 COLLATE=utf8mb4_general_ci;

-- --------------------------------------------------------

--
-- Table structure for table `client_weekly_schedules`
--

CREATE TABLE `client_weekly_schedules` (
  `id` int(11) UNSIGNED NOT NULL,
  `client_id` int(11) UNSIGNED NOT NULL,
  `week_start_date` date NOT NULL COMMENT 'Monday of the week',
  `week_end_date` date NOT NULL COMMENT 'Sunday of the week',
  `department_columns` text DEFAULT NULL COMMENT 'JSON array of department names',
  `schedule_data` longtext DEFAULT NULL COMMENT 'JSON: {day: {dept: task}}',
  `status` enum('draft','published','archived') NOT NULL DEFAULT 'draft',
  `remarks` text DEFAULT NULL,
  `created_by` bigint(20) UNSIGNED DEFAULT NULL,
  `created_at` datetime DEFAULT current_timestamp(),
  `updated_at` datetime DEFAULT current_timestamp() ON UPDATE current_timestamp()
) ENGINE=InnoDB DEFAULT CHARSET=utf8mb4 COLLATE=utf8mb4_general_ci;

-- --------------------------------------------------------

--
-- Table structure for table `departments`
--

CREATE TABLE `departments` (
  `id` int(11) UNSIGNED NOT NULL,
  `name` varchar(255) NOT NULL,
  `description` text DEFAULT NULL,
  `created_at` datetime DEFAULT NULL,
  `updated_at` datetime DEFAULT NULL
) ENGINE=InnoDB DEFAULT CHARSET=utf8mb4 COLLATE=utf8mb4_general_ci;

--
-- Dumping data for table `departments`
--

INSERT INTO `departments` (`id`, `name`, `description`, `created_at`, `updated_at`) VALUES
(3, 'Social Media', 'Posting in social media', '2025-10-22 16:14:12', '2025-10-22 17:41:42'),
(4, 'Website Development', 'websites', '2025-10-22 16:17:35', '2025-10-22 17:41:59'),
(5, 'SEO', 'Search Engin ', '2025-10-22 16:17:43', '2025-10-22 17:42:14'),
(6, 'Telecaller', ' Maintains the tele communication', '2025-10-22 16:19:24', '2025-10-25 17:22:12'),
(7, 'Marketing ', ' Marketing persons', '2025-10-22 16:26:44', '2025-10-25 17:22:29'),
(14, 'Designing', 'Video or Graphic Desiner\r\n', '2025-10-25 17:06:08', '2025-10-25 17:06:08'),
(17, 'website resting', '', '2025-11-01 16:17:11', '2025-11-01 16:17:11'),
(18, 'Admin', '', '2025-11-04 17:04:47', '2025-11-04 17:04:47');

-- --------------------------------------------------------

--
-- Table structure for table `employees`
--

CREATE TABLE `employees` (
  `id` int(11) UNSIGNED NOT NULL,
  `employee_code` varchar(50) DEFAULT NULL,
  `user_id` bigint(20) UNSIGNED NOT NULL,
  `department_id` int(11) UNSIGNED NOT NULL,
  `role_id` int(11) UNSIGNED NOT NULL,
  `first_name` varchar(100) NOT NULL,
  `last_name` varchar(100) NOT NULL,
  `email` varchar(255) NOT NULL,
  `phone` varchar(20) DEFAULT NULL,
  `parent_name` varchar(100) DEFAULT NULL,
  `parent_phone` varchar(20) DEFAULT NULL,
  `date_of_joining` date DEFAULT NULL,
  `status` enum('active','inactive') NOT NULL DEFAULT 'active',
  `file_uploads` longtext CHARACTER SET utf8mb4 COLLATE utf8mb4_bin DEFAULT NULL COMMENT 'Stores array of uploaded file names' CHECK (json_valid(`file_uploads`)),
  `remarks` text DEFAULT NULL,
  `created_at` datetime DEFAULT NULL,
  `updated_at` datetime DEFAULT NULL
) ENGINE=InnoDB DEFAULT CHARSET=utf8mb4 COLLATE=utf8mb4_general_ci;

--
-- Dumping data for table `employees`
--

INSERT INTO `employees` (`id`, `employee_code`, `user_id`, `department_id`, `role_id`, `first_name`, `last_name`, `email`, `phone`, `parent_name`, `parent_phone`, `date_of_joining`, `status`, `file_uploads`, `remarks`, `created_at`, `updated_at`) VALUES
(29, NULL, 72, 3, 2, 'Reddy', 'Gowri Devi', 'gowridevireddy001@gmail.com', '7416735875', 'Reddy kasi visalakshi garu', '9398893504', '2024-07-05', 'active', '[\"1762143206_1762143206_e000595950907bbf8332.png\"]', NULL, '2025-11-01 17:28:16', '2025-11-03 09:43:26'),
(30, NULL, 75, 4, 2, 'Malladi', 'Mohan Mani Kumar', 'manimalladi05@gmail.com', '6281802727', 'Malladi Rambabu', '9948178533', '2024-11-06', 'active', '[\"1762143427_e12eb478439f59df7561.png\"]', NULL, '2025-11-03 09:47:07', '2025-11-03 09:47:30'),
(31, NULL, 76, 5, 2, 'Venkata Reddy', 'padala', 'venkatareddy2998@gmail.com', '9133689619', 'Padala Subbareddy', '9014858457', '2024-03-01', 'active', '[\"1762143696_6434a5048eed9385aa52.png\"]', NULL, '2025-11-03 09:51:36', '2025-11-03 09:51:36'),
(32, NULL, 77, 6, 2, 'Dandu', 'Vijaya lakshmi', 'srivijaya212@gmail.com', '9391728642', 'Dandu Venkatesh', '7386119438', '2025-10-14', 'active', '[\"1762143867_72b3346bdb1957de5500.png\"]', NULL, '2025-11-03 09:54:27', '2025-11-03 09:54:27'),
(33, NULL, 98, 14, 2, 'SriVinaya', 'Nandipati', 'Srivinayanandipati25@gmail.com', '95159 53841', 'Nandipati Surya rao', '9515971611', '2025-10-25', 'active', '[\"1762258137_4e879ca91c5001ec8ad3.jpg\"]', NULL, '2025-11-04 17:38:57', '2025-11-04 17:38:57'),
(34, NULL, 99, 4, 2, 'Ramesh', 'Pilli', 'rameshpilli1428@gmail.com', '8886999109', 'manikanta', '7702724451', '2023-11-24', 'active', '[]', NULL, '2025-11-05 23:30:43', '2025-11-05 23:30:43');

-- --------------------------------------------------------

--
-- Stand-in structure for view `employee_current_salary`
-- (See below for the actual view)
--
CREATE TABLE `employee_current_salary` (
`employee_id` int(11) unsigned
,`employee_code` varchar(50)
,`first_name` varchar(100)
,`last_name` varchar(100)
,`email` varchar(255)
,`current_salary` decimal(10,2)
,`salary_effective_date` date
,`salary_history_id` int(11) unsigned
);

-- --------------------------------------------------------

--
-- Table structure for table `employee_payslips`
--

CREATE TABLE `employee_payslips` (
  `id` int(11) UNSIGNED NOT NULL,
  `employee_id` int(11) UNSIGNED NOT NULL,
  `month` varchar(7) NOT NULL COMMENT 'Format: YYYY-MM',
  `payslip_file` varchar(255) NOT NULL COMMENT 'File name',
  `remarks` text DEFAULT NULL,
  `uploaded_by` bigint(20) UNSIGNED DEFAULT NULL,
  `created_at` datetime DEFAULT current_timestamp(),
  `updated_at` datetime DEFAULT current_timestamp() ON UPDATE current_timestamp()
) ENGINE=InnoDB DEFAULT CHARSET=utf8mb4 COLLATE=utf8mb4_general_ci;

-- --------------------------------------------------------

--
-- Table structure for table `employee_salary_history`
--

CREATE TABLE `employee_salary_history` (
  `id` int(11) UNSIGNED NOT NULL,
  `employee_id` int(11) UNSIGNED NOT NULL,
  `salary_amount` decimal(10,2) NOT NULL,
  `effective_date` date NOT NULL COMMENT 'Date when this salary became effective',
  `increment_type` enum('initial','increment','promotion','annual_review','adjustment') NOT NULL DEFAULT 'increment',
  `increment_percentage` decimal(5,2) DEFAULT NULL COMMENT 'Percentage increase from previous salary',
  `previous_salary` decimal(10,2) DEFAULT NULL COMMENT 'Salary before this change',
  `reason` text DEFAULT NULL COMMENT 'Reason for salary change/increment',
  `approved_by` int(11) UNSIGNED DEFAULT NULL COMMENT 'User ID of admin who approved',
  `remarks` text DEFAULT NULL,
  `created_at` datetime DEFAULT current_timestamp(),
  `updated_at` datetime DEFAULT current_timestamp() ON UPDATE current_timestamp()
) ENGINE=InnoDB DEFAULT CHARSET=utf8mb4 COLLATE=utf8mb4_general_ci;

--
-- Dumping data for table `employee_salary_history`
--

INSERT INTO `employee_salary_history` (`id`, `employee_id`, `salary_amount`, `effective_date`, `increment_type`, `increment_percentage`, `previous_salary`, `reason`, `approved_by`, `remarks`, `created_at`, `updated_at`) VALUES
(14, 29, 12000.00, '2024-07-05', 'initial', NULL, NULL, 'Initial joining salary', NULL, NULL, '2025-11-01 17:28:16', '2025-11-01 17:28:16'),
(15, 30, 8000.00, '2024-11-06', 'initial', NULL, NULL, 'Initial joining salary', NULL, NULL, '2025-11-03 09:47:07', '2025-11-03 09:47:07'),
(16, 31, 12000.00, '2024-03-01', 'initial', NULL, NULL, 'Initial joining salary', NULL, NULL, '2025-11-03 09:51:36', '2025-11-03 09:51:36'),
(17, 32, 8000.00, '2025-10-14', 'initial', NULL, NULL, 'Initial joining salary', NULL, NULL, '2025-11-03 09:54:27', '2025-11-03 09:54:27'),
(18, 33, 13000.00, '2025-10-25', 'initial', NULL, NULL, 'Initial joining salary', NULL, NULL, '2025-11-04 17:38:57', '2025-11-04 17:38:57'),
(19, 34, 15000.00, '2023-11-24', 'initial', NULL, NULL, 'Initial joining salary', NULL, NULL, '2025-11-05 23:30:43', '2025-11-05 23:30:43');

-- --------------------------------------------------------

--
-- Table structure for table `employee_tasks`
--

CREATE TABLE `employee_tasks` (
  `id` int(11) UNSIGNED NOT NULL,
  `employee_id` int(11) UNSIGNED NOT NULL,
  `assigned_by` bigint(20) UNSIGNED DEFAULT NULL COMMENT 'User ID who assigned the task',
  `client_id` int(11) UNSIGNED DEFAULT NULL,
  `title` varchar(255) NOT NULL,
  `description` text NOT NULL,
  `admin_remarks` text DEFAULT NULL COMMENT 'Admin notes/instructions',
  `admin_files` text DEFAULT NULL COMMENT 'Admin uploaded reference files',
  `due_date` date DEFAULT NULL COMMENT 'Task deadline',
  `status` enum('Pending','In Progress','Completed','Review') NOT NULL DEFAULT 'Pending',
  `priority` enum('Low','Medium','High','Urgent') DEFAULT 'Medium',
  `submitted_at` datetime NOT NULL,
  `employee_files` text DEFAULT NULL COMMENT 'Employee uploaded work files',
  `employee_remarks` text DEFAULT NULL COMMENT 'Employee notes/updates',
  `created_at` datetime DEFAULT current_timestamp(),
  `updated_at` datetime DEFAULT current_timestamp() ON UPDATE current_timestamp()
) ENGINE=InnoDB DEFAULT CHARSET=utf8mb3 COLLATE=utf8mb3_general_ci;

-- --------------------------------------------------------

--
-- Table structure for table `holidays`
--

CREATE TABLE `holidays` (
  `id` int(11) UNSIGNED NOT NULL,
  `holiday_name` varchar(255) NOT NULL,
  `holiday_date` date NOT NULL,
  `description` text DEFAULT NULL,
  `is_recurring` tinyint(1) DEFAULT 0 COMMENT '1 for yearly recurring',
  `created_by` bigint(20) UNSIGNED NOT NULL,
  `created_at` datetime DEFAULT current_timestamp(),
  `updated_at` datetime DEFAULT current_timestamp() ON UPDATE current_timestamp()
) ENGINE=InnoDB DEFAULT CHARSET=utf8mb4 COLLATE=utf8mb4_general_ci;

-- --------------------------------------------------------

--
-- Table structure for table `leave_requests`
--

CREATE TABLE `leave_requests` (
  `id` int(11) UNSIGNED NOT NULL,
  `employee_id` bigint(20) UNSIGNED NOT NULL,
  `leave_type` enum('sick','casual','earned','unpaid','emergency') NOT NULL,
  `start_date` date NOT NULL,
  `end_date` date NOT NULL,
  `total_days` int(11) NOT NULL,
  `reason` text NOT NULL,
  `status` enum('pending','approved','rejected') DEFAULT 'pending',
  `admin_remarks` text DEFAULT NULL,
  `approved_by` bigint(20) UNSIGNED DEFAULT NULL,
  `approved_at` datetime DEFAULT NULL,
  `created_at` datetime DEFAULT current_timestamp(),
  `updated_at` datetime DEFAULT current_timestamp() ON UPDATE current_timestamp()
) ENGINE=InnoDB DEFAULT CHARSET=utf8mb4 COLLATE=utf8mb4_general_ci;

-- --------------------------------------------------------

--
-- Table structure for table `maintenance`
--

CREATE TABLE `maintenance` (
  `id` int(10) UNSIGNED NOT NULL,
  `client_id` int(10) UNSIGNED NOT NULL,
  `title` varchar(255) NOT NULL,
  `description` text DEFAULT NULL,
  `file_uploads` text DEFAULT NULL,
  `remarks` text DEFAULT NULL,
  `created_at` datetime DEFAULT current_timestamp(),
  `updated_at` datetime DEFAULT current_timestamp() ON UPDATE current_timestamp()
) ENGINE=InnoDB DEFAULT CHARSET=utf8mb4 COLLATE=utf8mb4_general_ci;

--
-- Dumping data for table `maintenance`
--

INSERT INTO `maintenance` (`id`, `client_id`, `title`, `description`, `file_uploads`, `remarks`, `created_at`, `updated_at`) VALUES
(7, 29, 'Agreement', 'this is our one year agreement', '[\"1762253597_c98f6d172ea82ca48d3d.pdf\",\"1762253597_44f277ec12182fb6a85e.pdf\"]', 'our agreement should be renew after one year', '2025-11-04 16:23:17', '2025-11-04 16:23:17');

-- --------------------------------------------------------

--
-- Table structure for table `migrations`
--

CREATE TABLE `migrations` (
  `id` bigint(20) UNSIGNED NOT NULL,
  `version` varchar(255) NOT NULL,
  `class` varchar(255) NOT NULL,
  `group` varchar(255) NOT NULL,
  `namespace` varchar(255) NOT NULL,
  `time` int(11) NOT NULL,
  `batch` int(11) UNSIGNED NOT NULL
) ENGINE=InnoDB DEFAULT CHARSET=utf8mb4 COLLATE=utf8mb4_general_ci;

-- --------------------------------------------------------

--
-- Table structure for table `notifications`
--

CREATE TABLE `notifications` (
  `id` int(11) UNSIGNED NOT NULL,
  `user_id` bigint(20) UNSIGNED NOT NULL COMMENT 'User who receives the notification',
  `type` enum('leave_request','leave_approved','leave_rejected','holiday_added') NOT NULL,
  `related_id` int(11) UNSIGNED DEFAULT NULL,
  `related_type` varchar(50) DEFAULT NULL,
  `title` varchar(255) NOT NULL,
  `message` text NOT NULL,
  `link` varchar(255) DEFAULT NULL COMMENT 'Link to related item',
  `is_read` tinyint(1) DEFAULT 0,
  `created_at` datetime DEFAULT current_timestamp(),
  `updated_at` datetime DEFAULT current_timestamp() ON UPDATE current_timestamp()
) ENGINE=InnoDB DEFAULT CHARSET=utf8mb4 COLLATE=utf8mb4_general_ci;

-- --------------------------------------------------------

--
-- Table structure for table `password_resets`
--

CREATE TABLE `password_resets` (
  `id` int(11) UNSIGNED NOT NULL,
  `email` varchar(255) NOT NULL,
  `token` varchar(255) NOT NULL,
  `created_at` datetime NOT NULL DEFAULT current_timestamp(),
  `expires_at` datetime NOT NULL
) ENGINE=InnoDB DEFAULT CHARSET=utf8mb4 COLLATE=utf8mb4_unicode_ci;

-- --------------------------------------------------------

--
-- Table structure for table `roles`
--

CREATE TABLE `roles` (
  `id` int(11) UNSIGNED NOT NULL,
  `name` varchar(50) NOT NULL,
  `description` varchar(255) DEFAULT NULL,
  `created_at` datetime NOT NULL,
  `updated_at` datetime NOT NULL,
  `deleted_at` datetime DEFAULT NULL
) ENGINE=InnoDB DEFAULT CHARSET=utf8mb3 COLLATE=utf8mb3_general_ci;

--
-- Dumping data for table `roles`
--

INSERT INTO `roles` (`id`, `name`, `description`, `created_at`, `updated_at`, `deleted_at`) VALUES
(1, 'Admin', 'Has full system access and client management rights.', '2025-10-23 16:24:02', '2025-10-23 16:24:02', NULL),
(2, 'Employee', 'Can only manage and submit their assigned work/tasks.', '2025-10-23 16:24:02', '2025-10-23 16:24:02', NULL),
(3, 'Clients', 'This is the clients role', '2025-10-23 17:58:06', '2025-10-23 17:58:15', NULL),
(4, 'Client Manager', 'Manages clients and related work', '2025-10-25 14:33:19', '2025-10-25 14:33:19', NULL),
(5, 'Admin Manager', 'Manages employees and administrative tasks', '2025-10-25 14:33:19', '2025-10-25 14:33:19', NULL);

-- --------------------------------------------------------

--
-- Table structure for table `social_media_calendars`
--

CREATE TABLE `social_media_calendars` (
  `id` int(11) UNSIGNED NOT NULL,
  `client_id` int(11) UNSIGNED NOT NULL,
  `calendar_month` tinyint(2) NOT NULL COMMENT '1-12 for months',
  `calendar_year` year(4) NOT NULL,
  `file_name` varchar(255) NOT NULL,
  `original_name` varchar(255) NOT NULL,
  `file_size` int(11) NOT NULL COMMENT 'Size in bytes',
  `file_type` varchar(100) NOT NULL,
  `file_extension` varchar(10) NOT NULL,
  `remarks` text DEFAULT NULL,
  `uploaded_by` bigint(20) UNSIGNED NOT NULL,
  `uploaded_at` datetime DEFAULT current_timestamp(),
  `updated_at` datetime DEFAULT current_timestamp() ON UPDATE current_timestamp()
) ENGINE=InnoDB DEFAULT CHARSET=utf8mb4 COLLATE=utf8mb4_general_ci;

-- --------------------------------------------------------

--
-- Table structure for table `users`
--

CREATE TABLE `users` (
  `id` bigint(20) UNSIGNED NOT NULL,
  `role_id` int(11) UNSIGNED NOT NULL,
  `first_name` varchar(100) NOT NULL,
  `last_name` varchar(100) NOT NULL,
  `email` varchar(255) NOT NULL,
  `username` varchar(100) NOT NULL,
  `password` varchar(255) NOT NULL,
  `phone` varchar(20) DEFAULT NULL,
  `department_id` int(11) UNSIGNED DEFAULT NULL,
  `company_name` varchar(255) DEFAULT NULL,
  `client_id` bigint(20) UNSIGNED DEFAULT NULL,
  `employee_id` bigint(20) UNSIGNED DEFAULT NULL,
  `created_at` datetime DEFAULT NULL,
  `updated_at` datetime DEFAULT NULL
) ENGINE=InnoDB DEFAULT CHARSET=utf8mb4 COLLATE=utf8mb4_unicode_ci;

--
-- Dumping data for table `users`
--

INSERT INTO `users` (`id`, `role_id`, `first_name`, `last_name`, `email`, `username`, `password`, `phone`, `department_id`, `company_name`, `client_id`, `employee_id`, `created_at`, `updated_at`) VALUES
(1, 1, 'Bhavi Creations', 'Pvt Ltd', 'bhavicreations2022@gmail.com', 'bhavi@gmail.com', '$2y$10$djicCU003aEGd0bRPVKEgOJBmDDpV5MpdYAsWE24lMTix0ZR2iSou', '7897897897', NULL, NULL, NULL, NULL, '2025-10-24 10:51:10', '2025-10-27 14:27:40'),
(46, 5, 'Bhavi', 'Manager', 'bhavidesigning@gmail.com', 'bhavimanager@gmail.com', '$2y$10$djicCU003aEGd0bRPVKEgOJBmDDpV5MpdYAsWE24lMTix0ZR2iSou', '7894561230', NULL, NULL, NULL, NULL, '2025-10-27 11:11:52', '2025-10-27 11:11:52'),
(70, 3, 'Dr.Kiran', 'Raju', 'srinivasadentalkakinada@gmail.com', 'srinivasadentalkakinada@gmail.com', '$2y$10$uqKhoHFwqpL4wO7VjTWjK.I1bIHWo.Jqj1Rl/SkhY2oNQW6vy3ehS', '9569568567', NULL, 'Srinivasa Multi Speciality Dental Hospital', 29, NULL, '2025-11-01 17:24:42', '2025-11-03 10:24:47'),
(71, 4, 'Praveen', '', 'manager.srinivasadentalkakinada@gmail.com', 'manager_srinivasadentalkakinada@gmail.com', '$2y$10$.3NW6fSCrW5ulaeu4X/fuuqibkze73qj9mNYinmA2PVggCiAZCbmO', '9989588666', NULL, 'Srinivasa Multi Speciality Dental Hospital', 29, NULL, '2025-11-01 17:24:42', '2025-11-01 17:24:42'),
(72, 2, 'Reddy', 'Gowri Devi', 'gowridevireddy001@gmail.com', 'gowridevireddy001@gmail.com', '$2y$10$kAknifIlOMfNVo92YAmFI.vEqonzYw3XcWFU6hcyndgpS7kkjg9u2', '7416735875', 3, NULL, NULL, 29, '2025-11-01 17:28:16', '2025-11-03 09:43:26'),
(75, 2, 'Malladi', 'Mohan Mani Kumar', 'manimalladi05@gmail.com', 'manimalladi05@gmail.com', '$2y$10$HZffeUUm681pszhVX4b8OuJthhQf7rqT18E5Aqu/V6qRCxwH.Yzvm', '6281802727', 4, NULL, NULL, 30, '2025-11-03 09:47:07', '2025-11-03 09:47:30'),
(76, 2, 'Venkata Reddy', 'padala', 'venkatareddy2998@gmail.com', 'venkatareddy2998@gmail.com', '$2y$10$JYxtykeO8FFd7edVhRs9xuz9B7HAAhNg5cVu.0n7WHE6GkhIS6CMu', '9133689619', 5, NULL, NULL, 31, '2025-11-03 09:51:36', '2025-11-03 09:51:36'),
(77, 2, 'Dandu', 'Vijaya lakshmi', 'srivijaya212@gmail.com', 'srivijaya212@gmail.com', '$2y$10$z.fR34GPJGIhgKPeO68dSuB7ABF8S9B9IpIkSWPjtU9n8YjRoPNde', '9391728642', 6, NULL, NULL, 32, '2025-11-03 09:54:27', '2025-11-03 09:54:27'),
(78, 3, 'Dr. B. Suresh', 'Kumar ', 'drsureshkumar1.com@gmail.com', 'drsureshkumar1.com@gmail.com', '$2y$10$/ocHK9M4Ov/5AepEA7g5keMxKLZnvml3ow/KMIMC0tQ7CnwPUjyrC', '9849225770', NULL, 'Krishna Denta Cure', 31, NULL, '2025-11-03 10:09:44', '2025-11-03 10:16:49'),
(79, 4, 'Jyothsna', '', 'manager.drsureshkumar1.com@gmail.com', 'manager_drsureshkumar1.com@gmail.com', '$2y$10$c7JHCNRXA6HS8.PYZZYkL.Ex8yWsyrXOZLO/8j5AR5UL.KNNVAcm.', '9160012399', NULL, 'Krishna Denta Cure', 31, NULL, '2025-11-03 10:09:44', '2025-11-03 10:09:44'),
(80, 3, 'Dr. Abhilash ', 'Naik ', 'visiondentalguntur@gmail.com', 'visiondentalguntur@gmail.com', '$2y$10$MPG1G90eCilRQsPt1SpKaulzcOHeYGHwgasqTfDl4EQfRF88ESWxG', '9553335568', NULL, 'Vision Multispeciality Dental Hospital', 32, NULL, '2025-11-03 10:16:19', '2025-11-03 10:16:19'),
(81, 4, 'Dr.', 'Lathasree', 'manager.visiondentalguntur@gmail.com', 'manager_visiondentalguntur@gmail.com', '$2y$10$.68WuSzftuQQk.wWOTudVeKOT082pm0hSq/PIbZQQBMYqIgnGEWIS', '9492444046', NULL, 'Vision Multispeciality Dental Hospital', 32, NULL, '2025-11-03 10:16:19', '2025-11-03 10:16:19'),
(82, 3, 'Dr. Kalyan ', 'Chakravarty', 'appledentalclinic2025@gmail.com', 'appledentalclinic2025@gmail.com', '$2y$10$ayPqnwroa5ND9ADEKReyYOJqP6uPXxQgkXtQ0SqhTYiOZJWfsCFhu', '9985200620', NULL, 'Apple Dental Specialities ', 33, NULL, '2025-11-03 10:24:12', '2025-11-03 10:24:12'),
(83, 4, 'Dr.', 'T. Madhuri', 'manager.appledentalclinic2025@gmail.com', 'manager_appledentalclinic2025@gmail.com', '$2y$10$MYEwWLMiDAKqe28otoDK9Oz/AsK3cQUgJB1M/bj2ykTGyqymCSdpC', '9494193344', NULL, 'Apple Dental Specialities ', 33, NULL, '2025-11-03 10:24:12', '2025-11-03 10:24:12'),
(84, 3, 'Dr. Chiranjeevi ', 'Reddy ', 'ivorydental02@gmail.com', 'ivorydental02@gmail.com', '$2y$10$yjcPDwfbiJ/.HFVNiPpcIOXpbqH7J93vBEc2XEOfNxyiaauWq6TA6', '9916995323', NULL, 'IVY Dental ', 34, NULL, '2025-11-03 10:35:50', '2025-11-03 10:35:51'),
(85, 4, 'Dr.', 'Divya Reddy', 'manager.ivorydental02@gmail.com', 'manager_ivorydental02@gmail.com', '$2y$10$TBKneY1AQEz2cwi.Z4y9XufVIGH34nVGwKNAJo/h7gB2WmLdPJHYC', '9886651419', NULL, 'IVY Dental ', 34, NULL, '2025-11-03 10:35:51', '2025-11-03 10:35:51'),
(86, 3, 'Dr. P. Indeevar ', 'Reddy', 'revanshdentalphysiotherapy@gmail.com', 'revanshdentalphysiotherapy@gmail.com', '$2y$10$ni9pgf4FMPyIMM3TwEWKz.pWRr0/R9vm9e.yCtSyFdH9m5E87uIBa', '9493346026', NULL, 'Revansh Dental & Physiotherapy', 35, NULL, '2025-11-03 11:19:40', '2025-11-03 11:19:40'),
(87, 4, 'Dr.', 'k. Hanisha Reddy', 'manager.revanshdentalphysiotherapy@gmail.com', 'manager_revanshdentalphysiotherapy@gmail.com', '$2y$10$1T.CCaOwZyQ4Knv2YgKdOe1sWS/tHHmEqbcKqXOu2eG1f.eteM482', '9493346026', NULL, 'Revansh Dental & Physiotherapy', 35, NULL, '2025-11-03 11:19:40', '2025-11-03 11:19:40'),
(88, 3, 'Dr. Subhash ', 'Pentapati', 'drsubhashplasticsurgeon@gmail.com', 'drsubhashplasticsurgeon@gmail.com', '$2y$10$kejdUdZazuMSZnroNrxwHOoX8p8wqAuEPPGs9obX6josVE/qpymXO', '9989802260', NULL, 'Dr. Subhash Center for Plastic Surgery', 36, NULL, '2025-11-03 11:27:51', '2025-11-03 11:27:51'),
(89, 4, 'Ramu', 'Yalla', 'manager.drsubhashplasticsurgeon@gmail.com', 'manager_drsubhashplasticsurgeon@gmail.com', '$2y$10$NIUfMiTaioF/fXyjCvO6z.I8IWZC.gqf/MUrAJ1zsMwJ67Z.GFimO', '9779489999', NULL, 'Dr. Subhash Center for Plastic Surgery', 36, NULL, '2025-11-03 11:27:51', '2025-11-03 11:27:51'),
(90, 3, 'Satish', 'Jyothula', 'neurostar36@gmail.com', 'neurostar36@gmail.com', '$2y$10$3L5mu/DrE49/JochU58GTuiSJg59xdeHCk9z7JhW/8k1nrIb0iK1q', '9885943399', NULL, 'Neurostar Multi Speciality Hospital', 37, NULL, '2025-11-03 11:34:11', '2025-11-03 11:34:11'),
(91, 4, 'Nagendra', '', 'manager.neurostar36@gmail.com', 'manager_neurostar36@gmail.com', '$2y$10$TRVBTbNPIhMhHdZvBxnh1uzSYgYL9s2z8a7sSmbvkwxmy6cTHCNZ.', '8125778910', NULL, 'Neurostar Multi Speciality Hospital', 37, NULL, '2025-11-03 11:34:11', '2025-11-03 11:34:11'),
(92, 3, 'Dr. K Pradeep', 'Bhaskar', 'oncologyask@gmail.com', 'oncologyask@gmail.com', '$2y$10$igf6NWWBQLaMJAS4yQdjHOQTCdyXf1vXiOXatHOZ2CJYpd5xq95Jy', '8406907980', NULL, 'Ask Oncologist ', 38, NULL, '2025-11-03 11:37:44', '2025-11-03 11:37:44'),
(93, 4, 'Dr.', 'K Pradeep Bhaskar', 'manager.oncologyask@gmail.com', 'manager_oncologyask@gmail.com', '$2y$10$oGZ2v3BlU1ME0m4Xr8pft.mGXXvoqpALK5r7ihZI30BCtxcvq2B2a', '8406907980', NULL, 'Ask Oncologist ', 38, NULL, '2025-11-03 11:37:44', '2025-11-03 11:37:44'),
(94, 3, 'Dr. Navya', 'Prasanthi', 'renewneurostar@gmail.com', 'renewneurostar@gmail.com', '$2y$10$pX5iqOlmGQB/zwKQsXU3G.5QmV7fJcXrKDEr84h/lu8AIvf1N7cdi', '6302306857', NULL, 'Renew Skin Clinic ', 39, NULL, '2025-11-03 11:51:43', '2025-11-03 12:00:00'),
(95, 4, 'Dr.', 'Pavani Jyothula', 'manager.renewneurostar@gmail.com', 'manager_renewneurostar@gmail.com', '$2y$10$1MsgAhyJ8jlVhWGycS037edqtAX8oiD1fEq.G/CkAXlrvNvNkjTDu', '9032591108', NULL, 'Renew Skin Clinic ', 39, NULL, '2025-11-03 11:51:43', '2025-11-03 11:51:43'),
(96, 3, 'Dr. Rao Sowmya  ', 'Manasa ', 'srihariskinclinic@gmail.com', 'srihariskinclinic@gmail.com', '$2y$10$BsZsV5T2EWZcTQqn6ezLxeN9S20DWP9cdqPIZ2730.X/wF37O9vgO', '9177414895', NULL, 'Sri Hari Skin & Kidney Clinic', 40, NULL, '2025-11-03 11:59:05', '2025-11-03 11:59:05'),
(97, 4, 'Dr.', 'Chelikani Yaswanth', 'manager.srihariskinclinic@gmail.com', 'manager_srihariskinclinic@gmail.com', '$2y$10$XL3h9sh/pstSGzN5.afIhe3sahIa0pDJ.xPC2phdsrXTZ8uhB.7U6', '9177414895', NULL, 'Sri Hari Skin & Kidney Clinic', 40, NULL, '2025-11-03 11:59:05', '2025-11-03 11:59:05'),
(98, 2, 'SriVinaya', 'Nandipati', 'Srivinayanandipati25@gmail.com', 'Srivinayanandipati25@gmail.com', '$2y$10$Hu2gNfF1pUVmT6NzTeVAmu6R.3POrz7WpU4n/OGRqkAX7vnV71J0y', '95159 53841', 14, NULL, NULL, 33, '2025-11-04 17:38:57', '2025-11-04 17:38:57'),
(99, 2, 'Ramesh', 'Pilli', 'rameshpilli1428@gmail.com', 'rameshpilli@gmail.com', '$2y$10$dogJdXC6K4ICcGV5StWwtu7cVKkygtIPj0Sz3Vq82vcjyySaf8i5y', '8886999109', 4, NULL, NULL, 34, '2025-11-05 23:30:43', '2025-11-06 15:14:16');

--
-- Indexes for dumped tables
--

--
-- Indexes for table `ci_sessions`
--
ALTER TABLE `ci_sessions`
  ADD KEY `ci_sessions_timestamp` (`timestamp`);

--
-- Indexes for table `clients`
--
ALTER TABLE `clients`
  ADD PRIMARY KEY (`id`),
  ADD KEY `fk_client_user` (`user_id`),
  ADD KEY `idx_client_manager` (`client_manager_id`);

--
-- Indexes for table `client_assets`
--
ALTER TABLE `client_assets`
  ADD PRIMARY KEY (`id`),
  ADD KEY `client_id` (`client_id`),
  ADD KEY `uploaded_by` (`uploaded_by`);

--
-- Indexes for table `client_files`
--
ALTER TABLE `client_files`
  ADD PRIMARY KEY (`id`),
  ADD KEY `client_id` (`client_id`);

--
-- Indexes for table `client_payments`
--
ALTER TABLE `client_payments`
  ADD PRIMARY KEY (`id`),
  ADD KEY `client_id` (`client_id`),
  ADD KEY `project_id` (`project_id`);

--
-- Indexes for table `client_payment_schedule`
--
ALTER TABLE `client_payment_schedule`
  ADD PRIMARY KEY (`id`),
  ADD KEY `client_id` (`client_id`),
  ADD KEY `payment_id` (`payment_id`),
  ADD KEY `project_id` (`project_id`);

--
-- Indexes for table `client_projects`
--
ALTER TABLE `client_projects`
  ADD PRIMARY KEY (`id`),
  ADD KEY `client_id` (`client_id`);

--
-- Indexes for table `client_project_summary`
--
ALTER TABLE `client_project_summary`
  ADD PRIMARY KEY (`id`),
  ADD KEY `client_id` (`client_id`),
  ADD KEY `project_id` (`project_id`);

--
-- Indexes for table `client_reports`
--
ALTER TABLE `client_reports`
  ADD PRIMARY KEY (`id`),
  ADD KEY `client_id` (`client_id`),
  ADD KEY `report_date` (`report_date`),
  ADD KEY `uploaded_by` (`uploaded_by`);

--
-- Indexes for table `client_weekly_schedules`
--
ALTER TABLE `client_weekly_schedules`
  ADD PRIMARY KEY (`id`),
  ADD KEY `client_id` (`client_id`),
  ADD KEY `week_start_date` (`week_start_date`),
  ADD KEY `created_by` (`created_by`);

--
-- Indexes for table `departments`
--
ALTER TABLE `departments`
  ADD PRIMARY KEY (`id`);

--
-- Indexes for table `employees`
--
ALTER TABLE `employees`
  ADD PRIMARY KEY (`id`),
  ADD UNIQUE KEY `email` (`email`),
  ADD UNIQUE KEY `employee_code` (`employee_code`),
  ADD KEY `department_id` (`department_id`),
  ADD KEY `fk_employees_role_id` (`role_id`);

--
-- Indexes for table `employee_payslips`
--
ALTER TABLE `employee_payslips`
  ADD PRIMARY KEY (`id`),
  ADD KEY `employee_id` (`employee_id`),
  ADD KEY `month` (`month`),
  ADD KEY `uploaded_by` (`uploaded_by`);

--
-- Indexes for table `employee_salary_history`
--
ALTER TABLE `employee_salary_history`
  ADD PRIMARY KEY (`id`),
  ADD KEY `employee_id` (`employee_id`),
  ADD KEY `effective_date` (`effective_date`);

--
-- Indexes for table `employee_tasks`
--
ALTER TABLE `employee_tasks`
  ADD PRIMARY KEY (`id`),
  ADD KEY `employee_id` (`employee_id`),
  ADD KEY `employee_tasks_assigned_by_fk` (`assigned_by`);

--
-- Indexes for table `holidays`
--
ALTER TABLE `holidays`
  ADD PRIMARY KEY (`id`),
  ADD KEY `holiday_date` (`holiday_date`),
  ADD KEY `holidays_ibfk_1` (`created_by`);

--
-- Indexes for table `leave_requests`
--
ALTER TABLE `leave_requests`
  ADD PRIMARY KEY (`id`),
  ADD KEY `employee_id` (`employee_id`),
  ADD KEY `status` (`status`),
  ADD KEY `start_date` (`start_date`),
  ADD KEY `leave_requests_ibfk_2` (`approved_by`);

--
-- Indexes for table `maintenance`
--
ALTER TABLE `maintenance`
  ADD PRIMARY KEY (`id`),
  ADD KEY `client_id` (`client_id`);

--
-- Indexes for table `migrations`
--
ALTER TABLE `migrations`
  ADD PRIMARY KEY (`id`);

--
-- Indexes for table `notifications`
--
ALTER TABLE `notifications`
  ADD PRIMARY KEY (`id`),
  ADD KEY `user_id` (`user_id`),
  ADD KEY `is_read` (`is_read`),
  ADD KEY `type` (`type`);

--
-- Indexes for table `password_resets`
--
ALTER TABLE `password_resets`
  ADD PRIMARY KEY (`id`),
  ADD KEY `email` (`email`),
  ADD KEY `token` (`token`);

--
-- Indexes for table `roles`
--
ALTER TABLE `roles`
  ADD PRIMARY KEY (`id`),
  ADD UNIQUE KEY `name` (`name`);

--
-- Indexes for table `social_media_calendars`
--
ALTER TABLE `social_media_calendars`
  ADD PRIMARY KEY (`id`),
  ADD KEY `client_id` (`client_id`),
  ADD KEY `calendar_month` (`calendar_month`),
  ADD KEY `calendar_year` (`calendar_year`),
  ADD KEY `social_media_calendars_ibfk_2` (`uploaded_by`);

--
-- Indexes for table `users`
--
ALTER TABLE `users`
  ADD PRIMARY KEY (`id`),
  ADD UNIQUE KEY `email` (`email`),
  ADD UNIQUE KEY `username` (`username`),
  ADD KEY `fk_user_role` (`role_id`);

--
-- AUTO_INCREMENT for dumped tables
--

--
-- AUTO_INCREMENT for table `clients`
--
ALTER TABLE `clients`
  MODIFY `id` int(11) UNSIGNED NOT NULL AUTO_INCREMENT, AUTO_INCREMENT=41;

--
-- AUTO_INCREMENT for table `client_assets`
--
ALTER TABLE `client_assets`
  MODIFY `id` int(11) UNSIGNED NOT NULL AUTO_INCREMENT, AUTO_INCREMENT=4;

--
-- AUTO_INCREMENT for table `client_files`
--
ALTER TABLE `client_files`
  MODIFY `id` int(11) UNSIGNED NOT NULL AUTO_INCREMENT, AUTO_INCREMENT=34;

--
-- AUTO_INCREMENT for table `client_payments`
--
ALTER TABLE `client_payments`
  MODIFY `id` int(11) UNSIGNED NOT NULL AUTO_INCREMENT, AUTO_INCREMENT=7;

--
-- AUTO_INCREMENT for table `client_payment_schedule`
--
ALTER TABLE `client_payment_schedule`
  MODIFY `id` int(11) UNSIGNED NOT NULL AUTO_INCREMENT, AUTO_INCREMENT=7;

--
-- AUTO_INCREMENT for table `client_projects`
--
ALTER TABLE `client_projects`
  MODIFY `id` int(11) UNSIGNED NOT NULL AUTO_INCREMENT, AUTO_INCREMENT=8;

--
-- AUTO_INCREMENT for table `client_project_summary`
--
ALTER TABLE `client_project_summary`
  MODIFY `id` int(11) UNSIGNED NOT NULL AUTO_INCREMENT, AUTO_INCREMENT=14;

--
-- AUTO_INCREMENT for table `client_reports`
--
ALTER TABLE `client_reports`
  MODIFY `id` int(11) UNSIGNED NOT NULL AUTO_INCREMENT, AUTO_INCREMENT=4;

--
-- AUTO_INCREMENT for table `client_weekly_schedules`
--
ALTER TABLE `client_weekly_schedules`
  MODIFY `id` int(11) UNSIGNED NOT NULL AUTO_INCREMENT, AUTO_INCREMENT=4;

--
-- AUTO_INCREMENT for table `departments`
--
ALTER TABLE `departments`
  MODIFY `id` int(11) UNSIGNED NOT NULL AUTO_INCREMENT, AUTO_INCREMENT=19;

--
-- AUTO_INCREMENT for table `employees`
--
ALTER TABLE `employees`
  MODIFY `id` int(11) UNSIGNED NOT NULL AUTO_INCREMENT, AUTO_INCREMENT=35;

--
-- AUTO_INCREMENT for table `employee_payslips`
--
ALTER TABLE `employee_payslips`
  MODIFY `id` int(11) UNSIGNED NOT NULL AUTO_INCREMENT, AUTO_INCREMENT=5;

--
-- AUTO_INCREMENT for table `employee_salary_history`
--
ALTER TABLE `employee_salary_history`
  MODIFY `id` int(11) UNSIGNED NOT NULL AUTO_INCREMENT, AUTO_INCREMENT=20;

--
-- AUTO_INCREMENT for table `employee_tasks`
--
ALTER TABLE `employee_tasks`
  MODIFY `id` int(11) UNSIGNED NOT NULL AUTO_INCREMENT, AUTO_INCREMENT=14;

--
-- AUTO_INCREMENT for table `holidays`
--
ALTER TABLE `holidays`
  MODIFY `id` int(11) UNSIGNED NOT NULL AUTO_INCREMENT;

--
-- AUTO_INCREMENT for table `leave_requests`
--
ALTER TABLE `leave_requests`
  MODIFY `id` int(11) UNSIGNED NOT NULL AUTO_INCREMENT;

--
-- AUTO_INCREMENT for table `maintenance`
--
ALTER TABLE `maintenance`
  MODIFY `id` int(10) UNSIGNED NOT NULL AUTO_INCREMENT, AUTO_INCREMENT=8;

--
-- AUTO_INCREMENT for table `migrations`
--
ALTER TABLE `migrations`
  MODIFY `id` bigint(20) UNSIGNED NOT NULL AUTO_INCREMENT;

--
-- AUTO_INCREMENT for table `notifications`
--
ALTER TABLE `notifications`
  MODIFY `id` int(11) UNSIGNED NOT NULL AUTO_INCREMENT;

--
-- AUTO_INCREMENT for table `password_resets`
--
ALTER TABLE `password_resets`
  MODIFY `id` int(11) UNSIGNED NOT NULL AUTO_INCREMENT, AUTO_INCREMENT=5;

--
-- AUTO_INCREMENT for table `roles`
--
ALTER TABLE `roles`
  MODIFY `id` int(11) UNSIGNED NOT NULL AUTO_INCREMENT, AUTO_INCREMENT=7;

--
-- AUTO_INCREMENT for table `social_media_calendars`
--
ALTER TABLE `social_media_calendars`
  MODIFY `id` int(11) UNSIGNED NOT NULL AUTO_INCREMENT;

--
-- AUTO_INCREMENT for table `users`
--
ALTER TABLE `users`
  MODIFY `id` bigint(20) UNSIGNED NOT NULL AUTO_INCREMENT, AUTO_INCREMENT=100;

-- --------------------------------------------------------

--
-- Structure for view `employee_current_salary`
--
DROP TABLE IF EXISTS `employee_current_salary`;

CREATE ALGORITHM=UNDEFINED DEFINER=`bhavicreations`@`localhost` SQL SECURITY DEFINER VIEW `employee_current_salary`  AS SELECT `e`.`id` AS `employee_id`, `e`.`employee_code` AS `employee_code`, `e`.`first_name` AS `first_name`, `e`.`last_name` AS `last_name`, `e`.`email` AS `email`, `sh`.`salary_amount` AS `current_salary`, `sh`.`effective_date` AS `salary_effective_date`, `sh`.`id` AS `salary_history_id` FROM (`employees` `e` left join `employee_salary_history` `sh` on(`e`.`id` = `sh`.`employee_id` and `sh`.`id` = (select `employee_salary_history`.`id` from `employee_salary_history` where `employee_salary_history`.`employee_id` = `e`.`id` order by `employee_salary_history`.`effective_date` desc,`employee_salary_history`.`id` desc limit 1))) ;

--
-- Constraints for dumped tables
--

--
-- Constraints for table `clients`
--
ALTER TABLE `clients`
  ADD CONSTRAINT `fk_client_user` FOREIGN KEY (`user_id`) REFERENCES `users` (`id`) ON DELETE CASCADE ON UPDATE CASCADE;

--
-- Constraints for table `client_assets`
--
ALTER TABLE `client_assets`
  ADD CONSTRAINT `client_assets_ibfk_1` FOREIGN KEY (`client_id`) REFERENCES `clients` (`id`) ON DELETE CASCADE,
  ADD CONSTRAINT `client_assets_ibfk_2` FOREIGN KEY (`uploaded_by`) REFERENCES `users` (`id`) ON DELETE SET NULL;

--
-- Constraints for table `client_files`
--
ALTER TABLE `client_files`
  ADD CONSTRAINT `client_files_ibfk_1` FOREIGN KEY (`client_id`) REFERENCES `clients` (`id`) ON DELETE CASCADE;

--
-- Constraints for table `client_payments`
--
ALTER TABLE `client_payments`
  ADD CONSTRAINT `fk_payments_client` FOREIGN KEY (`client_id`) REFERENCES `clients` (`id`) ON DELETE CASCADE;

--
-- Constraints for table `client_payment_schedule`
--
ALTER TABLE `client_payment_schedule`
  ADD CONSTRAINT `fk_schedule_client` FOREIGN KEY (`client_id`) REFERENCES `clients` (`id`) ON DELETE CASCADE,
  ADD CONSTRAINT `fk_schedule_payment` FOREIGN KEY (`payment_id`) REFERENCES `client_payments` (`id`) ON DELETE SET NULL;

--
-- Constraints for table `client_projects`
--
ALTER TABLE `client_projects`
  ADD CONSTRAINT `client_projects_ibfk_1` FOREIGN KEY (`client_id`) REFERENCES `clients` (`id`) ON DELETE CASCADE;

--
-- Constraints for table `client_project_summary`
--
ALTER TABLE `client_project_summary`
  ADD CONSTRAINT `fk_summary_client` FOREIGN KEY (`client_id`) REFERENCES `clients` (`id`) ON DELETE CASCADE;

--
-- Constraints for table `client_reports`
--
ALTER TABLE `client_reports`
  ADD CONSTRAINT `client_reports_client_fk` FOREIGN KEY (`client_id`) REFERENCES `clients` (`id`) ON DELETE CASCADE,
  ADD CONSTRAINT `client_reports_user_fk` FOREIGN KEY (`uploaded_by`) REFERENCES `users` (`id`) ON DELETE SET NULL;

--
-- Constraints for table `client_weekly_schedules`
--
ALTER TABLE `client_weekly_schedules`
  ADD CONSTRAINT `weekly_schedule_client_fk` FOREIGN KEY (`client_id`) REFERENCES `clients` (`id`) ON DELETE CASCADE,
  ADD CONSTRAINT `weekly_schedule_user_fk` FOREIGN KEY (`created_by`) REFERENCES `users` (`id`) ON DELETE SET NULL;

--
-- Constraints for table `employees`
--
ALTER TABLE `employees`
  ADD CONSTRAINT `employees_ibfk_2` FOREIGN KEY (`department_id`) REFERENCES `departments` (`id`);

--
-- Constraints for table `employee_payslips`
--
ALTER TABLE `employee_payslips`
  ADD CONSTRAINT `payslips_employee_fk` FOREIGN KEY (`employee_id`) REFERENCES `employees` (`id`) ON DELETE CASCADE,
  ADD CONSTRAINT `payslips_uploaded_by_fk` FOREIGN KEY (`uploaded_by`) REFERENCES `users` (`id`) ON DELETE SET NULL;

--
-- Constraints for table `employee_salary_history`
--
ALTER TABLE `employee_salary_history`
  ADD CONSTRAINT `fk_salary_employee` FOREIGN KEY (`employee_id`) REFERENCES `employees` (`id`) ON DELETE CASCADE;

--
-- Constraints for table `employee_tasks`
--
ALTER TABLE `employee_tasks`
  ADD CONSTRAINT `employee_tasks_assigned_by_fk` FOREIGN KEY (`assigned_by`) REFERENCES `users` (`id`) ON DELETE SET NULL;

--
-- Constraints for table `holidays`
--
ALTER TABLE `holidays`
  ADD CONSTRAINT `holidays_ibfk_1` FOREIGN KEY (`created_by`) REFERENCES `users` (`id`) ON DELETE CASCADE;

--
-- Constraints for table `leave_requests`
--
ALTER TABLE `leave_requests`
  ADD CONSTRAINT `leave_requests_ibfk_1` FOREIGN KEY (`employee_id`) REFERENCES `users` (`id`) ON DELETE CASCADE,
  ADD CONSTRAINT `leave_requests_ibfk_2` FOREIGN KEY (`approved_by`) REFERENCES `users` (`id`) ON DELETE SET NULL;

--
-- Constraints for table `maintenance`
--
ALTER TABLE `maintenance`
  ADD CONSTRAINT `maintenance_ibfk_1` FOREIGN KEY (`client_id`) REFERENCES `clients` (`id`) ON DELETE CASCADE;

--
-- Constraints for table `notifications`
--
ALTER TABLE `notifications`
  ADD CONSTRAINT `notifications_ibfk_1` FOREIGN KEY (`user_id`) REFERENCES `users` (`id`) ON DELETE CASCADE;

--
-- Constraints for table `social_media_calendars`
--
ALTER TABLE `social_media_calendars`
  ADD CONSTRAINT `social_media_calendars_ibfk_1` FOREIGN KEY (`client_id`) REFERENCES `clients` (`id`) ON DELETE CASCADE,
  ADD CONSTRAINT `social_media_calendars_ibfk_2` FOREIGN KEY (`uploaded_by`) REFERENCES `users` (`id`) ON DELETE CASCADE;

--
-- Constraints for table `users`
--
ALTER TABLE `users`
  ADD CONSTRAINT `fk_user_role` FOREIGN KEY (`role_id`) REFERENCES `roles` (`id`) ON UPDATE CASCADE;
COMMIT;

/*!40101 SET CHARACTER_SET_CLIENT=@OLD_CHARACTER_SET_CLIENT */;
/*!40101 SET CHARACTER_SET_RESULTS=@OLD_CHARACTER_SET_RESULTS */;
/*!40101 SET COLLATION_CONNECTION=@OLD_COLLATION_CONNECTION */;
