-- phpMyAdmin SQL Dump
-- version 5.2.1
-- https://www.phpmyadmin.net/
--
-- Host: 127.0.0.1
-- Generation Time: Oct 31, 2025 at 12:29 PM
-- Server version: 10.4.32-MariaDB
-- PHP Version: 8.2.12

SET SQL_MODE = "NO_AUTO_VALUE_ON_ZERO";
START TRANSACTION;
SET time_zone = "+00:00";


/*!40101 SET @OLD_CHARACTER_SET_CLIENT=@@CHARACTER_SET_CLIENT */;
/*!40101 SET @OLD_CHARACTER_SET_RESULTS=@@CHARACTER_SET_RESULTS */;
/*!40101 SET @OLD_COLLATION_CONNECTION=@@COLLATION_CONNECTION */;
/*!40101 SET NAMES utf8mb4 */;

--
-- Database: `bhaviclients`
--

-- --------------------------------------------------------

--
-- Table structure for table `ci_sessions`
--

CREATE TABLE `ci_sessions` (
  `id` varchar(128) NOT NULL,
  `ip_address` varchar(45) NOT NULL,
  `timestamp` timestamp NOT NULL DEFAULT current_timestamp(),
  `data` blob NOT NULL
) ENGINE=InnoDB DEFAULT CHARSET=utf8mb4 COLLATE=utf8mb4_general_ci;

--
-- Dumping data for table `ci_sessions`
--

INSERT INTO `ci_sessions` (`id`, `ip_address`, `timestamp`, `data`) VALUES
('ci_session:cf6ca892dc5a11d99a26a6ecc1ae7d98', '::1', '2025-10-31 05:00:05', 0x5f5f63695f6c6173745f726567656e65726174657c693a313736313838363830353b5f63695f70726576696f75735f75726c7c733a35353a22687474703a2f2f6c6f63616c686f73742f6268617669636c69656e74732f696e6465782e7068702f7461736b2d6d616e6167656d656e74223b757365725f69647c733a323a223436223b66697273745f6e616d657c733a353a2261646d696e223b6c6173745f6e616d657c733a373a226d616e61676572223b656d61696c7c733a32323a2261646d696e6d616e6167657240676d61696c2e636f6d223b726f6c655f69647c733a313a2235223b726f6c655f6e616d657c733a31333a2241646d696e204d616e61676572223b636c69656e745f69647c4e3b656d706c6f7965655f69647c4e3b69734c6f67676564496e7c623a313b5f5f63695f766172737c613a303a7b7d),
('ci_session:cd4a5a1815459f6d6969f97d72dd73d0', '::1', '2025-10-31 05:06:04', 0x5f5f63695f6c6173745f726567656e65726174657c693a313736313838373136343b5f63695f70726576696f75735f75726c7c733a35383a22687474703a2f2f6c6f63616c686f73742f6268617669636c69656e74732f696e6465782e7068702f656d706c6f7965652d64617368626f617264223b757365725f69647c733a323a223435223b66697273745f6e616d657c733a363a2272616d657368223b6c6173745f6e616d657c733a353a2270696c6c69223b656d61696c7c733a31363a2272616d65736840676d61696c2e636f6d223b726f6c655f69647c733a313a2232223b726f6c655f6e616d657c733a383a22456d706c6f796565223b636c69656e745f69647c4e3b656d706c6f7965655f69647c733a323a223233223b69734c6f67676564496e7c623a313b),
('ci_session:e3327feb16c26d5f998c903dd9651862', '::1', '2025-10-31 05:46:49', 0x5f5f63695f6c6173745f726567656e65726174657c693a313736313838393630393b5f63695f70726576696f75735f75726c7c733a36313a22687474703a2f2f6c6f63616c686f73742f6268617669636c69656e74732f696e6465782e7068702f6d61696e74656e616e63652f636c69656e742f3139223b757365725f69647c733a313a2231223b66697273745f6e616d657c733a393a22626861766920707674223b6c6173745f6e616d657c733a393a226372656174696f6e73223b656d61696c7c733a313a2220223b726f6c655f69647c733a313a2231223b726f6c655f6e616d657c733a353a2241646d696e223b636c69656e745f69647c4e3b656d706c6f7965655f69647c4e3b69734c6f67676564496e7c623a313b737563636573737c733a33373a2250726f6a6563742064657461696c732075706461746564207375636365737366756c6c7921223b5f5f63695f766172737c613a313a7b733a373a2273756363657373223b733a333a226f6c64223b7d),
('ci_session:6643d88efdeae4051a3222fe7c5ab87f', '::1', '2025-10-31 05:09:26', 0x5f5f63695f6c6173745f726567656e65726174657c693a313736313838373336363b5f63695f70726576696f75735f75726c7c733a35353a22687474703a2f2f6c6f63616c686f73742f6268617669636c69656e74732f696e6465782e7068702f7461736b2d6d616e6167656d656e74223b757365725f69647c733a323a223436223b66697273745f6e616d657c733a353a2261646d696e223b6c6173745f6e616d657c733a373a226d616e61676572223b656d61696c7c733a32323a2261646d696e6d616e6167657240676d61696c2e636f6d223b726f6c655f69647c733a313a2235223b726f6c655f6e616d657c733a31333a2241646d696e204d616e61676572223b636c69656e745f69647c4e3b656d706c6f7965655f69647c4e3b69734c6f67676564496e7c623a313b5f5f63695f766172737c613a303a7b7d),
('ci_session:664ff2c763e7eb4953c8b3c25765aab9', '::1', '2025-10-31 05:05:38', 0x5f5f63695f6c6173745f726567656e65726174657c693a313736313838373133383b5f63695f70726576696f75735f75726c7c733a35363a22687474703a2f2f6c6f63616c686f73742f6268617669636c69656e74732f696e6465782e7068702f636c69656e742d64617368626f617264223b757365725f69647c733a323a223430223b66697273745f6e616d657c733a343a2252616a75223b6c6173745f6e616d657c733a353a226b6972616e223b656d61696c7c733a31393a227372696e697661736140676d61696c2e636f6d223b726f6c655f69647c733a313a2233223b726f6c655f6e616d657c733a373a22436c69656e7473223b636c69656e745f69647c733a323a223139223b656d706c6f7965655f69647c4e3b69734c6f67676564496e7c623a313b),
('ci_session:e65490cf7125b5f521a0cec1bd4e6cc3', '::1', '2025-10-31 05:10:40', 0x5f5f63695f6c6173745f726567656e65726174657c693a313736313838373434303b5f63695f70726576696f75735f75726c7c733a35323a22687474703a2f2f6c6f63616c686f73742f6268617669636c69656e74732f696e6465782e7068702f75706c6f61642d66696c6573223b757365725f69647c733a323a223430223b66697273745f6e616d657c733a343a2252616a75223b6c6173745f6e616d657c733a353a226b6972616e223b656d61696c7c733a31393a227372696e697661736140676d61696c2e636f6d223b726f6c655f69647c733a313a2233223b726f6c655f6e616d657c733a373a22436c69656e7473223b636c69656e745f69647c733a323a223139223b656d706c6f7965655f69647c4e3b69734c6f67676564496e7c623a313b5f5f63695f766172737c613a303a7b7d),
('ci_session:8359a71d76eeaacffd4704181b63a65c', '::1', '2025-10-31 05:25:03', 0x5f5f63695f6c6173745f726567656e65726174657c693a313736313838383330333b5f63695f70726576696f75735f75726c7c733a35353a22687474703a2f2f6c6f63616c686f73742f6268617669636c69656e74732f696e6465782e7068702f6d792d7461736b732f766965772f38223b757365725f69647c733a323a223435223b66697273745f6e616d657c733a363a2272616d657368223b6c6173745f6e616d657c733a353a2270696c6c69223b656d61696c7c733a31363a2272616d65736840676d61696c2e636f6d223b726f6c655f69647c733a313a2232223b726f6c655f6e616d657c733a383a22456d706c6f796565223b636c69656e745f69647c4e3b656d706c6f7965655f69647c733a323a223233223b69734c6f67676564496e7c623a313b5f5f63695f766172737c613a303a7b7d),
('ci_session:92c063eea9182ff018c379d32fe3f205', '::1', '2025-10-31 05:16:52', 0x5f5f63695f6c6173745f726567656e65726174657c693a313736313838373831323b5f63695f70726576696f75735f75726c7c733a35353a22687474703a2f2f6c6f63616c686f73742f6268617669636c69656e74732f696e6465782e7068702f7461736b2d6d616e6167656d656e74223b757365725f69647c733a323a223436223b66697273745f6e616d657c733a353a2261646d696e223b6c6173745f6e616d657c733a373a226d616e61676572223b656d61696c7c733a32323a2261646d696e6d616e6167657240676d61696c2e636f6d223b726f6c655f69647c733a313a2235223b726f6c655f6e616d657c733a31333a2241646d696e204d616e61676572223b636c69656e745f69647c4e3b656d706c6f7965655f69647c4e3b69734c6f67676564496e7c623a313b5f5f63695f766172737c613a303a7b7d),
('ci_session:cef8d759f7993cb6eeb33752c2dea143', '::1', '2025-10-31 05:16:52', 0x5f5f63695f6c6173745f726567656e65726174657c693a313736313838373831323b5f63695f70726576696f75735f75726c7c733a35323a22687474703a2f2f6c6f63616c686f73742f6268617669636c69656e74732f696e6465782e7068702f776f726b2d75706461746573223b757365725f69647c733a323a223430223b66697273745f6e616d657c733a343a2252616a75223b6c6173745f6e616d657c733a353a226b6972616e223b656d61696c7c733a31393a227372696e697661736140676d61696c2e636f6d223b726f6c655f69647c733a313a2233223b726f6c655f6e616d657c733a373a22436c69656e7473223b636c69656e745f69647c733a323a223139223b656d706c6f7965655f69647c4e3b69734c6f67676564496e7c623a313b),
('ci_session:b68324d7e91d26372315822a6012c61f', '::1', '2025-10-31 05:24:46', 0x5f5f63695f6c6173745f726567656e65726174657c693a313736313838383238363b5f63695f70726576696f75735f75726c7c733a35313a22687474703a2f2f6c6f63616c686f73742f6268617669636c69656e74732f696e6465782e7068702f766965772d776f726b2f38223b757365725f69647c733a323a223430223b66697273745f6e616d657c733a343a2252616a75223b6c6173745f6e616d657c733a353a226b6972616e223b656d61696c7c733a31393a227372696e697661736140676d61696c2e636f6d223b726f6c655f69647c733a313a2233223b726f6c655f6e616d657c733a373a22436c69656e7473223b636c69656e745f69647c733a323a223139223b656d706c6f7965655f69647c4e3b69734c6f67676564496e7c623a313b),
('ci_session:630f2e53faa1af206d756c68fb122160', '::1', '2025-10-31 05:22:00', 0x5f5f63695f6c6173745f726567656e65726174657c693a313736313838383132303b5f63695f70726576696f75735f75726c7c733a35353a22687474703a2f2f6c6f63616c686f73742f6268617669636c69656e74732f696e6465782e7068702f7461736b2d6d616e6167656d656e74223b757365725f69647c733a323a223436223b66697273745f6e616d657c733a353a2261646d696e223b6c6173745f6e616d657c733a373a226d616e61676572223b656d61696c7c733a32323a2261646d696e6d616e6167657240676d61696c2e636f6d223b726f6c655f69647c733a313a2235223b726f6c655f6e616d657c733a31333a2241646d696e204d616e61676572223b636c69656e745f69647c4e3b656d706c6f7965655f69647c4e3b69734c6f67676564496e7c623a313b5f5f63695f766172737c613a303a7b7d),
('ci_session:ffd7d388f00ec30bd1f0578e5c2af7ae', '::1', '2025-10-31 05:30:19', 0x5f5f63695f6c6173745f726567656e65726174657c693a313736313838383631393b5f63695f70726576696f75735f75726c7c733a35353a22687474703a2f2f6c6f63616c686f73742f6268617669636c69656e74732f696e6465782e7068702f7461736b2d6d616e6167656d656e74223b757365725f69647c733a323a223436223b66697273745f6e616d657c733a353a2261646d696e223b6c6173745f6e616d657c733a373a226d616e61676572223b656d61696c7c733a32323a2261646d696e6d616e6167657240676d61696c2e636f6d223b726f6c655f69647c733a313a2235223b726f6c655f6e616d657c733a31333a2241646d696e204d616e61676572223b636c69656e745f69647c4e3b656d706c6f7965655f69647c4e3b69734c6f67676564496e7c623a313b5f5f63695f766172737c613a303a7b7d),
('ci_session:56ea8858178d05d71b27e937c4b9cad7', '::1', '2025-10-31 05:39:38', 0x5f5f63695f6c6173745f726567656e65726174657c693a313736313838393137383b5f63695f70726576696f75735f75726c7c733a35363a22687474703a2f2f6c6f63616c686f73742f6268617669636c69656e74732f696e6465782e7068702f636c69656e742d64617368626f617264223b757365725f69647c733a323a223430223b66697273745f6e616d657c733a343a2252616a75223b6c6173745f6e616d657c733a353a226b6972616e223b656d61696c7c733a31393a227372696e697661736140676d61696c2e636f6d223b726f6c655f69647c733a313a2233223b726f6c655f6e616d657c733a373a22436c69656e7473223b636c69656e745f69647c733a323a223139223b656d706c6f7965655f69647c4e3b69734c6f67676564496e7c623a313b6572726f727c733a33393a224e6f20636c69656e74206173736f636961746564207769746820796f7572206163636f756e742e223b5f5f63695f766172737c613a313a7b733a353a226572726f72223b733a333a226f6c64223b7d),
('ci_session:97048ed2ba3af18d6d2e99e2582f7856', '::1', '2025-10-31 07:20:53', 0x5f5f63695f6c6173745f726567656e65726174657c693a313736313839353235333b5f63695f70726576696f75735f75726c7c733a34383a22687474703a2f2f6c6f63616c686f73742f6268617669636c69656e74732f696e6465782e7068702f6d792d7461736b73223b757365725f69647c733a323a223435223b66697273745f6e616d657c733a363a2272616d657368223b6c6173745f6e616d657c733a353a2270696c6c69223b656d61696c7c733a31363a2272616d65736840676d61696c2e636f6d223b726f6c655f69647c733a313a2232223b726f6c655f6e616d657c733a383a22456d706c6f796565223b636c69656e745f69647c4e3b656d706c6f7965655f69647c733a323a223233223b69734c6f67676564496e7c623a313b5f5f63695f766172737c613a303a7b7d),
('ci_session:04fbfdddc2ab7eb22f1efb9295c33535', '::1', '2025-10-31 05:35:24', 0x5f5f63695f6c6173745f726567656e65726174657c693a313736313838383932343b5f63695f70726576696f75735f75726c7c733a36323a22687474703a2f2f6c6f63616c686f73742f6268617669636c69656e74732f696e6465782e7068702f7765656b6c792d7363686564756c652f766965772f31223b757365725f69647c733a323a223436223b66697273745f6e616d657c733a353a2261646d696e223b6c6173745f6e616d657c733a373a226d616e61676572223b656d61696c7c733a32323a2261646d696e6d616e6167657240676d61696c2e636f6d223b726f6c655f69647c733a313a2235223b726f6c655f6e616d657c733a31333a2241646d696e204d616e61676572223b636c69656e745f69647c4e3b656d706c6f7965655f69647c4e3b69734c6f67676564496e7c623a313b5f5f63695f766172737c613a303a7b7d),
('ci_session:8a79654a58b481d3f11574ded402b85d', '::1', '2025-10-31 05:41:58', 0x5f5f63695f6c6173745f726567656e65726174657c693a313736313838393331383b5f63695f70726576696f75735f75726c7c733a36323a22687474703a2f2f6c6f63616c686f73742f6268617669636c69656e74732f696e6465782e7068702f7765656b6c792d7363686564756c652f766965772f31223b757365725f69647c733a323a223436223b66697273745f6e616d657c733a353a2261646d696e223b6c6173745f6e616d657c733a373a226d616e61676572223b656d61696c7c733a32323a2261646d696e6d616e6167657240676d61696c2e636f6d223b726f6c655f69647c733a313a2235223b726f6c655f6e616d657c733a31333a2241646d696e204d616e61676572223b636c69656e745f69647c4e3b656d706c6f7965655f69647c4e3b69734c6f67676564496e7c623a313b5f5f63695f766172737c613a303a7b7d),
('ci_session:c27ee1fadca6eaf65323e3288c4204ac', '::1', '2025-10-31 05:44:53', 0x5f5f63695f6c6173745f726567656e65726174657c693a313736313838393439333b5f63695f70726576696f75735f75726c7c733a35323a22687474703a2f2f6c6f63616c686f73742f6268617669636c69656e74732f696e6465782e7068702f73656c662d75706c6f616473223b757365725f69647c733a323a223430223b66697273745f6e616d657c733a343a2252616a75223b6c6173745f6e616d657c733a353a226b6972616e223b656d61696c7c733a31393a227372696e697661736140676d61696c2e636f6d223b726f6c655f69647c733a313a2233223b726f6c655f6e616d657c733a373a22436c69656e7473223b636c69656e745f69647c733a323a223139223b656d706c6f7965655f69647c4e3b69734c6f67676564496e7c623a313b),
('ci_session:bd1ac3199decec1335cd0a97a49b8e21', '::1', '2025-10-31 05:47:27', 0x5f5f63695f6c6173745f726567656e65726174657c693a313736313838393634373b5f63695f70726576696f75735f75726c7c733a34393a22687474703a2f2f6c6f63616c686f73742f6268617669636c69656e74732f696e6465782e7068702f64617368626f617264223b757365725f69647c733a323a223436223b66697273745f6e616d657c733a353a2261646d696e223b6c6173745f6e616d657c733a373a226d616e61676572223b656d61696c7c733a32323a2261646d696e6d616e6167657240676d61696c2e636f6d223b726f6c655f69647c733a313a2235223b726f6c655f6e616d657c733a31333a2241646d696e204d616e61676572223b636c69656e745f69647c4e3b656d706c6f7965655f69647c4e3b69734c6f67676564496e7c623a313b6572726f727c733a36323a224163636573732064656e6965642e20596f7520646f206e6f742068617665207065726d697373696f6e20746f20616363657373207468697320706167652e223b5f5f63695f766172737c613a313a7b733a353a226572726f72223b733a333a226f6c64223b7d),
('ci_session:1ea6bf15f7c44e8fd549168f203b8cce', '::1', '2025-10-31 05:55:46', 0x5f5f63695f6c6173745f726567656e65726174657c693a313736313839303134363b5f63695f70726576696f75735f75726c7c733a35383a22687474703a2f2f6c6f63616c686f73742f6268617669636c69656e74732f696e6465782e7068702f636c69656e742d6d61696e74656e616e6365223b757365725f69647c733a323a223430223b66697273745f6e616d657c733a343a2252616a75223b6c6173745f6e616d657c733a353a226b6972616e223b656d61696c7c733a31393a227372696e697661736140676d61696c2e636f6d223b726f6c655f69647c733a313a2233223b726f6c655f6e616d657c733a373a22436c69656e7473223b636c69656e745f69647c733a323a223139223b656d706c6f7965655f69647c4e3b69734c6f67676564496e7c623a313b),
('ci_session:82d504b199e84dbd5f93d3c6213b5dbf', '::1', '2025-10-31 05:51:52', 0x5f5f63695f6c6173745f726567656e65726174657c693a313736313838393931323b5f63695f70726576696f75735f75726c7c733a36313a22687474703a2f2f6c6f63616c686f73742f6268617669636c69656e74732f696e6465782e7068702f6d61696e74656e616e63652f636c69656e742f3139223b757365725f69647c733a313a2231223b66697273745f6e616d657c733a393a22626861766920707674223b6c6173745f6e616d657c733a393a226372656174696f6e73223b656d61696c7c733a313a2220223b726f6c655f69647c733a313a2231223b726f6c655f6e616d657c733a353a2241646d696e223b636c69656e745f69647c4e3b656d706c6f7965655f69647c4e3b69734c6f67676564496e7c623a313b5f5f63695f766172737c613a303a7b7d),
('ci_session:44fd25b976c1a6d6ab9d039c0dc72c62', '::1', '2025-10-31 05:54:08', 0x5f5f63695f6c6173745f726567656e65726174657c693a313736313839303034383b5f63695f70726576696f75735f75726c7c733a34393a22687474703a2f2f6c6f63616c686f73742f6268617669636c69656e74732f696e6465782e7068702f64617368626f617264223b757365725f69647c733a323a223436223b66697273745f6e616d657c733a353a2261646d696e223b6c6173745f6e616d657c733a373a226d616e61676572223b656d61696c7c733a32323a2261646d696e6d616e6167657240676d61696c2e636f6d223b726f6c655f69647c733a313a2235223b726f6c655f6e616d657c733a31333a2241646d696e204d616e61676572223b636c69656e745f69647c4e3b656d706c6f7965655f69647c4e3b69734c6f67676564496e7c623a313b),
('ci_session:d6a692daab3446b5900a769fe22e42c5', '::1', '2025-10-31 06:09:34', 0x5f5f63695f6c6173745f726567656e65726174657c693a313736313839303937343b5f63695f70726576696f75735f75726c7c733a36313a22687474703a2f2f6c6f63616c686f73742f6268617669636c69656e74732f696e6465782e7068702f6d61696e74656e616e63652f636c69656e742f3139223b757365725f69647c733a313a2231223b66697273745f6e616d657c733a393a22626861766920707674223b6c6173745f6e616d657c733a393a226372656174696f6e73223b656d61696c7c733a313a2220223b726f6c655f69647c733a313a2231223b726f6c655f6e616d657c733a353a2241646d696e223b636c69656e745f69647c4e3b656d706c6f7965655f69647c4e3b69734c6f67676564496e7c623a313b5f5f63695f766172737c613a303a7b7d),
('ci_session:9ddf3d4be79b98a5cc5662b31b318907', '::1', '2025-10-31 06:01:24', 0x5f5f63695f6c6173745f726567656e65726174657c693a313736313839303438343b5f63695f70726576696f75735f75726c7c733a34393a22687474703a2f2f6c6f63616c686f73742f6268617669636c69656e74732f696e6465782e7068702f64617368626f617264223b757365725f69647c733a323a223436223b66697273745f6e616d657c733a353a2261646d696e223b6c6173745f6e616d657c733a373a226d616e61676572223b656d61696c7c733a32323a2261646d696e6d616e6167657240676d61696c2e636f6d223b726f6c655f69647c733a313a2235223b726f6c655f6e616d657c733a31333a2241646d696e204d616e61676572223b636c69656e745f69647c4e3b656d706c6f7965655f69647c4e3b69734c6f67676564496e7c623a313b),
('ci_session:55faf4826cc4c89fbe654a6e662e5ceb', '::1', '2025-10-31 06:00:48', 0x5f5f63695f6c6173745f726567656e65726174657c693a313736313839303434383b5f63695f70726576696f75735f75726c7c733a35323a22687474703a2f2f6c6f63616c686f73742f6268617669636c69656e74732f696e6465782e7068702f73656c662d75706c6f616473223b757365725f69647c733a323a223430223b66697273745f6e616d657c733a343a2252616a75223b6c6173745f6e616d657c733a353a226b6972616e223b656d61696c7c733a31393a227372696e697661736140676d61696c2e636f6d223b726f6c655f69647c733a313a2233223b726f6c655f6e616d657c733a373a22436c69656e7473223b636c69656e745f69647c733a323a223139223b656d706c6f7965655f69647c4e3b69734c6f67676564496e7c623a313b5f5f63695f766172737c613a303a7b7d),
('ci_session:0a202f1001c8c5d7a2558959a3cfa1fe', '::1', '2025-10-31 06:05:51', 0x5f5f63695f6c6173745f726567656e65726174657c693a313736313839303735313b5f63695f70726576696f75735f75726c7c733a35363a22687474703a2f2f6c6f63616c686f73742f6268617669636c69656e74732f696e6465782e7068702f636c69656e742d64617368626f617264223b757365725f69647c733a323a223430223b66697273745f6e616d657c733a343a2252616a75223b6c6173745f6e616d657c733a353a226b6972616e223b656d61696c7c733a31393a227372696e697661736140676d61696c2e636f6d223b726f6c655f69647c733a313a2233223b726f6c655f6e616d657c733a373a22436c69656e7473223b636c69656e745f69647c733a323a223139223b656d706c6f7965655f69647c4e3b69734c6f67676564496e7c623a313b),
('ci_session:551519f0a61acfb965c844f5e976197b', '::1', '2025-10-31 06:07:46', 0x5f5f63695f6c6173745f726567656e65726174657c693a313736313839303836363b5f63695f70726576696f75735f75726c7c733a34393a22687474703a2f2f6c6f63616c686f73742f6268617669636c69656e74732f696e6465782e7068702f64617368626f617264223b757365725f69647c733a323a223436223b66697273745f6e616d657c733a353a2261646d696e223b6c6173745f6e616d657c733a373a226d616e61676572223b656d61696c7c733a32323a2261646d696e6d616e6167657240676d61696c2e636f6d223b726f6c655f69647c733a313a2235223b726f6c655f6e616d657c733a31333a2241646d696e204d616e61676572223b636c69656e745f69647c4e3b656d706c6f7965655f69647c4e3b69734c6f67676564496e7c623a313b),
('ci_session:87b71368f3445eeff9984d2c766f722b', '::1', '2025-10-31 06:11:00', 0x5f5f63695f6c6173745f726567656e65726174657c693a313736313839313036303b5f63695f70726576696f75735f75726c7c733a35343a22687474703a2f2f6c6f63616c686f73742f6268617669636c69656e74732f696e6465782e7068702f646f776e6c6f61642d66696c6573223b757365725f69647c733a323a223430223b66697273745f6e616d657c733a343a2252616a75223b6c6173745f6e616d657c733a353a226b6972616e223b656d61696c7c733a31393a227372696e697661736140676d61696c2e636f6d223b726f6c655f69647c733a313a2233223b726f6c655f6e616d657c733a373a22436c69656e7473223b636c69656e745f69647c733a323a223139223b656d706c6f7965655f69647c4e3b69734c6f67676564496e7c623a313b),
('ci_session:48324b70491bfde31ccebbb4b42d0e92', '::1', '2025-10-31 06:15:13', 0x5f5f63695f6c6173745f726567656e65726174657c693a313736313839313331333b5f63695f70726576696f75735f75726c7c733a34393a22687474703a2f2f6c6f63616c686f73742f6268617669636c69656e74732f696e6465782e7068702f64617368626f617264223b757365725f69647c733a323a223436223b66697273745f6e616d657c733a353a2261646d696e223b6c6173745f6e616d657c733a373a226d616e61676572223b656d61696c7c733a32323a2261646d696e6d616e6167657240676d61696c2e636f6d223b726f6c655f69647c733a313a2235223b726f6c655f6e616d657c733a31333a2241646d696e204d616e61676572223b636c69656e745f69647c4e3b656d706c6f7965655f69647c4e3b69734c6f67676564496e7c623a313b),
('ci_session:da206fac7cd6fe2ea370db886f5154f2', '::1', '2025-10-31 07:40:48', 0x5f5f63695f6c6173745f726567656e65726174657c693a313736313839363434383b5f63695f70726576696f75735f75726c7c733a35353a22687474703a2f2f6c6f63616c686f73742f6268617669636c69656e74732f696e6465782e7068702f757365722d6d616e6167656d656e74223b757365725f69647c733a313a2231223b66697273745f6e616d657c733a393a22626861766920707674223b6c6173745f6e616d657c733a393a226372656174696f6e73223b656d61696c7c733a313a2220223b726f6c655f69647c733a313a2231223b726f6c655f6e616d657c733a353a2241646d696e223b636c69656e745f69647c4e3b656d706c6f7965655f69647c4e3b69734c6f67676564496e7c623a313b5f5f63695f766172737c613a303a7b7d),
('ci_session:ac1a0cf5b67f9da32a9dfdaf90c7e473', '::1', '2025-10-31 06:32:54', 0x5f5f63695f6c6173745f726567656e65726174657c693a313736313839323337343b5f63695f70726576696f75735f75726c7c733a35383a22687474703a2f2f6c6f63616c686f73742f6268617669636c69656e74732f696e6465782e7068702f636c69656e742d6d61696e74656e616e6365223b757365725f69647c733a323a223430223b66697273745f6e616d657c733a343a2252616a75223b6c6173745f6e616d657c733a353a226b6972616e223b656d61696c7c733a31393a227372696e697661736140676d61696c2e636f6d223b726f6c655f69647c733a313a2233223b726f6c655f6e616d657c733a373a22436c69656e7473223b636c69656e745f69647c733a323a223139223b656d706c6f7965655f69647c4e3b69734c6f67676564496e7c623a313b5f5f63695f766172737c613a303a7b7d),
('ci_session:757608973a5d911794e865a229af4c25', '::1', '2025-10-31 06:22:09', 0x5f5f63695f6c6173745f726567656e65726174657c693a313736313839313732393b5f63695f70726576696f75735f75726c7c733a34353a22687474703a2f2f6c6f63616c686f73742f6268617669636c69656e74732f696e6465782e7068702f6c6f67696e223b757365725f69647c733a323a223437223b66697273745f6e616d657c733a343a2272616a61223b6c6173745f6e616d657c733a333a2272616d223b656d61696c7c733a32353a22636c69656e747372696e697661736140676d61696c2e636f6d223b726f6c655f69647c733a313a2234223b726f6c655f6e616d657c733a31343a22436c69656e74204d616e61676572223b636c69656e745f69647c4e3b656d706c6f7965655f69647c4e3b69734c6f67676564496e7c623a313b6572726f727c733a32393a22436c69656e7420696e666f726d6174696f6e206e6f7420666f756e642e223b5f5f63695f766172737c613a313a7b733a353a226572726f72223b733a333a226f6c64223b7d),
('ci_session:20c7909df2cd872396378acf2a87c2b5', '::1', '2025-10-31 06:30:15', 0x5f5f63695f6c6173745f726567656e65726174657c693a313736313839323231353b5f63695f70726576696f75735f75726c7c733a34393a22687474703a2f2f6c6f63616c686f73742f6268617669636c69656e74732f696e6465782e7068702f64617368626f617264223b757365725f69647c733a323a223436223b66697273745f6e616d657c733a353a2261646d696e223b6c6173745f6e616d657c733a373a226d616e61676572223b656d61696c7c733a32323a2261646d696e6d616e6167657240676d61696c2e636f6d223b726f6c655f69647c733a313a2235223b726f6c655f6e616d657c733a31333a2241646d696e204d616e61676572223b636c69656e745f69647c4e3b656d706c6f7965655f69647c4e3b69734c6f67676564496e7c623a313b),
('ci_session:f15b87f97f12c0abed2ec93b6e176ca7', '::1', '2025-10-31 06:31:33', 0x5f5f63695f6c6173745f726567656e65726174657c693a313736313839323239333b5f63695f70726576696f75735f75726c7c733a34353a22687474703a2f2f6c6f63616c686f73742f6268617669636c69656e74732f696e6465782e7068702f6c6f67696e223b757365725f69647c733a323a223437223b66697273745f6e616d657c733a343a2272616a61223b6c6173745f6e616d657c733a333a2272616d223b656d61696c7c733a32353a22636c69656e747372696e697661736140676d61696c2e636f6d223b726f6c655f69647c733a313a2234223b726f6c655f6e616d657c733a31343a22436c69656e74204d616e61676572223b636c69656e745f69647c4e3b656d706c6f7965655f69647c4e3b69734c6f67676564496e7c623a313b6572726f727c733a32393a22436c69656e7420696e666f726d6174696f6e206e6f7420666f756e642e223b5f5f63695f766172737c613a313a7b733a353a226572726f72223b733a333a226e6577223b7d),
('ci_session:f205408bccd6ee283867405ba5601131', '::1', '2025-10-31 06:41:03', 0x5f5f63695f6c6173745f726567656e65726174657c693a313736313839323836333b5f63695f70726576696f75735f75726c7c733a34393a22687474703a2f2f6c6f63616c686f73742f6268617669636c69656e74732f696e6465782e7068702f64617368626f617264223b757365725f69647c733a323a223436223b66697273745f6e616d657c733a353a2261646d696e223b6c6173745f6e616d657c733a373a226d616e61676572223b656d61696c7c733a32323a2261646d696e6d616e6167657240676d61696c2e636f6d223b726f6c655f69647c733a313a2235223b726f6c655f6e616d657c733a31333a2241646d696e204d616e61676572223b636c69656e745f69647c4e3b656d706c6f7965655f69647c4e3b69734c6f67676564496e7c623a313b),
('ci_session:d7e99593bba1d07f3601fa62c1b63568', '::1', '2025-10-31 06:38:22', 0x5f5f63695f6c6173745f726567656e65726174657c693a313736313839323730323b5f63695f70726576696f75735f75726c7c733a34353a22687474703a2f2f6c6f63616c686f73742f6268617669636c69656e74732f696e6465782e7068702f6c6f67696e223b757365725f69647c733a323a223437223b66697273745f6e616d657c733a343a2272616a61223b6c6173745f6e616d657c733a333a2272616d223b656d61696c7c733a32353a22636c69656e747372696e697661736140676d61696c2e636f6d223b726f6c655f69647c733a313a2234223b726f6c655f6e616d657c733a31343a22436c69656e74204d616e61676572223b636c69656e745f69647c4e3b656d706c6f7965655f69647c4e3b69734c6f67676564496e7c623a313b6572726f727c733a32393a22436c69656e7420696e666f726d6174696f6e206e6f7420666f756e642e223b5f5f63695f766172737c613a313a7b733a353a226572726f72223b733a333a226f6c64223b7d),
('ci_session:f82ab3ea8c945c71a6336f50e551a528', '::1', '2025-10-31 06:41:48', 0x5f5f63695f6c6173745f726567656e65726174657c693a313736313839323930383b5f63695f70726576696f75735f75726c7c733a35363a22687474703a2f2f6c6f63616c686f73742f6268617669636c69656e74732f696e6465782e7068702f636c69656e742d64617368626f617264223b757365725f69647c733a323a223430223b66697273745f6e616d657c733a343a2252616a75223b6c6173745f6e616d657c733a353a226b6972616e223b656d61696c7c733a31393a227372696e697661736140676d61696c2e636f6d223b726f6c655f69647c733a313a2233223b726f6c655f6e616d657c733a373a22436c69656e7473223b636c69656e745f69647c733a323a223139223b656d706c6f7965655f69647c4e3b69734c6f67676564496e7c623a313b),
('ci_session:9fed7e0bf8a8e965b9eb22b49836a33c', '::1', '2025-10-31 06:44:15', 0x5f5f63695f6c6173745f726567656e65726174657c693a313736313839333035353b5f63695f70726576696f75735f75726c7c733a34353a22687474703a2f2f6c6f63616c686f73742f6268617669636c69656e74732f696e6465782e7068702f6c6f67696e223b757365725f69647c733a323a223437223b66697273745f6e616d657c733a343a2272616a61223b6c6173745f6e616d657c733a333a2272616d223b656d61696c7c733a32353a22636c69656e747372696e697661736140676d61696c2e636f6d223b726f6c655f69647c733a313a2234223b726f6c655f6e616d657c733a31343a22436c69656e74204d616e61676572223b636c69656e745f69647c4e3b656d706c6f7965655f69647c4e3b69734c6f67676564496e7c623a313b6572726f727c733a32393a22436c69656e7420696e666f726d6174696f6e206e6f7420666f756e642e223b5f5f63695f766172737c613a313a7b733a353a226572726f72223b733a333a226e6577223b7d),
('ci_session:7977aec4609a434970ced2d0b7c91afe', '::1', '2025-10-31 06:55:17', 0x5f5f63695f6c6173745f726567656e65726174657c693a313736313839333731373b5f63695f70726576696f75735f75726c7c733a34393a22687474703a2f2f6c6f63616c686f73742f6268617669636c69656e74732f696e6465782e7068702f64617368626f617264223b757365725f69647c733a323a223436223b66697273745f6e616d657c733a353a2261646d696e223b6c6173745f6e616d657c733a373a226d616e61676572223b656d61696c7c733a32323a2261646d696e6d616e6167657240676d61696c2e636f6d223b726f6c655f69647c733a313a2235223b726f6c655f6e616d657c733a31333a2241646d696e204d616e61676572223b636c69656e745f69647c4e3b656d706c6f7965655f69647c4e3b69734c6f67676564496e7c623a313b),
('ci_session:51c5c83a0ed3b58c2635487bcb232f11', '::1', '2025-10-31 06:55:37', 0x5f5f63695f6c6173745f726567656e65726174657c693a313736313839333733373b5f63695f70726576696f75735f75726c7c733a35363a22687474703a2f2f6c6f63616c686f73742f6268617669636c69656e74732f696e6465782e7068702f636c69656e742d64617368626f617264223b757365725f69647c733a323a223430223b66697273745f6e616d657c733a343a2252616a75223b6c6173745f6e616d657c733a353a226b6972616e223b656d61696c7c733a31393a227372696e697661736140676d61696c2e636f6d223b726f6c655f69647c733a313a2233223b726f6c655f6e616d657c733a373a22436c69656e7473223b636c69656e745f69647c733a323a223139223b656d706c6f7965655f69647c4e3b69734c6f67676564496e7c623a313b),
('ci_session:08d6b38902f7d8e234f52b74e4413ea4', '::1', '2025-10-31 06:44:17', 0x5f5f63695f6c6173745f726567656e65726174657c693a313736313839333035353b5f63695f70726576696f75735f75726c7c733a34353a22687474703a2f2f6c6f63616c686f73742f6268617669636c69656e74732f696e6465782e7068702f6c6f67696e223b757365725f69647c733a323a223437223b66697273745f6e616d657c733a343a2272616a61223b6c6173745f6e616d657c733a333a2272616d223b656d61696c7c733a32353a22636c69656e747372696e697661736140676d61696c2e636f6d223b726f6c655f69647c733a313a2234223b726f6c655f6e616d657c733a31343a22436c69656e74204d616e61676572223b636c69656e745f69647c4e3b656d706c6f7965655f69647c4e3b69734c6f67676564496e7c623a313b6572726f727c733a32393a22436c69656e7420696e666f726d6174696f6e206e6f7420666f756e642e223b5f5f63695f766172737c613a313a7b733a353a226572726f72223b733a333a226f6c64223b7d),
('ci_session:e191b7a3174021c7e3407de2967e11df', '::1', '2025-10-31 06:50:53', 0x5f5f63695f6c6173745f726567656e65726174657c693a313736313839333435333b5f63695f70726576696f75735f75726c7c733a34353a22687474703a2f2f6c6f63616c686f73742f6268617669636c69656e74732f696e6465782e7068702f6c6f67696e223b757365725f69647c733a323a223437223b66697273745f6e616d657c733a343a2272616a61223b6c6173745f6e616d657c733a333a2272616d223b656d61696c7c733a32353a22636c69656e747372696e697661736140676d61696c2e636f6d223b726f6c655f69647c733a313a2234223b726f6c655f6e616d657c733a31343a22436c69656e74204d616e61676572223b636c69656e745f69647c4e3b656d706c6f7965655f69647c4e3b69734c6f67676564496e7c623a313b6572726f727c733a32393a22436c69656e7420696e666f726d6174696f6e206e6f7420666f756e642e223b5f5f63695f766172737c613a313a7b733a353a226572726f72223b733a333a226e6577223b7d),
('ci_session:ef203e63cc2ce0d98d000da8db63821c', '::1', '2025-10-31 06:55:54', 0x5f5f63695f6c6173745f726567656e65726174657c693a313736313839333735343b5f63695f70726576696f75735f75726c7c733a35363a22687474703a2f2f6c6f63616c686f73742f6268617669636c69656e74732f696e6465782e7068702f636c69656e742d64617368626f617264223b757365725f69647c733a323a223437223b66697273745f6e616d657c733a343a2272616a61223b6c6173745f6e616d657c733a333a2272616d223b656d61696c7c733a32353a22636c69656e747372696e697661736140676d61696c2e636f6d223b726f6c655f69647c733a313a2234223b726f6c655f6e616d657c733a31343a22436c69656e74204d616e61676572223b636c69656e745f69647c4e3b656d706c6f7965655f69647c4e3b69734c6f67676564496e7c623a313b6572726f727c733a32393a22436c69656e7420696e666f726d6174696f6e206e6f7420666f756e642e223b5f5f63695f766172737c613a313a7b733a353a226572726f72223b733a333a226e6577223b7d),
('ci_session:cdbca761163523597f4e2fa39a807775', '::1', '2025-10-31 07:07:04', 0x5f5f63695f6c6173745f726567656e65726174657c693a313736313839343432343b5f63695f70726576696f75735f75726c7c733a34393a22687474703a2f2f6c6f63616c686f73742f6268617669636c69656e74732f696e6465782e7068702f64617368626f617264223b757365725f69647c733a323a223436223b66697273745f6e616d657c733a353a2261646d696e223b6c6173745f6e616d657c733a373a226d616e61676572223b656d61696c7c733a32323a2261646d696e6d616e6167657240676d61696c2e636f6d223b726f6c655f69647c733a313a2235223b726f6c655f6e616d657c733a31333a2241646d696e204d616e61676572223b636c69656e745f69647c4e3b656d706c6f7965655f69647c4e3b69734c6f67676564496e7c623a313b),
('ci_session:bd5f7ee282e5bd4fb9d35f2b6ced7b24', '::1', '2025-10-31 07:07:15', 0x5f5f63695f6c6173745f726567656e65726174657c693a313736313839343433353b5f63695f70726576696f75735f75726c7c733a35363a22687474703a2f2f6c6f63616c686f73742f6268617669636c69656e74732f696e6465782e7068702f636c69656e742d64617368626f617264223b757365725f69647c733a323a223430223b66697273745f6e616d657c733a343a2252616a75223b6c6173745f6e616d657c733a353a226b6972616e223b656d61696c7c733a31393a227372696e697661736140676d61696c2e636f6d223b726f6c655f69647c733a313a2233223b726f6c655f6e616d657c733a373a22436c69656e7473223b636c69656e745f69647c733a323a223139223b656d706c6f7965655f69647c4e3b69734c6f67676564496e7c623a313b),
('ci_session:fafa38f6f17d91d40da42878bd0d290a', '::1', '2025-10-31 07:01:54', 0x5f5f63695f6c6173745f726567656e65726174657c693a313736313839343131343b5f63695f70726576696f75735f75726c7c733a35323a22687474703a2f2f6c6f63616c686f73742f6268617669636c69656e74732f696e6465782e7068702f73656c662d75706c6f616473223b757365725f69647c733a323a223437223b66697273745f6e616d657c733a343a2272616a61223b6c6173745f6e616d657c733a333a2272616d223b656d61696c7c733a32353a22636c69656e747372696e697661736140676d61696c2e636f6d223b726f6c655f69647c733a313a2234223b726f6c655f6e616d657c733a31343a22436c69656e74204d616e61676572223b636c69656e745f69647c4e3b656d706c6f7965655f69647c4e3b69734c6f67676564496e7c623a313b5f5f63695f766172737c613a303a7b7d),
('ci_session:8703c34971fe62c9f4851783c2011d7c', '::1', '2025-10-31 07:07:09', 0x5f5f63695f6c6173745f726567656e65726174657c693a313736313839343432393b5f63695f70726576696f75735f75726c7c733a35383a22687474703a2f2f6c6f63616c686f73742f6268617669636c69656e74732f696e6465782e7068702f636c69656e742d6d61696e74656e616e6365223b757365725f69647c733a323a223437223b66697273745f6e616d657c733a343a2272616a61223b6c6173745f6e616d657c733a333a2272616d223b656d61696c7c733a32353a22636c69656e747372696e697661736140676d61696c2e636f6d223b726f6c655f69647c733a313a2234223b726f6c655f6e616d657c733a31343a22436c69656e74204d616e61676572223b636c69656e745f69647c4e3b656d706c6f7965655f69647c4e3b69734c6f67676564496e7c623a313b5f5f63695f766172737c613a303a7b7d),
('ci_session:bad358a6af34b46ec8dd53350d750745', '::1', '2025-10-31 07:21:54', 0x5f5f63695f6c6173745f726567656e65726174657c693a313736313839353331343b5f63695f70726576696f75735f75726c7c733a34393a22687474703a2f2f6c6f63616c686f73742f6268617669636c69656e74732f696e6465782e7068702f64617368626f617264223b757365725f69647c733a323a223436223b66697273745f6e616d657c733a353a2261646d696e223b6c6173745f6e616d657c733a373a226d616e61676572223b656d61696c7c733a32323a2261646d696e6d616e6167657240676d61696c2e636f6d223b726f6c655f69647c733a313a2235223b726f6c655f6e616d657c733a31333a2241646d696e204d616e61676572223b636c69656e745f69647c4e3b656d706c6f7965655f69647c4e3b69734c6f67676564496e7c623a313b),
('ci_session:51beee9efd8a012707fabc9bc2ec384a', '::1', '2025-10-31 07:20:40', 0x5f5f63695f6c6173745f726567656e65726174657c693a313736313839353234303b5f63695f70726576696f75735f75726c7c733a35383a22687474703a2f2f6c6f63616c686f73742f6268617669636c69656e74732f696e6465782e7068702f636c69656e742d6d61696e74656e616e6365223b757365725f69647c733a323a223437223b66697273745f6e616d657c733a343a2272616a61223b6c6173745f6e616d657c733a333a2272616d223b656d61696c7c733a32353a22636c69656e747372696e697661736140676d61696c2e636f6d223b726f6c655f69647c733a313a2234223b726f6c655f6e616d657c733a31343a22436c69656e74204d616e61676572223b636c69656e745f69647c4e3b656d706c6f7965655f69647c4e3b69734c6f67676564496e7c623a313b5f5f63695f766172737c613a303a7b7d),
('ci_session:e352b16cc57ea38f78fda41efe5959a7', '::1', '2025-10-31 07:20:45', 0x5f5f63695f6c6173745f726567656e65726174657c693a313736313839353234353b5f63695f70726576696f75735f75726c7c733a35363a22687474703a2f2f6c6f63616c686f73742f6268617669636c69656e74732f696e6465782e7068702f636c69656e742d64617368626f617264223b757365725f69647c733a323a223430223b66697273745f6e616d657c733a343a2252616a75223b6c6173745f6e616d657c733a353a226b6972616e223b656d61696c7c733a31393a227372696e697661736140676d61696c2e636f6d223b726f6c655f69647c733a313a2233223b726f6c655f6e616d657c733a373a22436c69656e7473223b636c69656e745f69647c733a323a223139223b656d706c6f7965655f69647c4e3b69734c6f67676564496e7c623a313b),
('ci_session:7ddc19953b3bc0e99ae9da83ad7bd801', '::1', '2025-10-31 07:21:50', 0x5f5f63695f6c6173745f726567656e65726174657c693a313736313839353234303b5f63695f70726576696f75735f75726c7c733a34373a22687474703a2f2f6c6f63616c686f73742f6268617669636c69656e74732f696e6465782e7068702f70726f66696c65223b757365725f69647c733a323a223437223b66697273745f6e616d657c733a343a2272616a61223b6c6173745f6e616d657c733a333a2272616d223b656d61696c7c733a32353a22636c69656e747372696e697661736140676d61696c2e636f6d223b726f6c655f69647c733a313a2234223b726f6c655f6e616d657c733a31343a22436c69656e74204d616e61676572223b636c69656e745f69647c4e3b656d706c6f7965655f69647c4e3b69734c6f67676564496e7c623a313b5f5f63695f766172737c613a303a7b7d),
('ci_session:097fd36379c4ac07c20b6b3765c2cfa2', '::1', '2025-10-31 09:05:05', 0x5f5f63695f6c6173745f726567656e65726174657c693a313736313930313530353b5f63695f70726576696f75735f75726c7c733a35383a22687474703a2f2f6c6f63616c686f73742f6268617669636c69656e74732f696e6465782e7068702f636c69656e742d6d61696e74656e616e6365223b757365725f69647c733a323a223430223b66697273745f6e616d657c733a343a2252616a75223b6c6173745f6e616d657c733a353a226b6972616e223b656d61696c7c733a31393a227372696e697661736140676d61696c2e636f6d223b726f6c655f69647c733a313a2233223b726f6c655f6e616d657c733a373a22436c69656e7473223b636c69656e745f69647c733a323a223139223b656d706c6f7965655f69647c4e3b69734c6f67676564496e7c623a313b5f5f63695f766172737c613a303a7b7d),
('ci_session:429556ab3747b3e6d293262e68fd9a8c', '::1', '2025-10-31 07:53:38', 0x5f5f63695f6c6173745f726567656e65726174657c693a313736313839373231383b5f63695f70726576696f75735f75726c7c733a35383a22687474703a2f2f6c6f63616c686f73742f6268617669636c69656e74732f696e6465782e7068702f656d706c6f7965652d64617368626f617264223b757365725f69647c733a323a223435223b66697273745f6e616d657c733a363a2272616d657368223b6c6173745f6e616d657c733a353a2270696c6c69223b656d61696c7c733a31363a2272616d65736840676d61696c2e636f6d223b726f6c655f69647c733a313a2232223b726f6c655f6e616d657c733a383a22456d706c6f796565223b636c69656e745f69647c4e3b656d706c6f7965655f69647c733a323a223233223b69734c6f67676564496e7c623a313b),
('ci_session:3837b70b5310ccdb643482dca34d6290', '::1', '2025-10-31 07:31:49', 0x5f5f63695f6c6173745f726567656e65726174657c693a313736313839353930393b5f63695f70726576696f75735f75726c7c733a34383a22687474703a2f2f6c6f63616c686f73742f6268617669636c69656e74732f696e6465782e7068702f656d706c6f796565223b757365725f69647c733a323a223436223b66697273745f6e616d657c733a353a2261646d696e223b6c6173745f6e616d657c733a373a226d616e61676572223b656d61696c7c733a32323a2261646d696e6d616e6167657240676d61696c2e636f6d223b726f6c655f69647c733a313a2235223b726f6c655f6e616d657c733a31333a2241646d696e204d616e61676572223b636c69656e745f69647c4e3b656d706c6f7965655f69647c4e3b69734c6f67676564496e7c623a313b5f5f63695f766172737c613a303a7b7d),
('ci_session:1ad69ec08afa8ca6d49df2a02528445e', '::1', '2025-10-31 07:37:39', 0x5f5f63695f6c6173745f726567656e65726174657c693a313736313839363235393b5f63695f70726576696f75735f75726c7c733a34383a22687474703a2f2f6c6f63616c686f73742f6268617669636c69656e74732f696e6465782e7068702f656d706c6f796565223b757365725f69647c733a323a223436223b66697273745f6e616d657c733a353a2261646d696e223b6c6173745f6e616d657c733a373a226d616e61676572223b656d61696c7c733a32323a2261646d696e6d616e6167657240676d61696c2e636f6d223b726f6c655f69647c733a313a2235223b726f6c655f6e616d657c733a31333a2241646d696e204d616e61676572223b636c69656e745f69647c4e3b656d706c6f7965655f69647c4e3b69734c6f67676564496e7c623a313b5f5f63695f766172737c613a303a7b7d),
('ci_session:2875acf58d48a0c69db3b88b6dd24c68', '::1', '2025-10-31 07:43:38', 0x5f5f63695f6c6173745f726567656e65726174657c693a313736313839363631383b5f63695f70726576696f75735f75726c7c733a34383a22687474703a2f2f6c6f63616c686f73742f6268617669636c69656e74732f696e6465782e7068702f656d706c6f796565223b757365725f69647c733a323a223436223b66697273745f6e616d657c733a353a2261646d696e223b6c6173745f6e616d657c733a373a226d616e61676572223b656d61696c7c733a32323a2261646d696e6d616e6167657240676d61696c2e636f6d223b726f6c655f69647c733a313a2235223b726f6c655f6e616d657c733a31333a2241646d696e204d616e61676572223b636c69656e745f69647c4e3b656d706c6f7965655f69647c4e3b69734c6f67676564496e7c623a313b5f5f63695f766172737c613a303a7b7d),
('ci_session:fbad98b9643f32c49122f233cac3e743', '::1', '2025-10-31 07:45:50', 0x5f5f63695f6c6173745f726567656e65726174657c693a313736313839363735303b5f63695f70726576696f75735f75726c7c733a35333a22687474703a2f2f6c6f63616c686f73742f6268617669636c69656e74732f696e6465782e7068702f636c69656e742d7265706f7274223b757365725f69647c733a313a2231223b66697273745f6e616d657c733a393a22626861766920707674223b6c6173745f6e616d657c733a393a226372656174696f6e73223b656d61696c7c733a313a2220223b726f6c655f69647c733a313a2231223b726f6c655f6e616d657c733a353a2241646d696e223b636c69656e745f69647c4e3b656d706c6f7965655f69647c4e3b69734c6f67676564496e7c623a313b5f5f63695f766172737c613a303a7b7d),
('ci_session:2d2f095f520202d72eacbf9a327b4b38', '::1', '2025-10-31 07:49:12', 0x5f5f63695f6c6173745f726567656e65726174657c693a313736313839363935323b5f63695f70726576696f75735f75726c7c733a35343a22687474703a2f2f6c6f63616c686f73742f6268617669636c69656e74732f696e6465782e7068702f636c69656e742d75706c6f616473223b757365725f69647c733a323a223436223b66697273745f6e616d657c733a353a2261646d696e223b6c6173745f6e616d657c733a373a226d616e61676572223b656d61696c7c733a32323a2261646d696e6d616e6167657240676d61696c2e636f6d223b726f6c655f69647c733a313a2235223b726f6c655f6e616d657c733a31333a2241646d696e204d616e61676572223b636c69656e745f69647c4e3b656d706c6f7965655f69647c4e3b69734c6f67676564496e7c623a313b5f5f63695f766172737c613a303a7b7d),
('ci_session:5a6d28a5d99cbbcfb3efa741770738c0', '::1', '2025-10-31 07:53:00', 0x5f5f63695f6c6173745f726567656e65726174657c693a313736313839373138303b5f63695f70726576696f75735f75726c7c733a35333a22687474703a2f2f6c6f63616c686f73742f6268617669636c69656e74732f696e6465782e7068702f636c69656e742d7265706f7274223b757365725f69647c733a313a2231223b66697273745f6e616d657c733a393a22626861766920707674223b6c6173745f6e616d657c733a393a226372656174696f6e73223b656d61696c7c733a313a2220223b726f6c655f69647c733a313a2231223b726f6c655f6e616d657c733a353a2241646d696e223b636c69656e745f69647c4e3b656d706c6f7965655f69647c4e3b69734c6f67676564496e7c623a313b5f5f63695f766172737c613a303a7b7d),
('ci_session:24d4fb360ebc3a58f1ba92e1f3c78f8c', '::1', '2025-10-31 07:54:36', 0x5f5f63695f6c6173745f726567656e65726174657c693a313736313839373237363b5f63695f70726576696f75735f75726c7c733a34373a22687474703a2f2f6c6f63616c686f73742f6268617669636c69656e74732f696e6465782e7068702f70726f66696c65223b757365725f69647c733a323a223436223b66697273745f6e616d657c733a353a2261646d696e223b6c6173745f6e616d657c733a373a226d616e61676572223b656d61696c7c733a32323a2261646d696e6d616e6167657240676d61696c2e636f6d223b726f6c655f69647c733a313a2235223b726f6c655f6e616d657c733a31333a2241646d696e204d616e61676572223b636c69656e745f69647c4e3b656d706c6f7965655f69647c4e3b69734c6f67676564496e7c623a313b5f5f63695f766172737c613a303a7b7d),
('ci_session:5196e4f4031a9ab92e29c9391fb2b2e5', '::1', '2025-10-31 08:01:35', 0x5f5f63695f6c6173745f726567656e65726174657c693a313736313839373639353b5f63695f70726576696f75735f75726c7c733a34383a22687474703a2f2f6c6f63616c686f73742f6268617669636c69656e74732f696e6465782e7068702f656d706c6f796565223b757365725f69647c733a313a2231223b66697273745f6e616d657c733a393a22626861766920707674223b6c6173745f6e616d657c733a393a226372656174696f6e73223b656d61696c7c733a313a2220223b726f6c655f69647c733a313a2231223b726f6c655f6e616d657c733a353a2241646d696e223b636c69656e745f69647c4e3b656d706c6f7965655f69647c4e3b69734c6f67676564496e7c623a313b5f5f63695f766172737c613a303a7b7d),
('ci_session:f3d991d7ef426516fa47a4ac1078f776', '::1', '2025-10-31 08:02:09', 0x5f5f63695f6c6173745f726567656e65726174657c693a313736313839373732393b5f63695f70726576696f75735f75726c7c733a35303a22687474703a2f2f6c6f63616c686f73742f6268617669636c69656e74732f696e6465782e7068702f6d792d64657461696c73223b757365725f69647c733a323a223435223b66697273745f6e616d657c733a363a2272616d657368223b6c6173745f6e616d657c733a353a2270696c6c69223b656d61696c7c733a31363a2272616d65736840676d61696c2e636f6d223b726f6c655f69647c733a313a2232223b726f6c655f6e616d657c733a383a22456d706c6f796565223b636c69656e745f69647c4e3b656d706c6f7965655f69647c733a323a223233223b69734c6f67676564496e7c623a313b5f5f63695f766172737c613a303a7b7d),
('ci_session:c67acd6c38b0e67927f53d4c4814f6f8', '::1', '2025-10-31 08:01:31', 0x5f5f63695f6c6173745f726567656e65726174657c693a313736313839373639313b5f63695f70726576696f75735f75726c7c733a34373a22687474703a2f2f6c6f63616c686f73742f6268617669636c69656e74732f696e6465782e7068702f70726f66696c65223b757365725f69647c733a323a223436223b66697273745f6e616d657c733a353a2261646d696e223b6c6173745f6e616d657c733a373a226d616e61676572223b656d61696c7c733a32323a2261646d696e6d616e6167657240676d61696c2e636f6d223b726f6c655f69647c733a313a2235223b726f6c655f6e616d657c733a31333a2241646d696e204d616e61676572223b636c69656e745f69647c4e3b656d706c6f7965655f69647c4e3b69734c6f67676564496e7c623a313b5f5f63695f766172737c613a303a7b7d),
('ci_session:76a4541ce829cc540e83869fefcc6525', '::1', '2025-10-31 09:10:05', 0x5f5f63695f6c6173745f726567656e65726174657c693a313736313930313830353b5f63695f70726576696f75735f75726c7c733a34373a22687474703a2f2f6c6f63616c686f73742f6268617669636c69656e74732f696e6465782e7068702f70726f66696c65223b757365725f69647c733a323a223436223b66697273745f6e616d657c733a353a2261646d696e223b6c6173745f6e616d657c733a373a226d616e61676572223b656d61696c7c733a32323a2261646d696e6d616e6167657240676d61696c2e636f6d223b726f6c655f69647c733a313a2235223b726f6c655f6e616d657c733a31333a2241646d696e204d616e61676572223b636c69656e745f69647c4e3b656d706c6f7965655f69647c4e3b69734c6f67676564496e7c623a313b5f5f63695f766172737c613a303a7b7d),
('ci_session:7b5b93e89d4baca83de05af3eb42d2b5', '::1', '2025-10-31 09:10:06', 0x5f5f63695f6c6173745f726567656e65726174657c693a313736313930313830363b5f63695f70726576696f75735f75726c7c733a34383a22687474703a2f2f6c6f63616c686f73742f6268617669636c69656e74732f696e6465782e7068702f656d706c6f796565223b757365725f69647c733a313a2231223b66697273745f6e616d657c733a393a22626861766920707674223b6c6173745f6e616d657c733a393a226372656174696f6e73223b656d61696c7c733a313a2220223b726f6c655f69647c733a313a2231223b726f6c655f6e616d657c733a353a2241646d696e223b636c69656e745f69647c4e3b656d706c6f7965655f69647c4e3b69734c6f67676564496e7c623a313b737563636573737c733a33303a22456d706c6f7965652075706461746564207375636365737366756c6c792e223b5f5f63695f766172737c613a313a7b733a373a2273756363657373223b733a333a226f6c64223b7d),
('ci_session:05b7e502ee2e4d7c86697404f3dfca48', '::1', '2025-10-31 08:02:30', 0x5f5f63695f6c6173745f726567656e65726174657c693a313736313839373733313b5f63695f70726576696f75735f75726c7c733a35383a22687474703a2f2f6c6f63616c686f73742f6268617669636c69656e74732f696e6465782e7068702f656d706c6f7965652d64617368626f617264223b757365725f69647c733a323a223435223b66697273745f6e616d657c733a363a2272616d657368223b6c6173745f6e616d657c733a353a2270696c6c69223b656d61696c7c733a31363a2272616d65736840676d61696c2e636f6d223b726f6c655f69647c733a313a2232223b726f6c655f6e616d657c733a383a22456d706c6f796565223b636c69656e745f69647c4e3b656d706c6f7965655f69647c733a323a223233223b69734c6f67676564496e7c623a313b),
('ci_session:85041dc53e292676428f08b6bb158550', '::1', '2025-10-31 09:11:29', 0x5f5f63695f6c6173745f726567656e65726174657c693a313736313930313838393b5f63695f70726576696f75735f75726c7c733a35323a22687474703a2f2f6c6f63616c686f73742f6268617669636c69656e74732f696e6465782e7068702f776f726b2d75706461746573223b757365725f69647c733a323a223430223b66697273745f6e616d657c733a343a2252616a75223b6c6173745f6e616d657c733a353a226b6972616e223b656d61696c7c733a31393a227372696e697661736140676d61696c2e636f6d223b726f6c655f69647c733a313a2233223b726f6c655f6e616d657c733a373a22436c69656e7473223b636c69656e745f69647c733a323a223139223b656d706c6f7965655f69647c4e3b69734c6f67676564496e7c623a313b),
('ci_session:35d515e0a4980d909859813cb3579e7a', '::1', '2025-10-31 09:15:29', 0x5f5f63695f6c6173745f726567656e65726174657c693a313736313930323132393b5f63695f70726576696f75735f75726c7c733a34373a22687474703a2f2f6c6f63616c686f73742f6268617669636c69656e74732f696e6465782e7068702f70726f66696c65223b757365725f69647c733a323a223436223b66697273745f6e616d657c733a353a2261646d696e223b6c6173745f6e616d657c733a373a226d616e61676572223b656d61696c7c733a32323a2261646d696e6d616e6167657240676d61696c2e636f6d223b726f6c655f69647c733a313a2235223b726f6c655f6e616d657c733a31333a2241646d696e204d616e61676572223b636c69656e745f69647c4e3b656d706c6f7965655f69647c4e3b69734c6f67676564496e7c623a313b5f5f63695f766172737c613a303a7b7d),
('ci_session:6772d6582c746a7f9175cf262765b5b7', '::1', '2025-10-31 09:15:32', 0x5f5f63695f6c6173745f726567656e65726174657c693a313736313930323133323b5f63695f70726576696f75735f75726c7c733a35343a22687474703a2f2f6c6f63616c686f73742f6268617669636c69656e74732f696e6465782e7068702f636c69656e742d75706c6f616473223b757365725f69647c733a313a2231223b66697273745f6e616d657c733a393a22626861766920707674223b6c6173745f6e616d657c733a393a226372656174696f6e73223b656d61696c7c733a313a2220223b726f6c655f69647c733a313a2231223b726f6c655f6e616d657c733a353a2241646d696e223b636c69656e745f69647c4e3b656d706c6f7965655f69647c4e3b69734c6f67676564496e7c623a313b5f5f63695f766172737c613a303a7b7d),
('ci_session:934337872b2cadfbc0530041a3209c43', '::1', '2025-10-31 10:03:16', 0x5f5f63695f6c6173745f726567656e65726174657c693a313736313930343939363b5f63695f70726576696f75735f75726c7c733a35323a22687474703a2f2f6c6f63616c686f73742f6268617669636c69656e74732f696e6465782e7068702f75706c6f61642d66696c6573223b757365725f69647c733a323a223430223b66697273745f6e616d657c733a343a2252616a75223b6c6173745f6e616d657c733a353a226b6972616e223b656d61696c7c733a31393a227372696e697661736140676d61696c2e636f6d223b726f6c655f69647c733a313a2233223b726f6c655f6e616d657c733a373a22436c69656e7473223b636c69656e745f69647c733a323a223139223b656d706c6f7965655f69647c4e3b69734c6f67676564496e7c623a313b5f5f63695f766172737c613a303a7b7d),
('ci_session:5eab44e473e91ea18dabfa9508549162', '::1', '2025-10-31 09:33:56', 0x5f5f63695f6c6173745f726567656e65726174657c693a313736313930333233363b5f63695f70726576696f75735f75726c7c733a34373a22687474703a2f2f6c6f63616c686f73742f6268617669636c69656e74732f696e6465782e7068702f70726f66696c65223b757365725f69647c733a323a223436223b66697273745f6e616d657c733a353a2261646d696e223b6c6173745f6e616d657c733a373a226d616e61676572223b656d61696c7c733a32323a2261646d696e6d616e6167657240676d61696c2e636f6d223b726f6c655f69647c733a313a2235223b726f6c655f6e616d657c733a31333a2241646d696e204d616e61676572223b636c69656e745f69647c4e3b656d706c6f7965655f69647c4e3b69734c6f67676564496e7c623a313b5f5f63695f766172737c613a303a7b7d);
INSERT INTO `ci_sessions` (`id`, `ip_address`, `timestamp`, `data`) VALUES
('ci_session:a6eb8f2661823c8b8b38f61ea57905ad', '::1', '2025-10-31 09:29:01', 0x5f5f63695f6c6173745f726567656e65726174657c693a313736313930323934313b5f63695f70726576696f75735f75726c7c733a36323a22687474703a2f2f6c6f63616c686f73742f6268617669636c69656e74732f696e6465782e7068702f757365722d6d616e6167656d656e742f637265617465223b757365725f69647c733a313a2231223b66697273745f6e616d657c733a393a22626861766920707674223b6c6173745f6e616d657c733a393a226372656174696f6e73223b656d61696c7c733a313a2220223b726f6c655f69647c733a313a2231223b726f6c655f6e616d657c733a353a2241646d696e223b636c69656e745f69647c4e3b656d706c6f7965655f69647c4e3b69734c6f67676564496e7c623a313b5f5f63695f766172737c613a303a7b7d),
('ci_session:6fb9aa96d95ff5d1d91a48f9acb72a9a', '::1', '2025-10-31 09:35:17', 0x5f5f63695f6c6173745f726567656e65726174657c693a313736313930333331373b5f63695f70726576696f75735f75726c7c733a36323a22687474703a2f2f6c6f63616c686f73742f6268617669636c69656e74732f696e6465782e7068702f757365722d6d616e6167656d656e742f637265617465223b757365725f69647c733a313a2231223b66697273745f6e616d657c733a393a22626861766920707674223b6c6173745f6e616d657c733a393a226372656174696f6e73223b656d61696c7c733a313a2220223b726f6c655f69647c733a313a2231223b726f6c655f6e616d657c733a353a2241646d696e223b636c69656e745f69647c4e3b656d706c6f7965655f69647c4e3b69734c6f67676564496e7c623a313b5f5f63695f766172737c613a303a7b7d),
('ci_session:343a5e72f74f5b5aa7b55896c170225e', '::1', '2025-10-31 09:40:33', 0x5f5f63695f6c6173745f726567656e65726174657c693a313736313930333633333b5f63695f70726576696f75735f75726c7c733a34373a22687474703a2f2f6c6f63616c686f73742f6268617669636c69656e74732f696e6465782e7068702f70726f66696c65223b757365725f69647c733a323a223436223b66697273745f6e616d657c733a353a2261646d696e223b6c6173745f6e616d657c733a373a226d616e61676572223b656d61696c7c733a32323a2261646d696e6d616e6167657240676d61696c2e636f6d223b726f6c655f69647c733a313a2235223b726f6c655f6e616d657c733a31333a2241646d696e204d616e61676572223b636c69656e745f69647c4e3b656d706c6f7965655f69647c4e3b69734c6f67676564496e7c623a313b5f5f63695f766172737c613a303a7b7d),
('ci_session:ffed6c27ca2caf2d8b1b5388374a49d3', '::1', '2025-10-31 09:41:01', 0x5f5f63695f6c6173745f726567656e65726174657c693a313736313930333636313b5f63695f70726576696f75735f75726c7c733a36323a22687474703a2f2f6c6f63616c686f73742f6268617669636c69656e74732f696e6465782e7068702f757365722d6d616e6167656d656e742f637265617465223b757365725f69647c733a313a2231223b66697273745f6e616d657c733a393a22626861766920707674223b6c6173745f6e616d657c733a393a226372656174696f6e73223b656d61696c7c733a313a2220223b726f6c655f69647c733a313a2231223b726f6c655f6e616d657c733a353a2241646d696e223b636c69656e745f69647c4e3b656d706c6f7965655f69647c4e3b69734c6f67676564496e7c623a313b),
('ci_session:a0faf0ae8f404f5dbc337957e96ebb9b', '::1', '2025-10-31 09:51:55', 0x5f5f63695f6c6173745f726567656e65726174657c693a313736313930343331353b5f63695f70726576696f75735f75726c7c733a34373a22687474703a2f2f6c6f63616c686f73742f6268617669636c69656e74732f696e6465782e7068702f70726f66696c65223b757365725f69647c733a323a223436223b66697273745f6e616d657c733a353a2261646d696e223b6c6173745f6e616d657c733a373a226d616e61676572223b656d61696c7c733a32323a2261646d696e6d616e6167657240676d61696c2e636f6d223b726f6c655f69647c733a313a2235223b726f6c655f6e616d657c733a31333a2241646d696e204d616e61676572223b636c69656e745f69647c4e3b656d706c6f7965655f69647c4e3b69734c6f67676564496e7c623a313b5f5f63695f766172737c613a303a7b7d),
('ci_session:a3c68120ccfea8401530112e2c245d1d', '::1', '2025-10-31 09:52:09', 0x5f5f63695f6c6173745f726567656e65726174657c693a313736313930343332393b5f63695f70726576696f75735f75726c7c733a35343a22687474703a2f2f6c6f63616c686f73742f6268617669636c69656e74732f696e6465782e7068702f636c69656e742f766965772f3234223b757365725f69647c733a313a2231223b66697273745f6e616d657c733a393a22626861766920707674223b6c6173745f6e616d657c733a393a226372656174696f6e73223b656d61696c7c733a313a2220223b726f6c655f69647c733a313a2231223b726f6c655f6e616d657c733a353a2241646d696e223b636c69656e745f69647c4e3b656d706c6f7965655f69647c4e3b69734c6f67676564496e7c623a313b),
('ci_session:7795e1b92430043932bbbefae59d2901', '::1', '2025-10-31 09:53:52', 0x5f5f63695f6c6173745f726567656e65726174657c693a313736313930343433323b5f63695f70726576696f75735f75726c7c733a34353a22687474703a2f2f6c6f63616c686f73742f6268617669636c69656e74732f696e6465782e7068702f6c6f67696e223b6572726f727c733a32393a22496e76616c696420557365726e616d65206f722050617373776f72642e223b5f5f63695f766172737c613a323a7b733a353a226572726f72223b733a333a226f6c64223b733a31333a225f63695f6f6c645f696e707574223b733a333a226f6c64223b7d5f63695f6f6c645f696e7075747c613a323a7b733a333a22676574223b613a303a7b7d733a343a22706f7374223b613a323a7b733a383a22757365726e616d65223b733a33333a226d616e616765725f6131736b6f6e636f6c6f676973747340676d61696c2e636f6d223b733a383a2270617373776f7264223b733a31303a2234343333323231313030223b7d7d),
('ci_session:d7c1d3656a9f697db63ee60b64def556', '::1', '2025-10-31 09:57:08', 0x5f5f63695f6c6173745f726567656e65726174657c693a313736313930343632383b5f63695f70726576696f75735f75726c7c733a34373a22687474703a2f2f6c6f63616c686f73742f6268617669636c69656e74732f696e6465782e7068702f70726f66696c65223b757365725f69647c733a323a223436223b66697273745f6e616d657c733a353a2261646d696e223b6c6173745f6e616d657c733a373a226d616e61676572223b656d61696c7c733a32323a2261646d696e6d616e6167657240676d61696c2e636f6d223b726f6c655f69647c733a313a2235223b726f6c655f6e616d657c733a31333a2241646d696e204d616e61676572223b636c69656e745f69647c4e3b656d706c6f7965655f69647c4e3b69734c6f67676564496e7c623a313b5f5f63695f766172737c613a303a7b7d),
('ci_session:4a69af316659bc05ffb12e438efef0c7', '::1', '2025-10-31 09:58:29', 0x5f5f63695f6c6173745f726567656e65726174657c693a313736313930343730393b5f63695f70726576696f75735f75726c7c733a35343a22687474703a2f2f6c6f63616c686f73742f6268617669636c69656e74732f696e6465782e7068702f636c69656e742f766965772f3235223b757365725f69647c733a313a2231223b66697273745f6e616d657c733a393a22626861766920707674223b6c6173745f6e616d657c733a393a226372656174696f6e73223b656d61696c7c733a313a2220223b726f6c655f69647c733a313a2231223b726f6c655f6e616d657c733a353a2241646d696e223b636c69656e745f69647c4e3b656d706c6f7965655f69647c4e3b69734c6f67676564496e7c623a313b),
('ci_session:6c81bebaf0387f08f3d5c55afb0699b9', '::1', '2025-10-31 10:05:14', 0x5f5f63695f6c6173745f726567656e65726174657c693a313736313930353131343b5f5f63695f766172737c613a303a7b7d5f63695f70726576696f75735f75726c7c733a34353a22687474703a2f2f6c6f63616c686f73742f6268617669636c69656e74732f696e6465782e7068702f6c6f67696e223b),
('ci_session:15a6110485848359b47c9670e11a8f81', '::1', '2025-10-31 10:04:39', 0x5f5f63695f6c6173745f726567656e65726174657c693a313736313930353037393b5f63695f70726576696f75735f75726c7c733a34373a22687474703a2f2f6c6f63616c686f73742f6268617669636c69656e74732f696e6465782e7068702f70726f66696c65223b757365725f69647c733a323a223436223b66697273745f6e616d657c733a353a2261646d696e223b6c6173745f6e616d657c733a373a226d616e61676572223b656d61696c7c733a32323a2261646d696e6d616e6167657240676d61696c2e636f6d223b726f6c655f69647c733a313a2235223b726f6c655f6e616d657c733a31333a2241646d696e204d616e61676572223b636c69656e745f69647c4e3b656d706c6f7965655f69647c4e3b69734c6f67676564496e7c623a313b5f5f63695f766172737c613a303a7b7d),
('ci_session:d0971badf44451d165c0d0cf61defdd9', '::1', '2025-10-31 10:29:07', 0x5f5f63695f6c6173745f726567656e65726174657c693a313736313930363534373b5f63695f70726576696f75735f75726c7c733a34373a22687474703a2f2f6c6f63616c686f73742f6268617669636c69656e74732f696e6465782e7068702f70726f66696c65223b757365725f69647c733a313a2231223b66697273745f6e616d657c733a393a22626861766920707674223b6c6173745f6e616d657c733a393a226372656174696f6e73223b656d61696c7c733a313a2220223b726f6c655f69647c733a313a2231223b726f6c655f6e616d657c733a353a2241646d696e223b636c69656e745f69647c4e3b656d706c6f7965655f69647c4e3b69734c6f67676564496e7c623a313b5f5f63695f766172737c613a303a7b7d),
('ci_session:25c91e1e5c08d8a2c3e2e8a364679350', '::1', '2025-10-31 10:29:50', 0x5f5f63695f6c6173745f726567656e65726174657c693a313736313930363539303b5f63695f70726576696f75735f75726c7c733a34373a22687474703a2f2f6c6f63616c686f73742f6268617669636c69656e74732f696e6465782e7068702f70726f66696c65223b757365725f69647c733a323a223430223b66697273745f6e616d657c733a343a2252616a75223b6c6173745f6e616d657c733a353a226b6972616e223b656d61696c7c733a31393a227372696e697661736140676d61696c2e636f6d223b726f6c655f69647c733a313a2233223b726f6c655f6e616d657c733a373a22436c69656e7473223b636c69656e745f69647c733a323a223139223b656d706c6f7965655f69647c4e3b69734c6f67676564496e7c623a313b5f5f63695f766172737c613a303a7b7d),
('ci_session:7c9beb08aed89bb8ee1e09250954e6e9', '::1', '2025-10-31 10:03:46', 0x5f5f63695f6c6173745f726567656e65726174657c693a313736313930353032323b5f63695f70726576696f75735f75726c7c733a35303a22687474703a2f2f6c6f63616c686f73742f6268617669636c69656e74732f696e6465782e7068702f6d792d64657461696c73223b757365725f69647c733a323a223435223b66697273745f6e616d657c733a363a2272616d657368223b6c6173745f6e616d657c733a353a2270696c6c69223b656d61696c7c733a31363a2272616d65736840676d61696c2e636f6d223b726f6c655f69647c733a313a2232223b726f6c655f6e616d657c733a383a22456d706c6f796565223b636c69656e745f69647c4e3b656d706c6f7965655f69647c733a323a223233223b69734c6f67676564496e7c623a313b5f5f63695f766172737c613a303a7b7d),
('ci_session:379fc8bb4dfb4260112341657dd46537', '::1', '2025-10-31 10:10:25', 0x5f5f63695f6c6173745f726567656e65726174657c693a313736313930353432353b5f63695f70726576696f75735f75726c7c733a34373a22687474703a2f2f6c6f63616c686f73742f6268617669636c69656e74732f696e6465782e7068702f70726f66696c65223b757365725f69647c733a323a223436223b66697273745f6e616d657c733a353a2261646d696e223b6c6173745f6e616d657c733a373a226d616e61676572223b656d61696c7c733a32323a2261646d696e6d616e6167657240676d61696c2e636f6d223b726f6c655f69647c733a313a2235223b726f6c655f6e616d657c733a31333a2241646d696e204d616e61676572223b636c69656e745f69647c4e3b656d706c6f7965655f69647c4e3b69734c6f67676564496e7c623a313b5f5f63695f766172737c613a303a7b7d),
('ci_session:d4d22fe9749e01bfe2871dac7421790f', '::1', '2025-10-31 10:10:29', 0x5f5f63695f6c6173745f726567656e65726174657c693a313736313930353432393b5f63695f70726576696f75735f75726c7c733a35323a22687474703a2f2f6c6f63616c686f73742f6268617669636c69656e74732f696e6465782e7068702f70726f66696c652f65646974223b757365725f69647c733a323a223632223b66697273745f6e616d657c733a353a2276696b6173223b6c6173745f6e616d657c733a303a22223b656d61696c7c733a33323a226d616e616765722e61736b6f6e636f6c6f676973747340676d61696c2e636f6d223b726f6c655f69647c733a313a2234223b726f6c655f6e616d657c733a31343a22436c69656e74204d616e61676572223b636c69656e745f69647c733a323a223235223b656d706c6f7965655f69647c4e3b69734c6f67676564496e7c623a313b5f5f63695f766172737c613a303a7b7d),
('ci_session:b27e0a6ef7603241590574b024af5ffd', '::1', '2025-10-31 10:19:43', 0x5f5f63695f6c6173745f726567656e65726174657c693a313736313930353938333b5f63695f70726576696f75735f75726c7c733a34373a22687474703a2f2f6c6f63616c686f73742f6268617669636c69656e74732f696e6465782e7068702f70726f66696c65223b757365725f69647c733a323a223436223b66697273745f6e616d657c733a353a2261646d696e223b6c6173745f6e616d657c733a373a226d616e61676572223b656d61696c7c733a32323a2261646d696e6d616e6167657240676d61696c2e636f6d223b726f6c655f69647c733a313a2235223b726f6c655f6e616d657c733a31333a2241646d696e204d616e61676572223b636c69656e745f69647c4e3b656d706c6f7965655f69647c4e3b69734c6f67676564496e7c623a313b5f5f63695f766172737c613a303a7b7d),
('ci_session:257f093e00f3d4ba9d5806a7986a73cf', '::1', '2025-10-31 10:24:46', 0x5f5f63695f6c6173745f726567656e65726174657c693a313736313930363238363b5f63695f70726576696f75735f75726c7c733a34373a22687474703a2f2f6c6f63616c686f73742f6268617669636c69656e74732f696e6465782e7068702f70726f66696c65223b757365725f69647c733a323a223436223b66697273745f6e616d657c733a353a2261646d696e223b6c6173745f6e616d657c733a373a226d616e61676572223b656d61696c7c733a32323a2261646d696e6d616e6167657240676d61696c2e636f6d223b726f6c655f69647c733a313a2235223b726f6c655f6e616d657c733a31333a2241646d696e204d616e61676572223b636c69656e745f69647c4e3b656d706c6f7965655f69647c4e3b69734c6f67676564496e7c623a313b5f5f63695f766172737c613a303a7b7d),
('ci_session:b3ab2badf187c2305bfd0baf37eeb11c', '::1', '2025-10-31 10:26:35', 0x5f5f63695f6c6173745f726567656e65726174657c693a313736313930363339353b5f63695f70726576696f75735f75726c7c733a34373a22687474703a2f2f6c6f63616c686f73742f6268617669636c69656e74732f696e6465782e7068702f70726f66696c65223b757365725f69647c733a323a223632223b66697273745f6e616d657c733a353a2276696b6173223b6c6173745f6e616d657c733a303a22223b656d61696c7c733a33323a226d616e616765722e61736b6f6e636f6c6f676973747340676d61696c2e636f6d223b726f6c655f69647c733a313a2234223b726f6c655f6e616d657c733a31343a22436c69656e74204d616e61676572223b636c69656e745f69647c733a323a223235223b656d706c6f7965655f69647c4e3b69734c6f67676564496e7c623a313b5f5f63695f766172737c613a303a7b7d),
('ci_session:c6568125f53a43355d8027c4e73a1dcc', '::1', '2025-10-31 10:32:58', 0x5f5f63695f6c6173745f726567656e65726174657c693a313736313930363737383b5f63695f70726576696f75735f75726c7c733a34373a22687474703a2f2f6c6f63616c686f73742f6268617669636c69656e74732f696e6465782e7068702f70726f66696c65223b757365725f69647c733a323a223436223b66697273745f6e616d657c733a353a2261646d696e223b6c6173745f6e616d657c733a373a226d616e61676572223b656d61696c7c733a32323a2261646d696e6d616e6167657240676d61696c2e636f6d223b726f6c655f69647c733a313a2235223b726f6c655f6e616d657c733a31333a2241646d696e204d616e61676572223b636c69656e745f69647c4e3b656d706c6f7965655f69647c4e3b69734c6f67676564496e7c623a313b5f5f63695f766172737c613a303a7b7d),
('ci_session:d9aba99241a1691bc2b5975dcd1582da', '::1', '2025-10-31 10:26:35', 0x5f5f63695f6c6173745f726567656e65726174657c693a313736313930363339353b5f63695f70726576696f75735f75726c7c733a34373a22687474703a2f2f6c6f63616c686f73742f6268617669636c69656e74732f696e6465782e7068702f70726f66696c65223b757365725f69647c733a323a223632223b66697273745f6e616d657c733a353a2276696b6173223b6c6173745f6e616d657c733a303a22223b656d61696c7c733a33323a226d616e616765722e61736b6f6e636f6c6f676973747340676d61696c2e636f6d223b726f6c655f69647c733a313a2234223b726f6c655f6e616d657c733a31343a22436c69656e74204d616e61676572223b636c69656e745f69647c733a323a223235223b656d706c6f7965655f69647c4e3b69734c6f67676564496e7c623a313b5f5f63695f766172737c613a303a7b7d),
('ci_session:194566d595d8bae07e0012325f07bf49', '::1', '2025-10-31 10:38:05', 0x5f5f63695f6c6173745f726567656e65726174657c693a313736313930373038353b5f63695f70726576696f75735f75726c7c733a34363a22687474703a2f2f6c6f63616c686f73742f6268617669636c69656e74732f696e6465782e7068702f636c69656e74223b757365725f69647c733a313a2231223b66697273745f6e616d657c733a393a22626861766920707674223b6c6173745f6e616d657c733a393a226372656174696f6e73223b656d61696c7c733a313a2220223b726f6c655f69647c733a313a2231223b726f6c655f6e616d657c733a353a2241646d696e223b636c69656e745f69647c4e3b656d706c6f7965655f69647c4e3b69734c6f67676564496e7c623a313b5f5f63695f766172737c613a303a7b7d),
('ci_session:92f7800f99623c31fbb77d0b52f2abbe', '::1', '2025-10-31 10:44:50', 0x5f5f63695f6c6173745f726567656e65726174657c693a313736313930373439303b5f63695f70726576696f75735f75726c7c733a34373a22687474703a2f2f6c6f63616c686f73742f6268617669636c69656e74732f696e6465782e7068702f70726f66696c65223b757365725f69647c733a323a223430223b66697273745f6e616d657c733a343a2252616a75223b6c6173745f6e616d657c733a353a226b6972616e223b656d61696c7c733a31393a227372696e697661736140676d61696c2e636f6d223b726f6c655f69647c733a313a2233223b726f6c655f6e616d657c733a373a22436c69656e7473223b636c69656e745f69647c733a323a223139223b656d706c6f7965655f69647c4e3b69734c6f67676564496e7c623a313b5f5f63695f766172737c613a303a7b7d),
('ci_session:b942e239764c5587f7ba7a347363257b', '::1', '2025-10-31 10:38:57', 0x5f5f63695f6c6173745f726567656e65726174657c693a313736313930373133373b5f63695f70726576696f75735f75726c7c733a34373a22687474703a2f2f6c6f63616c686f73742f6268617669636c69656e74732f696e6465782e7068702f70726f66696c65223b757365725f69647c733a323a223436223b66697273745f6e616d657c733a353a2261646d696e223b6c6173745f6e616d657c733a373a226d616e61676572223b656d61696c7c733a32323a2261646d696e6d616e6167657240676d61696c2e636f6d223b726f6c655f69647c733a313a2235223b726f6c655f6e616d657c733a31333a2241646d696e204d616e61676572223b636c69656e745f69647c4e3b656d706c6f7965655f69647c4e3b69734c6f67676564496e7c623a313b5f5f63695f766172737c613a303a7b7d),
('ci_session:b466a2c8f2229e7a557aba87a935894b', '::1', '2025-10-31 10:44:26', 0x5f5f63695f6c6173745f726567656e65726174657c693a313736313930373436363b5f63695f70726576696f75735f75726c7c733a34363a22687474703a2f2f6c6f63616c686f73742f6268617669636c69656e74732f696e6465782e7068702f636c69656e74223b757365725f69647c733a313a2231223b66697273745f6e616d657c733a393a22626861766920707674223b6c6173745f6e616d657c733a393a226372656174696f6e73223b656d61696c7c733a313a2220223b726f6c655f69647c733a313a2231223b726f6c655f6e616d657c733a353a2241646d696e223b636c69656e745f69647c4e3b656d706c6f7965655f69647c4e3b69734c6f67676564496e7c623a313b5f5f63695f766172737c613a303a7b7d),
('ci_session:e3e5bc5ce2684aa9d2c679e0443fd459', '::1', '2025-10-31 10:44:22', 0x5f5f63695f6c6173745f726567656e65726174657c693a313736313930373436323b5f63695f70726576696f75735f75726c7c733a34373a22687474703a2f2f6c6f63616c686f73742f6268617669636c69656e74732f696e6465782e7068702f70726f66696c65223b757365725f69647c733a323a223436223b66697273745f6e616d657c733a353a2261646d696e223b6c6173745f6e616d657c733a373a226d616e61676572223b656d61696c7c733a32323a2261646d696e6d616e6167657240676d61696c2e636f6d223b726f6c655f69647c733a313a2235223b726f6c655f6e616d657c733a31333a2241646d696e204d616e61676572223b636c69656e745f69647c4e3b656d706c6f7965655f69647c4e3b69734c6f67676564496e7c623a313b5f5f63695f766172737c613a303a7b7d),
('ci_session:1f98ebb41aa1d6d3ebed777278ca7b01', '::1', '2025-10-31 11:19:56', 0x5f5f63695f6c6173745f726567656e65726174657c693a313736313930393539363b5f63695f70726576696f75735f75726c7c733a34373a22687474703a2f2f6c6f63616c686f73742f6268617669636c69656e74732f696e6465782e7068702f70726f66696c65223b757365725f69647c733a323a223436223b66697273745f6e616d657c733a353a2261646d696e223b6c6173745f6e616d657c733a373a226d616e61676572223b656d61696c7c733a32323a2261646d696e6d616e6167657240676d61696c2e636f6d223b726f6c655f69647c733a313a2235223b726f6c655f6e616d657c733a31333a2241646d696e204d616e61676572223b636c69656e745f69647c4e3b656d706c6f7965655f69647c4e3b69734c6f67676564496e7c623a313b5f5f63695f766172737c613a303a7b7d),
('ci_session:b52cf44196fb33eda94b232c70ce7151', '::1', '2025-10-31 11:09:57', 0x5f5f63695f6c6173745f726567656e65726174657c693a313736313930383939373b5f63695f70726576696f75735f75726c7c733a34363a22687474703a2f2f6c6f63616c686f73742f6268617669636c69656e74732f696e6465782e7068702f636c69656e74223b757365725f69647c733a313a2231223b66697273745f6e616d657c733a393a22626861766920707674223b6c6173745f6e616d657c733a393a226372656174696f6e73223b656d61696c7c733a313a2220223b726f6c655f69647c733a313a2231223b726f6c655f6e616d657c733a353a2241646d696e223b636c69656e745f69647c4e3b656d706c6f7965655f69647c4e3b69734c6f67676564496e7c623a313b5f5f63695f766172737c613a303a7b7d),
('ci_session:ae4250d058f963bbdc7eca48b6b5cd6a', '::1', '2025-10-31 11:20:06', 0x5f5f63695f6c6173745f726567656e65726174657c693a313736313930393630363b5f63695f70726576696f75735f75726c7c733a34373a22687474703a2f2f6c6f63616c686f73742f6268617669636c69656e74732f696e6465782e7068702f70726f66696c65223b757365725f69647c733a323a223430223b66697273745f6e616d657c733a343a2252616a75223b6c6173745f6e616d657c733a353a226b6972616e223b656d61696c7c733a31393a227372696e697661736140676d61696c2e636f6d223b726f6c655f69647c733a313a2233223b726f6c655f6e616d657c733a373a22436c69656e7473223b636c69656e745f69647c733a323a223139223b656d706c6f7965655f69647c4e3b69734c6f67676564496e7c623a313b5f5f63695f766172737c613a303a7b7d),
('ci_session:4788f793d92b7cb622333e73033b3ef9', '::1', '2025-10-31 11:28:11', 0x5f5f63695f6c6173745f726567656e65726174657c693a313736313931303039313b5f63695f70726576696f75735f75726c7c733a35333a22687474703a2f2f6c6f63616c686f73742f6268617669636c69656e74732f696e6465782e7068702f636c69656e742f637265617465223b757365725f69647c733a313a2231223b66697273745f6e616d657c733a393a22626861766920707674223b6c6173745f6e616d657c733a393a226372656174696f6e73223b656d61696c7c733a313a2220223b726f6c655f69647c733a313a2231223b726f6c655f6e616d657c733a353a2241646d696e223b636c69656e745f69647c4e3b656d706c6f7965655f69647c4e3b69734c6f67676564496e7c623a313b5f5f63695f766172737c613a303a7b7d),
('ci_session:b86c53022b5a1530a9a9f51afdee5ee6', '::1', '2025-10-31 11:24:04', 0x5f5f63695f6c6173745f726567656e65726174657c693a313736313930393539363b5f63695f70726576696f75735f75726c7c733a34373a22687474703a2f2f6c6f63616c686f73742f6268617669636c69656e74732f696e6465782e7068702f70726f66696c65223b757365725f69647c733a323a223436223b66697273745f6e616d657c733a353a2261646d696e223b6c6173745f6e616d657c733a373a226d616e61676572223b656d61696c7c733a32323a2261646d696e6d616e6167657240676d61696c2e636f6d223b726f6c655f69647c733a313a2235223b726f6c655f6e616d657c733a31333a2241646d696e204d616e61676572223b636c69656e745f69647c4e3b656d706c6f7965655f69647c4e3b69734c6f67676564496e7c623a313b5f5f63695f766172737c613a303a7b7d),
('ci_session:b6a33e6904b5c4a4101124169cc589d2', '::1', '2025-10-31 11:22:40', 0x5f5f63695f6c6173745f726567656e65726174657c693a313736313930393630363b5f63695f70726576696f75735f75726c7c733a36333a22687474703a2f2f6c6f63616c686f73742f6268617669636c69656e74732f696e6465782e7068702f70726f66696c652f6368616e67652d70617373776f7264223b757365725f69647c733a323a223430223b66697273745f6e616d657c733a343a2252616a75223b6c6173745f6e616d657c733a353a226b6972616e223b656d61696c7c733a31393a227372696e697661736140676d61696c2e636f6d223b726f6c655f69647c733a313a2233223b726f6c655f6e616d657c733a373a22436c69656e7473223b636c69656e745f69647c733a323a223139223b656d706c6f7965655f69647c4e3b69734c6f67676564496e7c623a313b5f5f63695f766172737c613a303a7b7d),
('ci_session:7ff9240b40c3b0ef128a08c8dfc27959', '::1', '2025-10-31 11:24:14', 0x5f5f63695f6c6173745f726567656e65726174657c693a313736313930393738313b5f63695f70726576696f75735f75726c7c733a36323a22687474703a2f2f6c6f63616c686f73742f6268617669636c69656e74732f696e6465782e7068702f656d706c6f7965652d636c69656e742d617373657473223b757365725f69647c733a323a223435223b66697273745f6e616d657c733a363a2272616d657368223b6c6173745f6e616d657c733a353a2270696c6c69223b656d61696c7c733a31363a2272616d65736840676d61696c2e636f6d223b726f6c655f69647c733a313a2232223b726f6c655f6e616d657c733a383a22456d706c6f796565223b636c69656e745f69647c4e3b656d706c6f7965655f69647c733a323a223233223b69734c6f67676564496e7c623a313b5f5f63695f766172737c613a303a7b7d),
('ci_session:6fadfdc9a16f14353beabaccbe10448d', '::1', '2025-10-31 11:28:21', 0x5f5f63695f6c6173745f726567656e65726174657c693a313736313931303039313b5f63695f70726576696f75735f75726c7c733a34393a22687474703a2f2f6c6f63616c686f73742f6268617669636c69656e74732f696e6465782e7068702f64617368626f617264223b757365725f69647c733a313a2231223b66697273745f6e616d657c733a393a22626861766920707674223b6c6173745f6e616d657c733a393a226372656174696f6e73223b656d61696c7c733a313a2220223b726f6c655f69647c733a313a2231223b726f6c655f6e616d657c733a353a2241646d696e223b636c69656e745f69647c4e3b656d706c6f7965655f69647c4e3b69734c6f67676564496e7c623a313b);

-- --------------------------------------------------------

--
-- Table structure for table `clients`
--

CREATE TABLE `clients` (
  `id` int(11) UNSIGNED NOT NULL,
  `user_id` bigint(20) UNSIGNED DEFAULT NULL,
  `client_manager_id` int(11) UNSIGNED DEFAULT NULL,
  `name` varchar(255) NOT NULL,
  `owner_first_name` varchar(100) NOT NULL,
  `owner_last_name` varchar(100) NOT NULL,
  `email` varchar(255) NOT NULL,
  `phone` varchar(20) DEFAULT NULL,
  `manager_name` varchar(100) DEFAULT NULL,
  `manager_phone` varchar(20) DEFAULT NULL,
  `reference` varchar(255) DEFAULT NULL,
  `started_date` date DEFAULT NULL,
  `remarks` text DEFAULT NULL,
  `role_id` int(11) UNSIGNED NOT NULL DEFAULT 3,
  `created_at` datetime DEFAULT NULL,
  `updated_at` datetime DEFAULT NULL
) ENGINE=InnoDB DEFAULT CHARSET=utf8mb4 COLLATE=utf8mb4_general_ci;

--
-- Dumping data for table `clients`
--

INSERT INTO `clients` (`id`, `user_id`, `client_manager_id`, `name`, `owner_first_name`, `owner_last_name`, `email`, `phone`, `manager_name`, `manager_phone`, `reference`, `started_date`, `remarks`, `role_id`, `created_at`, `updated_at`) VALUES
(15, 31, NULL, 'Vk Constructions', 'Rajus', 'Abhiram', 'ramarwavo@gmail.com', '9879879871', NULL, NULL, NULL, NULL, NULL, 3, '2025-10-24 14:58:59', '2025-10-24 14:58:59'),
(16, 32, NULL, 'fbsrbse', 'rearega', 'araear', 'ramargrravo@gmail.com', '9879879222', NULL, NULL, NULL, NULL, NULL, 3, '2025-10-24 14:59:16', '2025-10-24 14:59:16'),
(18, 34, NULL, 'raja ram cottons', 'rerger', 'erqgqerg', 'ragnork@gmail.com', '9879879855', NULL, NULL, NULL, NULL, NULL, 3, '2025-10-24 15:48:34', '2025-10-25 18:03:19'),
(19, 40, 47, 'Srinivasa Dental', 'Raju', 'kiran', 'srinivasa@gmail.com', '9705605209', 'Abhiram', '1144778833', 'none', '2024-01-01', 'this is the remarks\r\n', 3, '2025-10-25 17:40:23', '2025-10-31 11:40:22'),
(20, 49, NULL, 'Vision Dental', 'Anand', 'raja', 'vision@gmail.com', '1876543210', 'mani', '3698520147', 'srinivasa', '2025-10-29', 'this is the remarks\r\n', 3, '2025-10-30 10:46:21', '2025-10-30 10:47:16'),
(25, 61, 62, 'Ask Oncologist', 'Pradeep ', 'Bhasker', 'askoncologists@gmail.com', '9988776655', 'vikas', '4433221100', 'none', '2024-01-02', 'tthis is the remarks\r\n', 3, '2025-10-31 15:23:37', '2025-10-31 15:23:37');

-- --------------------------------------------------------

--
-- Table structure for table `client_assets`
--

CREATE TABLE `client_assets` (
  `id` int(11) UNSIGNED NOT NULL,
  `client_id` int(11) UNSIGNED NOT NULL,
  `logo_file` varchar(255) DEFAULT NULL,
  `template_files` longtext DEFAULT NULL COMMENT 'JSON array of template files',
  `social_media` longtext DEFAULT NULL COMMENT 'JSON array of social media links',
  `remarks` text DEFAULT NULL,
  `uploaded_by` bigint(20) UNSIGNED DEFAULT NULL,
  `created_at` datetime DEFAULT current_timestamp(),
  `updated_at` datetime DEFAULT current_timestamp() ON UPDATE current_timestamp()
) ENGINE=InnoDB DEFAULT CHARSET=utf8mb4 COLLATE=utf8mb4_unicode_ci;

--
-- Dumping data for table `client_assets`
--

INSERT INTO `client_assets` (`id`, `client_id`, `logo_file`, `template_files`, `social_media`, `remarks`, `uploaded_by`, `created_at`, `updated_at`) VALUES
(1, 19, '1761885751_1761885751_d1fcc179fd520ca9af48.jpg', '[\"1761885679_1761885679_f3ebe0284ac07efd7df4.jpg\",\"1761885679_1761885679_afa5ae0d0962a124b6f5.png\"]', '[{\"platform\":\"instagram\",\"link\":\"https:\\/\\/bhavicreationspvtltd.com\\/\"},{\"platform\":\"website\",\"link\":\"https:\\/\\/srinivasadentalkakinada.com\\/\"}]', 'this is the remarks', 46, '2025-10-31 10:11:19', '2025-10-31 10:12:31');

-- --------------------------------------------------------

--
-- Table structure for table `client_files`
--

CREATE TABLE `client_files` (
  `id` int(11) UNSIGNED NOT NULL,
  `client_id` int(11) UNSIGNED NOT NULL,
  `file_name` varchar(255) NOT NULL,
  `original_name` varchar(255) DEFAULT NULL,
  `file_type` varchar(100) NOT NULL,
  `file_size` int(11) NOT NULL,
  `uploaded_by` varchar(50) DEFAULT 'admin',
  `uploaded_at` datetime DEFAULT current_timestamp()
) ENGINE=InnoDB DEFAULT CHARSET=utf8 COLLATE=utf8_general_ci;

--
-- Dumping data for table `client_files`
--

INSERT INTO `client_files` (`id`, `client_id`, `file_name`, `original_name`, `file_type`, `file_size`, `uploaded_by`, `uploaded_at`) VALUES
(10, 18, 'estimation of cctv.xlsx', NULL, 'application/vnd.openxmlformats-officedocument.spreadsheetml.sheet', 13675, 'admin', '2025-10-24 16:25:04'),
(11, 18, 'shangai times Option -1.xlsx', NULL, 'application/vnd.openxmlformats-officedocument.spreadsheetml.sheet', 13885, 'admin', '2025-10-24 16:29:25'),
(12, 18, 'Office Management System  Bhavi Creations (1).xlsx', NULL, 'application/vnd.openxmlformats-officedocument.spreadsheetml.sheet', 70538, 'admin', '2025-10-24 16:36:17'),
(21, 19, '1761395906_eae68216574e3ce52cea.xlsx', 'estimation of cctv (3) (1).xlsx', 'application/vnd.openxmlformats-officedocument.spreadsheetml.sheet', 13675, 'admin', '2025-10-25 18:08:26'),
(22, 19, '1761395906_f1140535785d8e948364.xlsx', 'Distributors_Excel_Export_20250619 (1) (1) (1).xlsx', 'application/vnd.openxmlformats-officedocument.spreadsheetml.sheet', 6639, 'admin', '2025-10-25 18:08:26'),
(23, 19, '1761395954_de1ea4ba11fd25c79009.mp4', 'kids playing.mp4', 'video/mp4', 1885238, 'client', '2025-10-25 18:09:14'),
(25, 18, '1761396381_53ac99585d2e010636b1.mp4', 'kids playing (1).mp4', 'video/mp4', 1885238, 'client', '2025-10-25 18:16:21'),
(27, 19, '1761549416_535a2e11e1a5640a4d02.mp4', 'kids playing (1).mp4', 'video/mp4', 1885238, '19', '2025-10-27 12:46:56'),
(28, 19, '1761549416_a48d372f750d813bb3af.mp4', 'back to school.mp4', 'video/mp4', 4971033, '19', '2025-10-27 12:46:56'),
(29, 19, '1761551853_a53cdb0fb410290691c4.mp4', 'kids playing (1).mp4', 'video/mp4', 1885238, '19', '2025-10-27 13:27:33');

-- --------------------------------------------------------

--
-- Table structure for table `client_payments`
--

CREATE TABLE `client_payments` (
  `id` int(11) UNSIGNED NOT NULL,
  `client_id` int(11) UNSIGNED NOT NULL,
  `payment_type` enum('advance','installment','final') NOT NULL DEFAULT 'installment',
  `amount` decimal(10,2) NOT NULL,
  `payment_date` date NOT NULL,
  `payment_method` varchar(50) DEFAULT NULL COMMENT 'Cash, UPI, Bank Transfer, etc',
  `transaction_reference` varchar(100) DEFAULT NULL COMMENT 'Transaction ID or Reference Number',
  `remarks` text DEFAULT NULL,
  `created_at` datetime DEFAULT current_timestamp(),
  `updated_at` datetime DEFAULT current_timestamp() ON UPDATE current_timestamp()
) ENGINE=InnoDB DEFAULT CHARSET=utf8mb4 COLLATE=utf8mb4_general_ci;

--
-- Dumping data for table `client_payments`
--

INSERT INTO `client_payments` (`id`, `client_id`, `payment_type`, `amount`, `payment_date`, `payment_method`, `transaction_reference`, `remarks`, `created_at`, `updated_at`) VALUES
(1, 19, 'advance', 25000.00, '2025-10-30', 'Cash', '', 'this is the remarks', '2025-10-30 11:10:06', '2025-10-30 11:18:50');

-- --------------------------------------------------------

--
-- Table structure for table `client_payment_schedule`
--

CREATE TABLE `client_payment_schedule` (
  `id` int(11) UNSIGNED NOT NULL,
  `client_id` int(11) UNSIGNED NOT NULL,
  `expected_amount` decimal(10,2) NOT NULL,
  `expected_date` date NOT NULL,
  `status` enum('pending','paid','overdue','cancelled') NOT NULL DEFAULT 'pending',
  `remarks` text DEFAULT NULL,
  `payment_id` int(11) UNSIGNED DEFAULT NULL COMMENT 'Links to actual payment when paid',
  `created_at` datetime DEFAULT current_timestamp(),
  `updated_at` datetime DEFAULT current_timestamp() ON UPDATE current_timestamp()
) ENGINE=InnoDB DEFAULT CHARSET=utf8mb4 COLLATE=utf8mb4_general_ci;

--
-- Dumping data for table `client_payment_schedule`
--

INSERT INTO `client_payment_schedule` (`id`, `client_id`, `expected_amount`, `expected_date`, `status`, `remarks`, `payment_id`, `created_at`, `updated_at`) VALUES
(1, 19, 35000.00, '2025-11-28', 'pending', 'new payment updae', NULL, '2025-10-30 11:11:00', '2025-10-30 11:19:17');

-- --------------------------------------------------------

--
-- Table structure for table `client_project_summary`
--

CREATE TABLE `client_project_summary` (
  `id` int(11) UNSIGNED NOT NULL,
  `client_id` int(11) UNSIGNED NOT NULL,
  `total_project_value` decimal(10,2) NOT NULL DEFAULT 0.00,
  `total_paid` decimal(10,2) NOT NULL DEFAULT 0.00,
  `total_due` decimal(10,2) NOT NULL DEFAULT 0.00,
  `created_at` datetime DEFAULT current_timestamp(),
  `updated_at` datetime DEFAULT current_timestamp() ON UPDATE current_timestamp()
) ENGINE=InnoDB DEFAULT CHARSET=utf8mb4 COLLATE=utf8mb4_general_ci;

--
-- Dumping data for table `client_project_summary`
--

INSERT INTO `client_project_summary` (`id`, `client_id`, `total_project_value`, `total_paid`, `total_due`, `created_at`, `updated_at`) VALUES
(2, 19, 100000.00, 25000.00, 75000.00, '2025-10-30 11:06:40', '2025-10-30 11:18:50'),
(3, 20, 0.00, 0.00, 0.00, '2025-10-30 11:15:23', '2025-10-30 11:15:23'),
(5, 15, 0.00, 0.00, 0.00, '2025-10-30 13:16:59', '2025-10-30 13:16:59');

-- --------------------------------------------------------

--
-- Table structure for table `client_reports`
--

CREATE TABLE `client_reports` (
  `id` int(11) UNSIGNED NOT NULL,
  `client_id` int(11) UNSIGNED NOT NULL,
  `title` varchar(255) NOT NULL,
  `report_date` date NOT NULL,
  `file_uploads` longtext DEFAULT NULL COMMENT 'JSON array of uploaded files',
  `remarks` text DEFAULT NULL,
  `uploaded_by` bigint(20) UNSIGNED DEFAULT NULL COMMENT 'User ID who uploaded',
  `created_at` datetime DEFAULT current_timestamp(),
  `updated_at` datetime DEFAULT current_timestamp() ON UPDATE current_timestamp()
) ENGINE=InnoDB DEFAULT CHARSET=utf8mb4 COLLATE=utf8mb4_general_ci;

--
-- Dumping data for table `client_reports`
--

INSERT INTO `client_reports` (`id`, `client_id`, `title`, `report_date`, `file_uploads`, `remarks`, `uploaded_by`, `created_at`, `updated_at`) VALUES
(1, 19, 'Reports for the Social media  - JUNE 2025', '2025-10-21', '[\"1761811230_cdc0d2b488cfea4d211d.pdf\"]', 'this is the remarks', NULL, '2025-10-30 13:30:30', '2025-10-30 14:30:30');

-- --------------------------------------------------------

--
-- Table structure for table `client_weekly_schedules`
--

CREATE TABLE `client_weekly_schedules` (
  `id` int(11) UNSIGNED NOT NULL,
  `client_id` int(11) UNSIGNED NOT NULL,
  `week_start_date` date NOT NULL COMMENT 'Monday of the week',
  `week_end_date` date NOT NULL COMMENT 'Sunday of the week',
  `department_columns` text DEFAULT NULL COMMENT 'JSON array of department names',
  `schedule_data` longtext DEFAULT NULL COMMENT 'JSON: {day: {dept: task}}',
  `status` enum('draft','published','archived') NOT NULL DEFAULT 'draft',
  `remarks` text DEFAULT NULL,
  `created_by` bigint(20) UNSIGNED DEFAULT NULL,
  `created_at` datetime DEFAULT current_timestamp(),
  `updated_at` datetime DEFAULT current_timestamp() ON UPDATE current_timestamp()
) ENGINE=InnoDB DEFAULT CHARSET=utf8mb4 COLLATE=utf8mb4_general_ci;

--
-- Dumping data for table `client_weekly_schedules`
--

INSERT INTO `client_weekly_schedules` (`id`, `client_id`, `week_start_date`, `week_end_date`, `department_columns`, `schedule_data`, `status`, `remarks`, `created_by`, `created_at`, `updated_at`) VALUES
(1, 19, '2025-10-27', '2025-11-02', '[\"posters\",\"reels\",\"podcasts\",\"SEO\",\"google ads\",\"instagram\",\"Youtbe\"]', '{\"Monday\":{\"posters\":\"2\",\"reels\":\"1\",\"podcasts\":\"1\",\"SEO\":\"done\",\"google ads\":\"1\",\"instagram\":\"2\",\"Youtbe\":\"1\"},\"Tuesday\":{\"posters\":\"1\",\"reels\":\"nothing \",\"podcasts\":\"one\",\"SEO\":\"11\",\"google ads\":\"1\",\"instagram\":\"1\",\"Youtbe\":\"1\"},\"Wednesday\":{\"posters\":\"nothing \",\"reels\":\"went\",\"podcasts\":\"gone\",\"SEO\":\"1\",\"google ads\":\"1\",\"instagram\":\"1\",\"Youtbe\":\"1\"},\"Thursday\":{\"posters\":\"nothing \",\"reels\":\"nothing \",\"podcasts\":\"went\",\"SEO\":\"1\",\"google ads\":\"1\",\"instagram\":\"1\",\"Youtbe\":\"1\"},\"Friday\":{\"posters\":\"nothing \",\"reels\":\"done\",\"podcasts\":\"ram\",\"SEO\":\"ratnam\",\"google ads\":\"1\",\"instagram\":\"1\",\"Youtbe\":\"1\"},\"Saturday\":{\"posters\":\"nothing \",\"reels\":\"nothing \",\"podcasts\":\"raheem\",\"SEO\":\"rakesh\",\"google ads\":\"1\",\"instagram\":\"1\",\"Youtbe\":\"1\"},\"Sunday\":{\"posters\":\"nothing \",\"reels\":\"nothing \",\"podcasts\":\"raja\",\"SEO\":\"ramesh\",\"google ads\":\"1\",\"instagram\":\"1\",\"Youtbe\":\"1\"}}', 'published', 'this is remarks for srinivasa dental', NULL, '2025-10-30 14:52:05', '2025-10-30 14:54:36'),
(2, 19, '2025-10-20', '2025-10-26', '[\"Website Development\",\"Design\",\"Social Media\",\"SEO\",\"Marketing\",\"Content Writing\",\"Support\"]', '{\"Monday\":{\"Website Development\":\"r\",\"Design\":\"r\",\"Social Media\":\"5e665eyh\",\"SEO\":\"65hy56\",\"Marketing\":\"ye6y6\",\"Content Writing\":\"ye\",\"Support\":\"65y6y\"},\"Tuesday\":{\"Website Development\":\"r\",\"Design\":\"g\",\"Social Media\":\"hu5e6hu\",\"SEO\":\"hye56hy\",\"Marketing\":\"6\",\"Content Writing\":\"y6\",\"Support\":\"y\"},\"Wednesday\":{\"Website Development\":\"r\",\"Design\":\"gtr\",\"Social Media\":\"5\",\"SEO\":\"56yhe65\",\"Marketing\":\"e6y\",\"Content Writing\":\"5y56\",\"Support\":\"y56\"},\"Thursday\":{\"Website Development\":\"w\",\"Design\":\"w4h\",\"Social Media\":\"he6\",\"SEO\":\"yh6y\",\"Marketing\":\"y6y\",\"Content Writing\":\"yy6\",\"Support\":\"56\"},\"Friday\":{\"Website Development\":\"wy5\",\"Design\":\"4he\",\"Social Media\":\"he465\",\"SEO\":\"ye6\",\"Marketing\":\"y6\",\"Content Writing\":\"wyt\",\"Support\":\"y65y\"},\"Saturday\":{\"Website Development\":\"6heb6\",\"Design\":\"w6yh64\",\"Social Media\":\"5y\",\"SEO\":\"e6y6\",\"Marketing\":\"y4w5y\",\"Content Writing\":\"65y\",\"Support\":\"5y56\"},\"Sunday\":{\"Website Development\":\"w45y\",\"Design\":\"w5y\",\"Social Media\":\"w5y\",\"SEO\":\"w5y\",\"Marketing\":\"w45y\",\"Content Writing\":\"4w5y\",\"Support\":\"w4y\"}}', 'published', 'rvrwve', NULL, '2025-10-30 14:54:13', '2025-10-30 14:54:13');

-- --------------------------------------------------------

--
-- Table structure for table `departments`
--

CREATE TABLE `departments` (
  `id` int(11) UNSIGNED NOT NULL,
  `name` varchar(255) NOT NULL,
  `description` text DEFAULT NULL,
  `created_at` datetime DEFAULT NULL,
  `updated_at` datetime DEFAULT NULL
) ENGINE=InnoDB DEFAULT CHARSET=utf8mb4 COLLATE=utf8mb4_general_ci;

--
-- Dumping data for table `departments`
--

INSERT INTO `departments` (`id`, `name`, `description`, `created_at`, `updated_at`) VALUES
(3, 'Social Media', 'Posting in social media', '2025-10-22 16:14:12', '2025-10-22 17:41:42'),
(4, 'Website Development', 'websites', '2025-10-22 16:17:35', '2025-10-22 17:41:59'),
(5, 'SEO', 'Search Engin ', '2025-10-22 16:17:43', '2025-10-22 17:42:14'),
(6, 'Telecaller', ' Maintains the tele communication', '2025-10-22 16:19:24', '2025-10-25 17:22:12'),
(7, 'Marketing ', ' Marketing persons', '2025-10-22 16:26:44', '2025-10-25 17:22:29'),
(14, 'Designing', 'Video or Graphic Desiner\r\n', '2025-10-25 17:06:08', '2025-10-25 17:06:08');

-- --------------------------------------------------------

--
-- Table structure for table `employees`
--

CREATE TABLE `employees` (
  `id` int(11) UNSIGNED NOT NULL,
  `employee_code` varchar(50) DEFAULT NULL,
  `user_id` bigint(20) UNSIGNED NOT NULL,
  `department_id` int(11) UNSIGNED NOT NULL,
  `role_id` int(11) UNSIGNED NOT NULL,
  `first_name` varchar(100) NOT NULL,
  `last_name` varchar(100) NOT NULL,
  `email` varchar(255) NOT NULL,
  `phone` varchar(20) DEFAULT NULL,
  `parent_name` varchar(100) DEFAULT NULL,
  `parent_phone` varchar(20) DEFAULT NULL,
  `date_of_joining` date DEFAULT NULL,
  `status` enum('active','inactive') NOT NULL DEFAULT 'active',
  `file_uploads` longtext CHARACTER SET utf8mb4 COLLATE utf8mb4_bin DEFAULT NULL COMMENT 'Stores array of uploaded file names' CHECK (json_valid(`file_uploads`)),
  `remarks` text DEFAULT NULL,
  `created_at` datetime DEFAULT NULL,
  `updated_at` datetime DEFAULT NULL
) ENGINE=InnoDB DEFAULT CHARSET=utf8mb4 COLLATE=utf8mb4_general_ci;

--
-- Dumping data for table `employees`
--

INSERT INTO `employees` (`id`, `employee_code`, `user_id`, `department_id`, `role_id`, `first_name`, `last_name`, `email`, `phone`, `parent_name`, `parent_phone`, `date_of_joining`, `status`, `file_uploads`, `remarks`, `created_at`, `updated_at`) VALUES
(10, NULL, 0, 5, 0, 'raja', 'appa', 'rajappa@gmail.com', '1231231231', NULL, NULL, NULL, 'active', NULL, NULL, '2025-10-24 11:01:22', '2025-10-24 11:01:22'),
(11, NULL, 0, 7, 0, 'eeeeee', 'rrrrrr', 'ramarrrrrao@gmail.com', '7412589630', NULL, NULL, NULL, 'active', NULL, NULL, '2025-10-24 11:49:29', '2025-10-24 11:49:29'),
(13, NULL, 20, 6, 2, 'Rama Raover', 'area', 'ramrevgagergaerarao@gmail.com', '9876543210', NULL, NULL, NULL, 'active', NULL, NULL, '2025-10-24 11:53:00', '2025-10-24 11:53:00'),
(14, NULL, 21, 5, 2, 'Praveen Kumar', 'rao', 'vkconstrunregrtions@gmail.com', '7894561333', NULL, NULL, NULL, 'active', NULL, NULL, '2025-10-24 11:53:56', '2025-10-24 11:53:56'),
(15, NULL, 22, 6, 2, 'rvaergaerg', 'qrgvqrgq', 'ramararqevgeo@gmail.com', '9876543222', NULL, NULL, NULL, 'active', NULL, NULL, '2025-10-24 12:13:20', '2025-10-24 12:13:20'),
(18, NULL, 25, 7, 2, 'abbaer', 'aeraer', 'ramarregeao@gmail.com', '9876543200', NULL, NULL, NULL, 'active', NULL, NULL, '2025-10-24 12:24:47', '2025-10-24 12:24:47'),
(19, NULL, 26, 3, 2, 'Rama Rao', 'raosdvsdv', 'ramadveraoraj@gmail.com', '1876543211', NULL, NULL, NULL, 'active', NULL, NULL, '2025-10-24 12:25:31', '2025-10-24 13:17:49'),
(20, NULL, 27, 6, 2, 'hey e', 'ram', 'admewfin@example.com', '0011447789', NULL, NULL, NULL, 'active', NULL, NULL, '2025-10-24 13:30:06', '2025-10-24 13:30:33'),
(21, NULL, 38, 14, 2, 'Praveen Kumar', 'kankipati', 'pramarao@gmail.com', '1478520369', NULL, NULL, NULL, 'active', NULL, NULL, '2025-10-25 17:29:15', '2025-10-25 17:29:15'),
(22, NULL, 39, 14, 2, 'raja', 'raj', 'aeramarao@gmail.com', '1478520148', NULL, NULL, NULL, 'active', NULL, NULL, '2025-10-25 17:32:36', '2025-10-25 17:37:09'),
(23, 'EMP-WEB-202509', 45, 4, 2, 'ramesh', 'pilli', 'ramesh@gmail.com', '8886999109', 'Krishna', '9989796925', '2023-11-24', 'active', '[\"1761827689_1761827689_2702515860e72d49a336.pdf\",\"1761827689_1761827689_a43822f910682379401c.pdf\",\"1761827689_1761827689_740bd82ff19b03d8f578.jpg\"]', 'this isthe remakrs', '2025-10-27 10:24:02', '2025-10-31 13:32:25'),
(24, 'EMP-WEB-202501', 50, 4, 2, 'Rama Rao raja', 'kankipati', 'ramaraergwewfervo@gmail.com', '9876543317', 'Raja ram', '1236547891', '2025-10-06', 'active', '[\"1761807683_47fd1ec439183ab1ed9a.pdf\"]', 'this is the remarks', '2025-10-30 12:31:23', '2025-10-30 12:36:05'),
(25, 'EMP-WEB-202533', 51, 4, 2, 'mani', 'kankipati', 'manimalladi@gmail.com', '7410258977', 'Raja ram', '1236547478', '2024-10-28', 'active', '[\"1761808100_c21a1c2f0e6870168ebb.pdf\",\"1761808100_ea6237d5705f7fe82c4b.jpg\"]', 'svawrgareg', '2025-10-30 12:38:20', '2025-10-30 12:38:47'),
(26, 'EMP-WEB-202504', 52, 5, 2, 'Praveen Kumar', 'penkey', 'praveenlancewcswdka@gmail.com', '1112225554', 'Raja ram', '4441112225', '2024-09-30', 'active', '[\"1761809530_4726ef86649466533d2f.pdf\",\"1761809530_118bf2967e87521ed010.jpg\"]', 'dsgwgra', '2025-10-30 13:02:10', '2025-10-30 13:02:10');

-- --------------------------------------------------------

--
-- Stand-in structure for view `employee_current_salary`
-- (See below for the actual view)
--
CREATE TABLE `employee_current_salary` (
`employee_id` int(11) unsigned
,`employee_code` varchar(50)
,`first_name` varchar(100)
,`last_name` varchar(100)
,`email` varchar(255)
,`current_salary` decimal(10,2)
,`salary_effective_date` date
,`salary_history_id` int(11) unsigned
);

-- --------------------------------------------------------

--
-- Table structure for table `employee_payslips`
--

CREATE TABLE `employee_payslips` (
  `id` int(11) UNSIGNED NOT NULL,
  `employee_id` int(11) UNSIGNED NOT NULL,
  `month` varchar(7) NOT NULL COMMENT 'Format: YYYY-MM',
  `payslip_file` varchar(255) NOT NULL COMMENT 'File name',
  `remarks` text DEFAULT NULL,
  `uploaded_by` bigint(20) UNSIGNED DEFAULT NULL,
  `created_at` datetime DEFAULT current_timestamp(),
  `updated_at` datetime DEFAULT current_timestamp() ON UPDATE current_timestamp()
) ENGINE=InnoDB DEFAULT CHARSET=utf8mb4 COLLATE=utf8mb4_general_ci;

--
-- Dumping data for table `employee_payslips`
--

INSERT INTO `employee_payslips` (`id`, `employee_id`, `month`, `payslip_file`, `remarks`, `uploaded_by`, `created_at`, `updated_at`) VALUES
(1, 23, '2025-01', 'payslip_23_202501_1761820904.pdf', 'this is the remarks of he payslips', NULL, '2025-10-30 16:11:44', '2025-10-30 16:11:44'),
(2, 25, '2025-02', 'payslip_25_202502_1761820921.pdf', 'this is the remarks', NULL, '2025-10-30 16:12:01', '2025-10-30 16:12:01'),
(3, 23, '2025-02', 'payslip_23_202502_1761820942.pdf', NULL, NULL, '2025-10-30 16:12:23', '2025-10-30 16:12:23');

-- --------------------------------------------------------

--
-- Table structure for table `employee_salary_history`
--

CREATE TABLE `employee_salary_history` (
  `id` int(11) UNSIGNED NOT NULL,
  `employee_id` int(11) UNSIGNED NOT NULL,
  `salary_amount` decimal(10,2) NOT NULL,
  `effective_date` date NOT NULL COMMENT 'Date when this salary became effective',
  `increment_type` enum('initial','increment','promotion','annual_review','adjustment') NOT NULL DEFAULT 'increment',
  `increment_percentage` decimal(5,2) DEFAULT NULL COMMENT 'Percentage increase from previous salary',
  `previous_salary` decimal(10,2) DEFAULT NULL COMMENT 'Salary before this change',
  `reason` text DEFAULT NULL COMMENT 'Reason for salary change/increment',
  `approved_by` int(11) UNSIGNED DEFAULT NULL COMMENT 'User ID of admin who approved',
  `remarks` text DEFAULT NULL,
  `created_at` datetime DEFAULT current_timestamp(),
  `updated_at` datetime DEFAULT current_timestamp() ON UPDATE current_timestamp()
) ENGINE=InnoDB DEFAULT CHARSET=utf8mb4 COLLATE=utf8mb4_general_ci;

--
-- Dumping data for table `employee_salary_history`
--

INSERT INTO `employee_salary_history` (`id`, `employee_id`, `salary_amount`, `effective_date`, `increment_type`, `increment_percentage`, `previous_salary`, `reason`, `approved_by`, `remarks`, `created_at`, `updated_at`) VALUES
(2, 24, 15000.00, '2025-10-30', 'initial', NULL, NULL, 'Initial joining salary', NULL, NULL, '2025-10-30 12:31:23', '2025-10-30 12:31:23'),
(3, 24, 20000.00, '2025-10-31', 'increment', 0.00, 20000.00, 'normal increment\r\n', NULL, NULL, '2025-10-30 12:35:51', '2025-10-30 13:00:47'),
(4, 25, 10000.00, '2024-10-29', 'initial', NULL, NULL, 'Initial joining salary', NULL, NULL, '2025-10-30 12:38:20', '2025-10-30 12:38:20'),
(5, 25, 15000.00, '2025-10-30', 'increment', 50.00, 10000.00, 'normal', NULL, NULL, '2025-10-30 12:39:08', '2025-10-30 12:39:08'),
(6, 25, 22000.00, '2025-10-29', 'increment', 46.67, 15000.00, 'fbefbe', NULL, NULL, '2025-10-30 12:39:36', '2025-10-30 12:39:36'),
(7, 26, 10000.00, '2024-09-30', 'initial', NULL, NULL, 'Initial joining salary', NULL, NULL, '2025-10-30 13:02:10', '2025-10-30 13:02:10'),
(8, 26, 12000.00, '2025-10-01', 'promotion', 20.00, 10000.00, 'long time', NULL, NULL, '2025-10-30 13:02:41', '2025-10-30 13:02:41'),
(9, 26, 15000.00, '2025-10-29', 'promotion', 25.00, 12000.00, 'this is hte ', NULL, NULL, '2025-10-30 13:03:05', '2025-10-30 13:03:16'),
(10, 23, 15000.00, '2025-10-30', 'increment', 0.00, NULL, NULL, NULL, NULL, '2025-10-30 18:10:32', '2025-10-30 18:10:32'),
(11, 23, 20000.00, '2025-10-30', 'promotion', 33.33, 15000.00, 'this is the promition', NULL, NULL, '2025-10-31 09:17:04', '2025-10-31 09:17:04');

-- --------------------------------------------------------

--
-- Table structure for table `employee_tasks`
--

CREATE TABLE `employee_tasks` (
  `id` int(11) UNSIGNED NOT NULL,
  `employee_id` int(11) UNSIGNED NOT NULL,
  `assigned_by` bigint(20) UNSIGNED DEFAULT NULL COMMENT 'User ID who assigned the task',
  `client_id` int(11) UNSIGNED DEFAULT NULL,
  `title` varchar(255) NOT NULL,
  `description` text NOT NULL,
  `admin_remarks` text DEFAULT NULL COMMENT 'Admin notes/instructions',
  `admin_files` text DEFAULT NULL COMMENT 'Admin uploaded reference files',
  `due_date` date DEFAULT NULL COMMENT 'Task deadline',
  `status` enum('Pending','In Progress','Completed','Review') NOT NULL DEFAULT 'Pending',
  `priority` enum('Low','Medium','High','Urgent') DEFAULT 'Medium',
  `submitted_at` datetime NOT NULL,
  `employee_files` text DEFAULT NULL COMMENT 'Employee uploaded work files',
  `employee_remarks` text DEFAULT NULL COMMENT 'Employee notes/updates',
  `created_at` datetime DEFAULT current_timestamp(),
  `updated_at` datetime DEFAULT current_timestamp() ON UPDATE current_timestamp()
) ENGINE=InnoDB DEFAULT CHARSET=utf8 COLLATE=utf8_general_ci;

--
-- Dumping data for table `employee_tasks`
--

INSERT INTO `employee_tasks` (`id`, `employee_id`, `assigned_by`, `client_id`, `title`, `description`, `admin_remarks`, `admin_files`, `due_date`, `status`, `priority`, `submitted_at`, `employee_files`, `employee_remarks`, `created_at`, `updated_at`) VALUES
(6, 15, NULL, 19, 'home page', 'home page content changes', NULL, NULL, NULL, 'Completed', 'Medium', '2025-10-25 18:19:27', '[\"1761396567_d4457bdfbe699262f1e1.jpg\"]', NULL, '2025-10-30 15:35:01', '2025-10-25 18:19:27'),
(7, 23, NULL, 19, 'this is the sample works', 'this is the descriptons', NULL, NULL, NULL, 'Completed', 'Medium', '2025-10-27 12:49:16', '[\"1761549556_a186f30620f88fb80d1e.png\"]', NULL, '2025-10-30 15:35:01', '2025-10-27 12:49:16'),
(8, 23, NULL, 19, 'web home page', 'need to complete this by this week', 'this website should be premium', NULL, '2025-11-04', 'Completed', 'High', '2025-10-31 10:36:28', '[\"employee_1761887188_1761887188_db365e00a565a98329b7.jpg\"]', NULL, '2025-10-30 15:50:46', '2025-10-31 10:36:28'),
(9, 23, NULL, 20, 'dvvarevre erbs', 'aerbaer srbseba', 'areberbb er', NULL, '2025-11-08', 'Completed', 'High', '0000-00-00 00:00:00', '[\"employee_1761825393_1761825393_6bbb731389b434af9c59.jpg\"]', 'ths is hte work', '2025-10-30 16:35:19', '2025-10-30 17:26:43'),
(10, 23, NULL, 20, 'this is the title', 'this is the description', 'this is the instructions', '[\"admin_1761823627_1761823628_77570822c14cd329e9c1.pdf\"]', '2025-11-08', 'Completed', 'Medium', '2025-10-30 17:33:14', '[\"employee_1761825201_1761825201_734516feaf1f97d7f153.jpg\"]', 'the work is completed yes', '2025-10-30 16:57:07', '2025-10-30 17:33:14');

-- --------------------------------------------------------

--
-- Table structure for table `maintenance`
--

CREATE TABLE `maintenance` (
  `id` int(10) UNSIGNED NOT NULL,
  `client_id` int(10) UNSIGNED NOT NULL,
  `title` varchar(255) NOT NULL,
  `description` text DEFAULT NULL,
  `file_uploads` text DEFAULT NULL,
  `remarks` text DEFAULT NULL,
  `created_at` datetime DEFAULT current_timestamp(),
  `updated_at` datetime DEFAULT current_timestamp() ON UPDATE current_timestamp()
) ENGINE=InnoDB DEFAULT CHARSET=utf8mb4 COLLATE=utf8mb4_general_ci;

--
-- Dumping data for table `maintenance`
--

INSERT INTO `maintenance` (`id`, `client_id`, `title`, `description`, `file_uploads`, `remarks`, `created_at`, `updated_at`) VALUES
(1, 19, 'project details', 'this is the discription', NULL, '', '2025-10-27 13:53:48', '2025-10-31 10:27:52'),
(5, 19, 'this is for sample ', 'this is the project discvaerver', '[\"1761798000_7bca980df7ee3a73f6e8.pdf\",\"1761798812_58515fdd80b9386669ab.jpg\"]', 'this is the remarks ', '2025-10-30 09:50:00', '2025-10-30 10:04:41');

-- --------------------------------------------------------

--
-- Table structure for table `migrations`
--

CREATE TABLE `migrations` (
  `id` bigint(20) UNSIGNED NOT NULL,
  `version` varchar(255) NOT NULL,
  `class` varchar(255) NOT NULL,
  `group` varchar(255) NOT NULL,
  `namespace` varchar(255) NOT NULL,
  `time` int(11) NOT NULL,
  `batch` int(11) UNSIGNED NOT NULL
) ENGINE=InnoDB DEFAULT CHARSET=utf8mb4 COLLATE=utf8mb4_general_ci;

-- --------------------------------------------------------

--
-- Table structure for table `roles`
--

CREATE TABLE `roles` (
  `id` int(11) UNSIGNED NOT NULL,
  `name` varchar(50) NOT NULL,
  `description` varchar(255) DEFAULT NULL,
  `created_at` datetime NOT NULL,
  `updated_at` datetime NOT NULL,
  `deleted_at` datetime DEFAULT NULL
) ENGINE=InnoDB DEFAULT CHARSET=utf8 COLLATE=utf8_general_ci;

--
-- Dumping data for table `roles`
--

INSERT INTO `roles` (`id`, `name`, `description`, `created_at`, `updated_at`, `deleted_at`) VALUES
(1, 'Admin', 'Has full system access and client management rights.', '2025-10-23 16:24:02', '2025-10-23 16:24:02', NULL),
(2, 'Employee', 'Can only manage and submit their assigned work/tasks.', '2025-10-23 16:24:02', '2025-10-23 16:24:02', NULL),
(3, 'Clients', 'This is the clients role', '2025-10-23 17:58:06', '2025-10-23 17:58:15', NULL),
(4, 'Client Manager', 'Manages clients and related work', '2025-10-25 14:33:19', '2025-10-25 14:33:19', NULL),
(5, 'Admin Manager', 'Manages employees and administrative tasks', '2025-10-25 14:33:19', '2025-10-25 14:33:19', NULL);

-- --------------------------------------------------------

--
-- Table structure for table `users`
--

CREATE TABLE `users` (
  `id` bigint(20) UNSIGNED NOT NULL,
  `role_id` int(11) UNSIGNED NOT NULL,
  `first_name` varchar(100) NOT NULL,
  `last_name` varchar(100) NOT NULL,
  `email` varchar(255) NOT NULL,
  `username` varchar(100) NOT NULL,
  `password` varchar(255) NOT NULL,
  `phone` varchar(20) DEFAULT NULL,
  `department_id` int(11) UNSIGNED DEFAULT NULL,
  `company_name` varchar(255) DEFAULT NULL,
  `client_id` bigint(20) UNSIGNED DEFAULT NULL,
  `employee_id` bigint(20) UNSIGNED DEFAULT NULL,
  `created_at` datetime DEFAULT NULL,
  `updated_at` datetime DEFAULT NULL
) ENGINE=InnoDB DEFAULT CHARSET=utf8mb4 COLLATE=utf8mb4_unicode_ci;

--
-- Dumping data for table `users`
--

INSERT INTO `users` (`id`, `role_id`, `first_name`, `last_name`, `email`, `username`, `password`, `phone`, `department_id`, `company_name`, `client_id`, `employee_id`, `created_at`, `updated_at`) VALUES
(1, 1, 'bhavi pvt', 'creations', ' ', 'bhavi@gmail.com', '$2y$10$djicCU003aEGd0bRPVKEgOJBmDDpV5MpdYAsWE24lMTix0ZR2iSou', '7897897897', NULL, NULL, NULL, NULL, '2025-10-24 10:51:10', '2025-10-27 14:27:40'),
(6, 2, 'sairaj', 'raj', 'sai@gmail.com', 'sai@gmail.com', '$2y$10$khoFiieqyKqrEvEaOUQDJeA4vG.AQ2L7sk3vppdhkpWlsufej71N6', '9879879879', 6, NULL, NULL, 9, '2025-10-24 10:55:18', '2025-10-24 10:55:18'),
(7, 2, 'raja', 'appa', 'rajappa@gmail.com', 'rajappa@gmail.com', '$2y$10$n5ZQRXqorKFBN3bGr5/hV.HSKxDy6QvoXkO2bReoDV3ETbrThzvyq', '1231231231', 5, NULL, NULL, 10, '2025-10-24 11:01:22', '2025-10-24 11:01:22'),
(8, 3, 'raja', 'ram', 'rajaram@gmail.com', 'rajaram@gmail.com', '$2y$10$6rk8F9WtBW7vdOkQJCK03elFI6gYvPkt/e4i1bLgsUsn5tClkMSZO', '4564564564', NULL, NULL, NULL, NULL, '2025-10-24 11:22:44', '2025-10-24 11:22:44'),
(9, 3, 'Rajus', 'Abhiram', 'ramaravo@gmail.com', 'ramaravo@gmail.com', '$2y$10$ngilMb9GCxYCDp6ScJKigOVf4vsVtTTJtDCt2Ad750tV4SMTdz0hu', '1478523690', NULL, 'Vk Constructions', NULL, NULL, '2025-10-24 11:31:14', '2025-10-24 11:31:14'),
(13, 3, 'Raju', 'kala', 'ramaraveo@gmail.com', 'ramaraveo@gmail.com', '$2y$10$5EY7gxzqGY6aDdKXAAO/yeDfnVLeq7cPzJc2EJNOh80.bA6R1i1RO', '1234560123', NULL, NULL, NULL, NULL, '2025-10-24 11:38:51', '2025-10-24 11:38:51'),
(18, 2, 'eeeeee', 'rrrrrr', 'ramarrrrrao@gmail.com', 'ramarrrrrao@gmail.com', '$2y$10$/wO42UvH/5uog/8AISUXp.ojLEoc0lj2k/t9EFQ9FJfI0Ktxick2.', '7412589630', 7, NULL, NULL, 11, '2025-10-24 11:49:29', '2025-10-24 11:49:29'),
(19, 2, 'b sertset', 'serthsrt', 'ramarahtro@gmail.com', 'ramarahtro@gmail.com', '$2y$10$0pDugRpubV/lw3fxKiNf0uQYbnpRAT/tXRWx1tPcB6ruN8BIYPbRK', '7894561230', 6, NULL, NULL, 12, '2025-10-24 11:51:06', '2025-10-24 11:51:06'),
(21, 2, 'Praveen Kumar', 'rao', 'vkconstrunregrtions@gmail.com', 'vkconstrunregrtions@gmail.com', '$2y$10$WXWXjXlnj1LJz0xG5BPCGOnwSbr45YMayvRBdaBsyOmYeL6vdoYg.', '7894561333', 5, NULL, NULL, 14, '2025-10-24 11:53:56', '2025-10-24 11:53:56'),
(22, 2, 'rvaergaerg', 'qrgvqrgq', 'ramararqevgeo@gmail.com', 'ramararqevgeo@gmail.com', '$2y$10$gK4AyaZ/0N4NsVJwRi/dXuBTvP4eiptQj/dDnKThblxwmn19cvVTW', '9876543222', 6, NULL, NULL, 15, '2025-10-24 12:13:20', '2025-10-24 12:13:20'),
(25, 2, 'abbaer', 'aeraer', 'ramarregeao@gmail.com', 'ramarregeao@gmail.com', '$2y$10$Ei8ZmVwC7XgxZcPxG81kuerdeCV2CgofGfNxaGqs7.wWoYdqqPYn6', '9876543200', 7, NULL, NULL, 18, '2025-10-24 12:24:47', '2025-10-24 12:24:47'),
(26, 2, 'Rama Rao', 'raosdvsdv', 'ramadveraoraj@gmail.com', 'ramadveraoraj@gmail.com', '$2y$10$mlo497iw5LwG./DFS3fSruJQF9dDOvKK9lOfz45KHBK1cdqygk2V.', '1876543211', 3, NULL, NULL, 19, '2025-10-24 12:25:31', '2025-10-24 13:17:49'),
(31, 3, 'Rajus', 'Abhiram', 'ramarwavo@gmail.com', 'ramarwavo@gmail.com', '$2y$10$/tJ8BQG4NqzMbHl/H3xKVelA/UiSJARno8s1vqeWB0siXD7l.pc1.', '9879879871', NULL, 'Vk Constructions', 15, NULL, '2025-10-24 14:58:59', '2025-10-24 14:58:59'),
(32, 3, 'rearega', 'araear', 'ramargrravo@gmail.com', 'ramargrravo@gmail.com', '$2y$10$rhpRh.//Fef3T/2V3Ol55.0xOgbTZDZWMt5qvWbSz6gyE3ldJl2mG', '9879879223', NULL, 'fbsrbse', 16, NULL, '2025-10-24 14:59:16', '2025-10-24 15:08:40'),
(33, 3, 'Raju', 'Abhiram', 'praveenewlanka@gmail.com', 'praveenewlanka@gmail.com', '$2y$10$h7oZ9k6UKhP.bRb.4zYQ7OAieIrhO1ZTOkkZLBExx2sZ9IXqGI9N.', '9879879556', NULL, 'Vk Constructions', 17, NULL, '2025-10-24 15:48:19', '2025-10-24 16:06:48'),
(34, 3, 'rerger', 'erqgqerg', 'ragnork@gmail.com', 'ragnork@gmail.com', '$2y$10$a7lvcW9VTtgW14Nc8A8lzuf90/xEdtPIGMQmms2xgTTT3nrewno1C', '9879879855', NULL, 'raja ram cottons', 18, NULL, '2025-10-24 15:48:34', '2025-10-25 18:03:19'),
(35, 4, 'Client', 'Manager', 'clientmanager@test.com', 'clientmanager@gmail.com', '$2y$10$wB0urqWnAKuDtOMcbV85OeC.1BY522gx84Pgm8SskeD2W4f8y.sKm', '9876543210', NULL, NULL, NULL, NULL, '2025-10-25 15:04:52', '2025-10-25 15:04:52'),
(36, 5, 'Admin', 'Manager', 'adminmanager@test.com', 'adminmanager', '$2y$10$wB0urqWnAKuDtOMcbV85OeC.1BY522gx84Pgm8SskeD2W4f8y.sKm', '9876543211', NULL, NULL, NULL, NULL, '2025-10-25 15:04:52', '2025-10-25 15:04:52'),
(38, 2, 'Praveen Kumar', 'kankipati', 'pramarao@gmail.com', 'pramarao@gmail.com', '$2y$10$SUHb7uRDPRa0rxfu3GQZmeUTnMxTQzrnxLJSSxaIE35QNacG616mm', '1478520369', 14, NULL, NULL, 21, '2025-10-25 17:29:15', '2025-10-25 17:29:15'),
(39, 2, 'raja', 'raj', 'aeramarao@gmail.com', 'aeramarao@gmail.com', '$2y$10$xwH5.0JpK4FpZBabJTIzg.D0/jzkAhuV2mMMy5w0h8lP7vWcax30S', '1478520148', 14, NULL, NULL, 22, '2025-10-25 17:32:36', '2025-10-25 17:37:09'),
(40, 3, 'Raju', 'kiran', 'srinivasa@gmail.com', 'srinivasa@gmail.com', '$2y$10$djicCU003aEGd0bRPVKEgOJBmDDpV5MpdYAsWE24lMTix0ZR2iSou', '9705605209', NULL, 'Srinivasa Dental', 19, NULL, '2025-10-25 17:40:23', '2025-10-31 11:40:22'),
(44, 4, 'Rama Rao', 'kankipati', 'ramaraewfaewo@gmail.com', 'ramaraewfaewo@gmail.com', '$2y$10$1k3PL.Z8Iv8VvECvnG8DLuTtEG0.LvbQWg5CRNEvACRwoGlg0uWQu', '0147852369', NULL, NULL, NULL, NULL, '2025-10-25 17:54:46', '2025-10-25 17:54:46'),
(45, 2, 'ramesh', 'pilli', 'ramesh@gmail.com', 'ramesh@gmail.com', '$2y$10$djicCU003aEGd0bRPVKEgOJBmDDpV5MpdYAsWE24lMTix0ZR2iSou', '8886999109', 4, NULL, NULL, 23, '2025-10-27 10:24:02', '2025-10-31 13:32:25'),
(46, 5, 'admin', 'manager', 'adminmanager@gmail.com', 'adminmanager@gmail.com', '$2y$10$djicCU003aEGd0bRPVKEgOJBmDDpV5MpdYAsWE24lMTix0ZR2iSou', '7894561230', NULL, NULL, NULL, NULL, '2025-10-27 11:11:52', '2025-10-27 11:11:52'),
(47, 4, 'raja', 'ram', 'clientsrinivasa@gmail.com', 'clientsrinivasa@gmail.com', '$2y$10$djicCU003aEGd0bRPVKEgOJBmDDpV5MpdYAsWE24lMTix0ZR2iSou', '1236547890', NULL, NULL, 19, NULL, '2025-10-27 13:05:22', '2025-10-27 13:05:22'),
(48, 4, 'Rama Rao', 'rao', 'ramaraaaao@gmail.com', 'ramaraaaao@gmail.com', '$2y$10$0PuwozcPeSpknl22AkDcU.FMtfiBVnklP.HzwwGj3xtjzqgsDVIte', '1122330055', NULL, NULL, 19, NULL, '2025-10-27 13:23:53', '2025-10-27 13:23:53'),
(49, 3, 'Anand', 'raja', 'vision@gmail.com', 'vision@gmail.com', '$2y$10$fuhQvsf0bHstlAZ/A/bHfu/QtWwGxrpy8KgC4.Z8PkYudzFt5jVu6', '1876543210', NULL, 'Vision Dental', 20, NULL, '2025-10-30 10:46:21', '2025-10-30 10:47:16'),
(50, 2, 'Rama Rao raja', 'kankipati', 'ramaraergwewfervo@gmail.com', 'ramaraergwewfervo@gmail.com', '$2y$10$ZRjfrCld3Gc6gRdJZa/no.k7WmlTwLtPe5PZAS8KXJcPedQV3T8kG', '9876543317', 4, NULL, NULL, 24, '2025-10-30 12:31:23', '2025-10-30 12:36:05'),
(51, 2, 'mani', 'kankipati', 'manimalladi@gmail.com', 'manimalladi@gmail.com', '$2y$10$jbbVgyfne2vj2o3cFThDnuvlExKl7I0l9eimmJgtZeufu6BM9710i', '7410258977', 4, NULL, NULL, 25, '2025-10-30 12:38:20', '2025-10-30 12:38:47'),
(52, 2, 'Praveen Kumar', 'penkey', 'praveenlancewcswdka@gmail.com', 'praveenlancewcswdka@gmail.com', '$2y$10$Lu9QvKGIqnzgEMbZawAdseFFLrBp3z4VfQ6DuciTrqNGdO.crlHeS', '1112225554', 5, NULL, NULL, 26, '2025-10-30 13:02:10', '2025-10-30 13:02:10'),
(61, 3, 'Pradeep ', 'Bhasker', 'askoncologists@gmail.com', 'askoncologists@gmail.com', '$2y$10$Y08Sarftcf9CuvM0MOnx..odLSxnXtBYkYDoJ1e2pvzJGJClk.OjK', '9988776655', NULL, 'Ask Oncologist', 25, NULL, '2025-10-31 15:23:37', '2025-10-31 15:50:27'),
(62, 4, 'vikas', '', 'manager.askoncologists@gmail.com', 'manager_askoncologists@gmail.com', '$2y$10$0Lq7o6dLks3U8qLEH7t5XOIeaMpFh3yn8830FzRCgi.m2K3JjJbDu', '4433221100', NULL, 'Ask Oncologist', 25, NULL, '2025-10-31 15:23:37', '2025-10-31 15:46:18');

-- --------------------------------------------------------

--
-- Structure for view `employee_current_salary`
--
DROP TABLE IF EXISTS `employee_current_salary`;

CREATE ALGORITHM=UNDEFINED VIEW `employee_current_salary`  AS SELECT `e`.`id` AS `employee_id`, `e`.`employee_code` AS `employee_code`, `e`.`first_name` AS `first_name`, `e`.`last_name` AS `last_name`, `e`.`email` AS `email`, `sh`.`salary_amount` AS `current_salary`, `sh`.`effective_date` AS `salary_effective_date`, `sh`.`id` AS `salary_history_id` FROM (`employees` `e` left join `employee_salary_history` `sh` on(`e`.`id` = `sh`.`employee_id` and `sh`.`id` = (select `employee_salary_history`.`id` from `employee_salary_history` where `employee_salary_history`.`employee_id` = `e`.`id` order by `employee_salary_history`.`effective_date` desc,`employee_salary_history`.`id` desc limit 1))) ;

--
-- Indexes for dumped tables
--

--
-- Indexes for table `ci_sessions`
--
ALTER TABLE `ci_sessions`
  ADD KEY `ci_sessions_timestamp` (`timestamp`);

--
-- Indexes for table `clients`
--
ALTER TABLE `clients`
  ADD PRIMARY KEY (`id`),
  ADD KEY `fk_client_user` (`user_id`),
  ADD KEY `idx_client_manager` (`client_manager_id`);

--
-- Indexes for table `client_assets`
--
ALTER TABLE `client_assets`
  ADD PRIMARY KEY (`id`),
  ADD KEY `client_id` (`client_id`),
  ADD KEY `uploaded_by` (`uploaded_by`);

--
-- Indexes for table `client_files`
--
ALTER TABLE `client_files`
  ADD PRIMARY KEY (`id`),
  ADD KEY `client_id` (`client_id`);

--
-- Indexes for table `client_payments`
--
ALTER TABLE `client_payments`
  ADD PRIMARY KEY (`id`),
  ADD KEY `client_id` (`client_id`);

--
-- Indexes for table `client_payment_schedule`
--
ALTER TABLE `client_payment_schedule`
  ADD PRIMARY KEY (`id`),
  ADD KEY `client_id` (`client_id`),
  ADD KEY `payment_id` (`payment_id`);

--
-- Indexes for table `client_project_summary`
--
ALTER TABLE `client_project_summary`
  ADD PRIMARY KEY (`id`),
  ADD UNIQUE KEY `client_id` (`client_id`);

--
-- Indexes for table `client_reports`
--
ALTER TABLE `client_reports`
  ADD PRIMARY KEY (`id`),
  ADD KEY `client_id` (`client_id`),
  ADD KEY `report_date` (`report_date`),
  ADD KEY `uploaded_by` (`uploaded_by`);

--
-- Indexes for table `client_weekly_schedules`
--
ALTER TABLE `client_weekly_schedules`
  ADD PRIMARY KEY (`id`),
  ADD KEY `client_id` (`client_id`),
  ADD KEY `week_start_date` (`week_start_date`),
  ADD KEY `created_by` (`created_by`);

--
-- Indexes for table `departments`
--
ALTER TABLE `departments`
  ADD PRIMARY KEY (`id`);

--
-- Indexes for table `employees`
--
ALTER TABLE `employees`
  ADD PRIMARY KEY (`id`),
  ADD UNIQUE KEY `email` (`email`),
  ADD UNIQUE KEY `employee_code` (`employee_code`),
  ADD KEY `department_id` (`department_id`),
  ADD KEY `fk_employees_role_id` (`role_id`);

--
-- Indexes for table `employee_payslips`
--
ALTER TABLE `employee_payslips`
  ADD PRIMARY KEY (`id`),
  ADD KEY `employee_id` (`employee_id`),
  ADD KEY `month` (`month`),
  ADD KEY `uploaded_by` (`uploaded_by`);

--
-- Indexes for table `employee_salary_history`
--
ALTER TABLE `employee_salary_history`
  ADD PRIMARY KEY (`id`),
  ADD KEY `employee_id` (`employee_id`),
  ADD KEY `effective_date` (`effective_date`);

--
-- Indexes for table `employee_tasks`
--
ALTER TABLE `employee_tasks`
  ADD PRIMARY KEY (`id`),
  ADD KEY `employee_id` (`employee_id`),
  ADD KEY `employee_tasks_assigned_by_fk` (`assigned_by`);

--
-- Indexes for table `maintenance`
--
ALTER TABLE `maintenance`
  ADD PRIMARY KEY (`id`),
  ADD KEY `client_id` (`client_id`);

--
-- Indexes for table `migrations`
--
ALTER TABLE `migrations`
  ADD PRIMARY KEY (`id`);

--
-- Indexes for table `roles`
--
ALTER TABLE `roles`
  ADD PRIMARY KEY (`id`),
  ADD UNIQUE KEY `name` (`name`);

--
-- Indexes for table `users`
--
ALTER TABLE `users`
  ADD PRIMARY KEY (`id`),
  ADD UNIQUE KEY `email` (`email`),
  ADD UNIQUE KEY `username` (`username`),
  ADD KEY `fk_user_role` (`role_id`);

--
-- AUTO_INCREMENT for dumped tables
--

--
-- AUTO_INCREMENT for table `clients`
--
ALTER TABLE `clients`
  MODIFY `id` int(11) UNSIGNED NOT NULL AUTO_INCREMENT, AUTO_INCREMENT=26;

--
-- AUTO_INCREMENT for table `client_assets`
--
ALTER TABLE `client_assets`
  MODIFY `id` int(11) UNSIGNED NOT NULL AUTO_INCREMENT, AUTO_INCREMENT=3;

--
-- AUTO_INCREMENT for table `client_files`
--
ALTER TABLE `client_files`
  MODIFY `id` int(11) UNSIGNED NOT NULL AUTO_INCREMENT, AUTO_INCREMENT=30;

--
-- AUTO_INCREMENT for table `client_payments`
--
ALTER TABLE `client_payments`
  MODIFY `id` int(11) UNSIGNED NOT NULL AUTO_INCREMENT, AUTO_INCREMENT=2;

--
-- AUTO_INCREMENT for table `client_payment_schedule`
--
ALTER TABLE `client_payment_schedule`
  MODIFY `id` int(11) UNSIGNED NOT NULL AUTO_INCREMENT, AUTO_INCREMENT=2;

--
-- AUTO_INCREMENT for table `client_project_summary`
--
ALTER TABLE `client_project_summary`
  MODIFY `id` int(11) UNSIGNED NOT NULL AUTO_INCREMENT, AUTO_INCREMENT=6;

--
-- AUTO_INCREMENT for table `client_reports`
--
ALTER TABLE `client_reports`
  MODIFY `id` int(11) UNSIGNED NOT NULL AUTO_INCREMENT, AUTO_INCREMENT=2;

--
-- AUTO_INCREMENT for table `client_weekly_schedules`
--
ALTER TABLE `client_weekly_schedules`
  MODIFY `id` int(11) UNSIGNED NOT NULL AUTO_INCREMENT, AUTO_INCREMENT=3;

--
-- AUTO_INCREMENT for table `departments`
--
ALTER TABLE `departments`
  MODIFY `id` int(11) UNSIGNED NOT NULL AUTO_INCREMENT, AUTO_INCREMENT=17;

--
-- AUTO_INCREMENT for table `employees`
--
ALTER TABLE `employees`
  MODIFY `id` int(11) UNSIGNED NOT NULL AUTO_INCREMENT, AUTO_INCREMENT=27;

--
-- AUTO_INCREMENT for table `employee_payslips`
--
ALTER TABLE `employee_payslips`
  MODIFY `id` int(11) UNSIGNED NOT NULL AUTO_INCREMENT, AUTO_INCREMENT=4;

--
-- AUTO_INCREMENT for table `employee_salary_history`
--
ALTER TABLE `employee_salary_history`
  MODIFY `id` int(11) UNSIGNED NOT NULL AUTO_INCREMENT, AUTO_INCREMENT=12;

--
-- AUTO_INCREMENT for table `employee_tasks`
--
ALTER TABLE `employee_tasks`
  MODIFY `id` int(11) UNSIGNED NOT NULL AUTO_INCREMENT, AUTO_INCREMENT=12;

--
-- AUTO_INCREMENT for table `maintenance`
--
ALTER TABLE `maintenance`
  MODIFY `id` int(10) UNSIGNED NOT NULL AUTO_INCREMENT, AUTO_INCREMENT=6;

--
-- AUTO_INCREMENT for table `migrations`
--
ALTER TABLE `migrations`
  MODIFY `id` bigint(20) UNSIGNED NOT NULL AUTO_INCREMENT;

--
-- AUTO_INCREMENT for table `roles`
--
ALTER TABLE `roles`
  MODIFY `id` int(11) UNSIGNED NOT NULL AUTO_INCREMENT, AUTO_INCREMENT=7;

--
-- AUTO_INCREMENT for table `users`
--
ALTER TABLE `users`
  MODIFY `id` bigint(20) UNSIGNED NOT NULL AUTO_INCREMENT, AUTO_INCREMENT=63;

--
-- Constraints for dumped tables
--

--
-- Constraints for table `clients`
--
ALTER TABLE `clients`
  ADD CONSTRAINT `fk_client_user` FOREIGN KEY (`user_id`) REFERENCES `users` (`id`) ON DELETE CASCADE ON UPDATE CASCADE;

--
-- Constraints for table `client_assets`
--
ALTER TABLE `client_assets`
  ADD CONSTRAINT `client_assets_ibfk_1` FOREIGN KEY (`client_id`) REFERENCES `clients` (`id`) ON DELETE CASCADE,
  ADD CONSTRAINT `client_assets_ibfk_2` FOREIGN KEY (`uploaded_by`) REFERENCES `users` (`id`) ON DELETE SET NULL;

--
-- Constraints for table `client_files`
--
ALTER TABLE `client_files`
  ADD CONSTRAINT `client_files_ibfk_1` FOREIGN KEY (`client_id`) REFERENCES `clients` (`id`) ON DELETE CASCADE;

--
-- Constraints for table `client_payments`
--
ALTER TABLE `client_payments`
  ADD CONSTRAINT `fk_payments_client` FOREIGN KEY (`client_id`) REFERENCES `clients` (`id`) ON DELETE CASCADE;

--
-- Constraints for table `client_payment_schedule`
--
ALTER TABLE `client_payment_schedule`
  ADD CONSTRAINT `fk_schedule_client` FOREIGN KEY (`client_id`) REFERENCES `clients` (`id`) ON DELETE CASCADE,
  ADD CONSTRAINT `fk_schedule_payment` FOREIGN KEY (`payment_id`) REFERENCES `client_payments` (`id`) ON DELETE SET NULL;

--
-- Constraints for table `client_project_summary`
--
ALTER TABLE `client_project_summary`
  ADD CONSTRAINT `fk_summary_client` FOREIGN KEY (`client_id`) REFERENCES `clients` (`id`) ON DELETE CASCADE;

--
-- Constraints for table `client_reports`
--
ALTER TABLE `client_reports`
  ADD CONSTRAINT `client_reports_client_fk` FOREIGN KEY (`client_id`) REFERENCES `clients` (`id`) ON DELETE CASCADE,
  ADD CONSTRAINT `client_reports_user_fk` FOREIGN KEY (`uploaded_by`) REFERENCES `users` (`id`) ON DELETE SET NULL;

--
-- Constraints for table `client_weekly_schedules`
--
ALTER TABLE `client_weekly_schedules`
  ADD CONSTRAINT `weekly_schedule_client_fk` FOREIGN KEY (`client_id`) REFERENCES `clients` (`id`) ON DELETE CASCADE,
  ADD CONSTRAINT `weekly_schedule_user_fk` FOREIGN KEY (`created_by`) REFERENCES `users` (`id`) ON DELETE SET NULL;

--
-- Constraints for table `employees`
--
ALTER TABLE `employees`
  ADD CONSTRAINT `employees_ibfk_2` FOREIGN KEY (`department_id`) REFERENCES `departments` (`id`);

--
-- Constraints for table `employee_payslips`
--
ALTER TABLE `employee_payslips`
  ADD CONSTRAINT `payslips_employee_fk` FOREIGN KEY (`employee_id`) REFERENCES `employees` (`id`) ON DELETE CASCADE,
  ADD CONSTRAINT `payslips_uploaded_by_fk` FOREIGN KEY (`uploaded_by`) REFERENCES `users` (`id`) ON DELETE SET NULL;

--
-- Constraints for table `employee_salary_history`
--
ALTER TABLE `employee_salary_history`
  ADD CONSTRAINT `fk_salary_employee` FOREIGN KEY (`employee_id`) REFERENCES `employees` (`id`) ON DELETE CASCADE;

--
-- Constraints for table `employee_tasks`
--
ALTER TABLE `employee_tasks`
  ADD CONSTRAINT `employee_tasks_assigned_by_fk` FOREIGN KEY (`assigned_by`) REFERENCES `users` (`id`) ON DELETE SET NULL;

--
-- Constraints for table `maintenance`
--
ALTER TABLE `maintenance`
  ADD CONSTRAINT `maintenance_ibfk_1` FOREIGN KEY (`client_id`) REFERENCES `clients` (`id`) ON DELETE CASCADE;

--
-- Constraints for table `users`
--
ALTER TABLE `users`
  ADD CONSTRAINT `fk_user_role` FOREIGN KEY (`role_id`) REFERENCES `roles` (`id`) ON UPDATE CASCADE;
COMMIT;

/*!40101 SET CHARACTER_SET_CLIENT=@OLD_CHARACTER_SET_CLIENT */;
/*!40101 SET CHARACTER_SET_RESULTS=@OLD_CHARACTER_SET_RESULTS */;
/*!40101 SET COLLATION_CONNECTION=@OLD_COLLATION_CONNECTION */;
